:020000040800F2
:1000000078380020AD020008ED540008B54800081B
:1000100055530008B30B0008B97100080000000038
:10002000000000000000000000000000ED010008DA
:10003000090D00080000000049020008FD5D0008ED
:10004000C7020008C7020008C7020008C70200086C
:10005000C7020008C7020008C7020008C70200085C
:10006000C7020008C7020008C7020008C70200084C
:10007000C7020008C7020008C7020008C70200083C
:10008000C7020008C7020008C7020008C70200082C
:10009000C7020008C7020008C7020008C70200081C
:1000A000C7020008915E0008C7020008C7020008E6
:1000B0009D5E0008C7020008C7020008C7020008CA
:1000C000C7020008C7020008C7020008C7020008EC
:1000D000C7020008C7020008C7020008C7020008DC
:1000E000C7020008C7020008C7020008C7020008CC
:1000F000C7020008C7020008C7020008C7020008BC
:10010000C7020008C7020008C7020008C7020008AB
:10011000C70200082D660008C7020008C7020008D1
:10012000C7020008C7020008C7020008C70200088B
:10013000C7020008C7020008C7020008C70200087B
:10014000C7020008C7020008C7020008C70200086B
:10015000C7020008C7020008C7020008C70200085B
:10016000C7020008C7020008C7020008C70200084B
:10017000C7020008C7020008C7020008C70200083B
:10018000C7020008C7020008C7020008C70200082B
:10019000C702000800000000C7020008C7020008EC
:1001A000C7020008C7020008C7020008C70200080B
:1001B000C7020008C7020008C7020008C7020008FB
:1001C000C7020008C7020008C7020008C7020008EB
:1001D000C7020008C7020008DFF80CD000F01CFAC4
:1001E00000480047FD720008783800202C4B196841
:1001F0000868B0E8F04F80F30988BFF36F8F4FF0C5
:10020000000080F311887047000000000848006873
:10021000006880F308884FF0000080F3148862B60D
:1002200061B6BFF34F8FBFF36F8F00DF00BF00BF1A
:1002300008ED00E0DFF80C00016841F47001016096
:10024000704700BF88ED00E0EFF30980BFF36F8FC8
:10025000134B1A681EF0100F08BF20ED108A20E91A
:10026000F04F106009B44FF0500080F31188BFF3D5
:100270004F8FBFF36F8F08F08BF84FF0000080F3C3
:10028000118809BC19680868B0E8F04F1EF0100F1B
:1002900008BFB0EC108A80F30988BFF36F8F7047F6
:1002A00068000020EFF30580704700000648804793
:1002B00006480047FEE7FEE7FEE7FEE7FEE7FEE74B
:1002C000FEE7FEE7FEE7FEE7815E0008D9010008D1
:1002D0002DE9F05F0546002092469B46884606467B
:1002E000814640241BE0284641464746224600F00E
:1002F000EEF853465A46C01A914110D3114618469B
:10030000224600F0D5F82D1A67EB01084F46224629
:100310000120002100F0CCF817EB00094E41201E0F
:10032000A4F10104DFDC484631462A464346BDE8D5
:10033000F09F40EA01039B0703D009E008C9121FA0
:1003400008C0042AFAD203E011F8013B00F8013B8F
:10035000521EF9D27047D2B201E000F8012B491EBB
:10036000FBD270470022F6E710B513460A46044652
:100370001946FFF7F0FF204610BD2DE9FE4F81EA38
:10038000030404F0004421F0004100944FF0000BFE
:1003900023F0004350EA01045ED052EA03045BD02C
:1003A000C3F30A54C1F30A552C44A4F2F334019464
:1003B000A0FB0254C1F3130141F48011C3F31303F2
:1003C00043F4801301FB024400FB034E840A970AA6
:1003D00044EA815447EA8357A4FB076802958D0AD3
:1003E00005FB07854FEA932C04FB0C542705029D5F
:1003F0004FEA065847EA1637B5EB08056EEB070CCF
:10040000870E920E47EA811742EA8312A7FB020188
:10041000B6EB0B0164EB00042B0D43EA0C335E18C2
:1004200044EB1C50DA465146E7FB0201C5F31304C6
:100430004FEA0B3343EA14534FEA0432019C43EA78
:100440000603A4F10C040294009CCDE900B400F072
:1004500094F803B0BDE8F08F00200146F9E70EB52F
:1004600040F2334102910021CDE900110A460B46CA
:1004700000F083F803B000BD01F0004330B421F078
:10048000004150EA010206D00A0DA2F56072C1F3E4
:100490001301002A02DC30BC00207047440F44EAFC
:1004A000C104C100E01830BC00EBC25000F01FB81E
:1004B000202A04DB203A00FA02F100207047914024
:1004C000C2F1200320FA03F3194390407047202A19
:1004D00004DB203A21FA02F00021704721FA02F3EE
:1004E000D040C2F1200291400843194670470029CC
:1004F000A8BF7047401C490008BF20F001007047AA
:1005000010B4B0FA80FC00FA0CF050EA010404BF09
:1005100010BC704749B1CCF1200421FA04F411FA5F
:100520000CF118BF012121430843A3EB0C01CB1DA3
:100530004FEA00614FEA102042BF002010BC704714
:1005400000EBC35010440029A4BF10BC7047401CEE
:10055000490008BF20F0010010BC704710B5141E00
:1005600073F1000408DA401C41F1000192185B416C
:100570001A4301D120F0010010BD2DE9F04D924643
:100580009B4611B1B1FA81F202E0B0FA80F220325A
:100590009046FFF78DFF04460F4640EA0A0041EA05
:1005A0000B0153465A46084313D0114653EA010043
:1005B00019D0C8F140025046FFF789FF05460E46A4
:1005C000504659464246FFF773FF084305D00120C5
:1005D00004E020463946BDE8F08D0020054346EA98
:1005E000E0762C4337430A986305E40AA0EB080041
:1005F0000022FD0A44EA47540A3002D50020014691
:10060000E9E7010510196941DDE90845001969416B
:10061000BDE8F04DA2E70000064C074D06E0E0689B
:1006200040F0010394E8070098471034AC42F6D339
:10063000FFF7D6FD549400087494000870B58C1828
:1006400010F8015B15F0070301D110F8013B2A11E6
:1006500006D110F8012B03E010F8016B01F8016BD3
:100660005B1EF9D12B0705D40023521E0DD401F8CF
:10067000013BFAE710F8013BCB1A921C03E013F898
:10068000015B01F8015B521EF9D5A142D8D30020CD
:1006900070BD0000F8B50446002000902068816815
:1006A00011F0010F4AD18168254A114237D1816882
:1006B000D5432940491C81602068B0F1A04F02D089
:1006C0002049884201D1204800E02048806800F09D
:1006D000E07000020DD51E481E490068B0FBF1F025
:1006E000401C00EB4000800000E0401E009000280D
:1006F000FBD101F017FD06461BE0816811F0010FE8
:1007000003D181682940491C816001F00BFD801BE9
:1007100002280ED920680068C043C00709D0E06DE8
:1007200040F01000E065206E40F0010020660120DE
:10073000F8BD20680168C943C907DED10020F8BDB3
:100740003F000080000100500003005000070050EF
:1007500064000020400D030010B514210F4800F084
:1007600013FC40F6E4414843000BCD210C4C4843B8
:10077000322120600B4800F007FC40F6E44148437A
:100780000949000B4000C968884201D2002003E0FB
:10079000401A00EB80004008606010BD0080F03E11
:1007A000980100202000F0140001002010B507F08F
:1007B000D3FB04480178491C0170BDE8104007F0E4
:1007C000EBBB0000FC00002000F0CCB9094810B5DC
:1007D000017839B10021017000F0E0F9BDE8104066
:1007E00000F0C5B90121017000F0D2F9BDE8104058
:1007F00000F0C3B92801002000F0C5B908B5BE4813
:100800000090002301224FF4FA71BCA008F0FCFB19
:10081000BD4D286108F078FA4FF000090246CDF886
:1008200000904B460121286908F038FC04F0C2FE14
:1008300004F05EFEDFF8D4A2DFF8D4B2012690B354
:10084000B4A000F062FA03245F468BF800404FF436
:100850007A7007F059FC04F04BFE50B341F288382F
:100860003C70404607F050FC04F042FE08B33C7078
:1008700015208AF81300404607F046FC002005F0DA
:10088000E7FD4FF4FA6007F03FFCDFF8A08244F682
:10089000E4305746A8F80000387D012868790AD06E
:1008A000012876D023E1FFE7EE70A1A000F02DFA39
:1008B000E4E7EE70E2E728BB05F038FADFF884A23F
:1008C000012400BFDAF80020B8F80000C2F8940054
:1008D000C4F164034343642293FBF2F3DAF800C0EB
:1008E000CCF89C30604390FBF2F0DAF80010C1F8CD
:1008F000A800142007F008FC641C2E2CE2DB00F09A
:100900005FFB6E71287928B18F4804F0A9FE28702A
:10091000F0B3AFE06878002817D18B480A3004F0B4
:10092000B9FEA870202811D0B8F80010A1F59642A1
:10093000E43A02D1EA68521CEA60EC684FF4FA72B9
:10094000B4FBF2F302FB134242B1BEE0002005F01B
:1009500007F92E718BF800600A20B4E046F6D772D2
:1009600091421BD20A31774889B2A8F80010026878
:10097000C2F89410362201FB02F36422B3FBF2F3B7
:100980000468C4F89C302E235943B1FBF2F101E016
:1009900017E09CE00068C0F8A81096E0E888C8213D
:1009A000401C80B2B0FBF1F2E88001FB120000288D
:1009B00006D1C5F80C90A5F806906E7005F0E4F924
:1009C00083E0DFF884C1A5F808909CF8000020B10E
:1009D00001280AD0022810D01BE0B8F800004FF41C
:1009E000FA42904213D2401C0EE0B8F8000044F6E0
:1009F000E43290420BD9401E06E0B8F800004FF4F4
:100A0000FA42904203D2401DA8F8000001E0A8F885
:100A100000204C48B8F800100268C2F89410362242
:100A200001FB02F36422B3FBF2F30468C4F89C30C8
:100A30002E235943B1FBF2F10068C0F8A8109CF8CE
:100A40000100F874052809D0032809D0042807D02C
:100A500050B1012808D0022809D00BE0022107E09C
:100A600003208BF8000005E08BF8006002E0042111
:100A70008BF8001028894FF47A74401C80B2B0FBC8
:100A8000F4F2288104FB1200F8B944F6E430A8F827
:100A9000000005F079F905F097F82D492B4885F805
:100AA00005900A68026009790171002005F0D0FC08
:100AB00085F80490A5F80690C5F80C9085F801908B
:100AC0008BF80090204607F01FFB012010E0204823
:100AD0001E4985F8059002680A60007908714C4645
:100AE000002005F0B5FC2C71EC80EC606C7064208B
:100AF00007F00AFBD0E6000099730008706172737A
:100B0000655F646174650000E800002098010020C2
:100B1000000000204E524632344C303120206973A0
:100B200020206572726F72210A0D000004000020FF
:100B30004E524632344C30312020697320206F6B86
:100B4000210A0D0030030020283300205A01002024
:100B50007491000800F028B8002220214FF0904046
:100B600001F0DBBA20214FF0904001F0CEBA002214
:100B700040214FF0904001F0D0BA012240214FF0C7
:100B8000904001F0CABA40214FF0904001F0BDBA48
:100B9000002280214FF0904001F0BFBA0122802155
:100BA0004FF0904001F0B9BA80214FF0904001F031
:100BB000ACBAFEE7064910B500200875054944F6B1
:100BC000E430088005F0E0F8BDE8104004F0FCBF18
:100BD000980100200400002010EE100A234910B5EF
:100BE000DFED230A884204DC10EE100A2149884216
:100BF00002DAB0EE600A10BD002224211E4B122042
:100C000003EB8004D4ED000AF4EEC00AF1EE10FA12
:100C100001D2014601E021DD0246881840088C1A05
:100C2000012CEDD103EB820203EB8101D2ED000A2E
:100C300091ED001AF1EE041A30EE600A31EE601AFE
:100C400000EB8000373820EE210AC0EE010A00EEEA
:100C5000100AB8EEC00A30EE800A10BD00EB80002A
:100C6000373800EE100AB8EEC00A10BD6072D548E1
:100C700000C079442FD504447C93000819481A49D0
:100C80004279C9682AB10023012A16D0022A17D056
:100C90001BE0144A9279531CDBB2502903DB032A70
:100CA00009D3012205E011F1230F0EDC032A02D340
:100CB0000222427109E0837107E0372903DB04E077
:100CC00011F11E0F01DD8371437108481E29006870
:100CD00002DB4FF47A7103E0192902DC41F690211E
:100CE0004163704700010020980100208804002023
:100CF00010B507F031F9034900200870BDE8104035
:100D000007F04AB9FC0000207047704701490020F5
:100D1000087070470000002072B6FEE7144A117F89
:100D20001448012901D003290FD1036823F400736B
:100D30000360036843F400630360036823F4006303
:100D40000360036843F400730360022901D00329A0
:100D50000BD1016841F480510160016821F4805198
:100D60000160016841F480610160002010777047E4
:100D700044000020002002400C490A6A520210D5AB
:100D8000C20703D04A6942F004024A61800703D5D2
:100D9000486940F400404861486940F48030486147
:100DA0007047486948F204021043F4E7002002400B
:100DB0000E4A136A5B0201D5C90703D0516921F4B9
:100DC000006102E0516941F4006151615169C0B2B2
:100DD00021F47E7141EAC0005061506940F0020088
:100DE0005061506940F480305061704700200240EB
:100DF000054910B54C6944F001044C610260BFF331
:100E00006F8F436010BD000000200240094A10B5FA
:100E10005469402344F480245461EFF3108272B685
:100E200010C95B1E10C013F0FF03F9D182F31088C4
:100E300010BD00000020024070B5064601F072F9B6
:100E40000546134C07E000BF01F06CF9401BB042AF
:100E500001D9032070BD2069C003F5D420694CF28C
:100E6000FA3108400CD00B494A6802434A60010F2E
:100E700001D0A169A161010100D02061012070BDF4
:100E80002069C00701D001202061002070BD000052
:100E90000020024044000020044D4FF4FA742878EA
:100EA00005F04CFB204607F02FF9F8E70000002082
:100EB00010B507F051F80348047807F06DF82046A4
:100EC00010BD0000FC00002070B50F494FF6FF7305
:100ED0004FF400240A889A4201D1254601E0150406
:100EE000AD094FF0006606EB5505854204D900BFF9
:100EF000A0F10060C00A70BD9A4201D011048C09B3
:100F0000A0EB5400F4E70000E075FF1F10B50446A5
:100F10001B4888B0844209D11A4800F0CBFD6421F7
:100F2000184800F027FD10BB164825E02021684630
:100F3000FFF718FA0620CDE90040022002907F203A
:100F4000039004200490002005900E4869466C38F8
:100F500000F028F908B1FFF7DFFE0A486C3800F00E
:100F6000A9FD084864216C3800F004FD10B1002090
:100F700008B010BD03486C3800F04AFB80B2F7E7B8
:100F80000080F03EC40200202DE9F04100260F460B
:100F900080463546344609E04046FFF7B7FF60B16A
:100FA0000644012007F0B0F8641CA4B2BC42F3D39D
:100FB000781BB6FBF0F0BDE8F0816D1CEDB2F0E7F8
:100FC0001D4810B50168001D0268001D03681B481C
:100FD0000C0A017044700C0C8470090EC17002710F
:100FE000110A4171110C8171110EC1710372190A3C
:100FF0004172190C8172190EC1720C2104F0C4FBEC
:101000000F49020A48708A70020CCA70000E0B4A1F
:1010100008710968C2F816109076082102F11600CE
:1010200006F020FF054C000A1634082120722046E5
:1010300006F018FF607210BD9075FF1F1C33002072
:101040005A0100202DE9F04F044690F858009BB05B
:101050000F464FF0000B012812D0012084F85800F1
:1010600000261796189620684FF0A048DFF81C91CC
:10107000DFF81CA1474D404506D12846009508E001
:1010800002201BB0BDE8F08F48450AD15046CDF88C
:1010900000A003F041FC0090206803F03DFC40B14B
:1010A00009E0E06D40F02000E06584F85860012020
:1010B000E7E7009850B1E06D40F02000E0654FF0A8
:1010C000010B00BF84F858605846DAE720684146B3
:1010D000884201D0A84201D12F4800E02F48D7F81C
:1010E00000C02F4B40F61F72BCF1000F2DD0D0F87E
:1010F00008C094F838802CF4604C4CEA483CD7F88F
:1011000004804CEA080CC0F808C0D4F800C08C4534
:1011100001D0AC4504D18968AB6801F0010109E058
:10112000D9F80810DAF8085001F0010105F00105BE
:101130009B68294303F001031943C3D1BB68396895
:1011400019438368934319431DE0876827F4604778
:10115000876027688F4201D0AF4204D18968AB68AD
:1011600001F0010109E0D9F80810DAF8085001F09F
:10117000010105F001059B68294303F001031943B0
:10118000A0D18168914381609CE700000004005079
:1011900000050050000100500003005000070050FF
:1011A000000600502DE9F84F00270446009790F8FC
:1011B0005800DFF81C840D46B946012811D00126DD
:1011C00084F85860206803F0A3FB60B1E06D40F044
:1011D0002000E0655FF0010784F858903846BDE8CC
:1011E000F88F0220FBE7D5E900210C23206803EAF1
:1011F00091131844036B01F01F014FF01F0C0CFA00
:1012000001FCC2F3846223EA0C038A4013430363A4
:10121000206803F07DFB8246206803F075FB5AEAE4
:1012200000003CD1AA6829682068B2F1004F37D08D
:1012300003F07EFB2068416921F000414161206894
:101240006969C268C2F3C102520091402A69042A46
:1012500031D000EB82002B68026EDFF878C303F018
:10126000F84302EA0C020B431A4342F000410166C4
:1012700022682869A96902EB8000026E22F0807260
:101280000A430266297F22682869012910D00021BB
:1012900002EB8000026E22F000720A4302667DE0DB
:1012A000002203F045FB2068416941F00041C5E799
:1012B0004FF00071ECE7002103F020FB40032068B1
:1012C0004FF0000172D003F019FB90FAA0F0B0FAD1
:1012D00080F1286842036ED090FAA0F0B0FA80F056
:1012E000814204D100221146206803F030FB012125
:1012F000206803F003FB400320684FF001015DD03C
:1013000003F0FCFA90FAA0F0B0FA80F128684203EA
:1013100059D090FAA0F0B0FA80F0814204D10022B6
:101320000121206803F013FB0221206803F0E6FA94
:10133000400320684FF0020148D003F0DFFA90FA32
:10134000A0F0B0FA80F12868420344D090FAA0F0EF
:10135000B0FA80F0814204D100220221206803F01B
:10136000F6FA0321206803F0C9FA400320684FF021
:10137000030133D003F0C2FA90FAA0F0B0FA80F182
:10138000286842032FD090FAA0F0B0FA80F0814292
:1013900004D100220321206803F0D9FA2068816873
:1013A00011F0010F22D0ACE000E004E003F0A6FA57
:1013B000C0F384618DE7C0F3846091E703F09EFA87
:1013C000C0F38461A2E7C0F38460A6E703F096FA55
:1013D000C0F38461B7E7C0F38460BBE703F08EFA23
:1013E000C0F38461CCE7C0F38460D0E72A7B29682E
:1013F00050F8B03FC1F3120C23EA0C0302F0180CB2
:10140000754A22FA0CF20A4013430360E968414529
:1014100077D1286841031CD090FAA0F1B1FA81F18C
:10142000491C01F01F0109294FEA403132D8002937
:1014300012D000BF90FAA0F1B1FA81F101F10101DF
:1014400001F01F0106FA01F609D100BFC0F3846163
:1014500009E0C0F38461E3E7C0F38461EEE790FA4A
:10146000A0F1B1FA81F101F1010101F01F0146EA99
:10147000816102D1C0F3846003E090FAA0F0B0FA79
:1014800080F000F1010000F01F0000EB400041EA95
:10149000005132E000290ED090FAA0F1B1FA81F1AA
:1014A00001F1010101F01F0106FA01F606D100BFAA
:1014B000C0F3846106E0C0F38461F1E790FAA0F123
:1014C000B1FA81F101F1010101F01F0146EA8161E8
:1014D00002D1C0F3846003E090FAA0F0B0FA80F08B
:1014E00000F1010000F01F003C4A00EB400002EB5D
:1014F000005041EA000141F00071AA68206803F041
:1015000017FA37482B6803423FF466AE21684FF064
:10151000A04C3448344E354D614501D0A94201D12B
:10152000024600E032469268DFF8C48002F0E072C2
:10153000434503D0DFF8BC80434521D15FEA022850
:101540001ED4614506D02C4B99427FF445AEA9428A
:1015500000D0304642F40001826822F0E0720A4373
:101560008260264826490068B0FBF1F0401C00EB81
:101570004000800000E0401E00900028FBD12BE6D8
:10158000DFF8808043450FD15FEAC2180CD4A9422E
:1015900002D11D4B9942F2D0614502D0A94200D040
:1015A000304642F080710CE0DFF860804345E6D1C0
:1015B0005302E4D4A942E2D0614500D0304642F45F
:1015C0008001826822F0E0720A43826004E6000033
:1015D00000007F4000F0FF03FFFF0700000020FE37
:1015E0000000088000030050000700500001005078
:1015F000000021C31000C0900006005064000020CD
:10160000400D0300000052C700050050000084CBCD
:101610000068006C70470000F8B54FF0000504004A
:101620002E46009502D0E06D10B107E00120F8BD14
:10163000204600F009F9266684F858602068816821
:10164000C1F3407119B18168734A1140816020680B
:101650008168C1F3007189B98168704A114041F015
:10166000805181606E486F490068B0FBF1F0400026
:10167000801C00E0401E00900028FBD1206881689B
:10168000C1F3007141B9E16D41F01001E165216ED6
:1016900041F001012166012503F03AF9E16DC90627
:1016A00000D430B1E06D40F01000E065012528461F
:1016B000F8BDE06D20F4807040F00200E065206825
:1016C000816811F0010F27D14FF0A043564A98428C
:1016D00001D0904204D19968966801F001010AE0B6
:1016E00052498968524E01F00101B66806F00106C0
:1016F0003143504EB66806F0010631430CD1984292
:1017000001D0904201D14C4800E04C4861688268A9
:1017100022F47C120A438260E168E06B627F084336
:10172000A16841EA4231084394F8241040EA01409C
:10173000012904D1218D424A02EB41410843E16A6B
:1017400029B101F47871226B014342EA0100226859
:10175000D1683C4B19400143D16020680169626B3C
:1017600021F0406111430161206803F0CDF870BBA6
:10177000207F94F838102268800340EA4100D16845
:1017800044F2020399430143D16020690028206894
:1017900001690AD041F480310161206850F8C01F0E
:1017A00022696FF30D01114307E021F480310161DB
:1017B000206850F8C01F6FF30D01016094F84000DD
:1017C00001280CD02068016921F0010101616069E4
:1017D00001282068016B21F00F0111D013E0D4E93A
:1017E00011010843D4E913121143084321680A691F
:1017F00040F2FC739A43104340F001000861E6E7B1
:10180000226A521E11430163E06D20F0020040F095
:101810000100E0654BE70000C0FFFF5FC0FFFF7FF6
:1018200064000020400D030000010050000400503F
:101830000005005000060050000300500007005053
:101840000000FEFF0740F0FF2DE9F0439BB0044687
:10185000142115A8FEF786FD54216846FEF782FD87
:101860004FF00051206800253D4F0326DFF8F4902B
:101870008A133D4CB0F1A04F11D03C4B98426CD133
:10188000904668460092119101F09EF808B1FFF76A
:1018900043FA3868401C3860012846D04DE068465D
:1018A0000092119101F090F808B1FFF735FA38680D
:1018B000401C3860012807D1E06C40F40050E0641F
:1018C000E06C00F400501A90E06C40F00400E0641A
:1018D000E06C00F004001A90E06C40F00200E0645C
:1018E000E06C00F002001A90E06C40F00100E0644F
:1018F000E06C179500F001001A900220CDE9150662
:1019000015A91B4800F0D8FA4FF480401795CDE98F
:10191000150615A9484600F0CFFA06201795CDE91F
:10192000150615A94FF0904015E0E06C40F400500A
:10193000E064E06C00F400501A90E06C40F00200AB
:10194000E064E06CCDF8548000F00200CDE916654B
:101950001A9015A9484600F0AFFA1BB0BDE8F08315
:101960003000002000040048001002400001005038
:10197000000800482DE9F0470446884600684FF00B
:10198000A0454749474BDFF82091A84201D0484580
:1019900001D10A4600E01A46926802F01F06A269C9
:1019A000082A14D0AEB1052E13D0092E11D0A842AA
:1019B00002D0484500D01946886800F4604058B10C
:1019C000E06D40F02000E0650120BDE8F0870827C9
:1019D00003E0C068C007F2E7042700F0A3FB8246DB
:1019E00019E000BFB8F1FF3F15D000F09BFBA0EB62
:1019F0000A01414502D8B8F1000F0CD120680068F7
:101A0000384208D1E06D40F00400E065002084F821
:101A100058000320D9E7206800683842E2D0E06D22
:101A200040F40070E065206802F07AFF80B1607FCA
:101A300070B92068006800070AD5E06D20F4807056
:101A4000E065E06DC00403D4E06D40F00100E065A6
:101A50002068164A164B484501D12C4604E09042B6
:101A600001D11C4600E0044684420AD04EB1052E46
:101A700007D0092E05D0484506D0904203D11D4617
:101A800002E0C16801E00546E968082F05D0490475
:101A900001D40C210160002097E70821FAE700003B
:101AA00000030050000700500001005000050050E6
:101AB000000400502DE9F041044600684FF0A045B5
:101AC000444FA84201D0B84201D1434900E0434904
:101AD000896801F01F0602F01BFF18B102210846B9
:101AE000BDE8F08194F8580001280CD0012084F85A
:101AF00058002046FEF7CEFD01004FF0000204D052
:101B000084F85820EBE70220EAE7E06D40F6016335
:101B1000984340F48070E0652068314BDFF8C4C022
:101B2000B84201D1AE4604E0984201D1E64600E059
:101B30008646864500D02EB9D4F85CE02EF4801E8F
:101B4000C4F85CE0D4F85CE05FEACE4E06D5D4F889
:101B500060E02EF0060EC4F860E000E022664FF070
:101B60001C0EC0F800E084F858202068B84201D16B
:101B70002A4604E0984201D1624600E002468242D1
:101B80000ED06EB1052E0BD0092E09D0E26D42F4B5
:101B90008012E265B84213D0984210D165460FE03A
:101BA000C268920105D5E26D22F4005242F48052DF
:101BB000E26582680C4B1A40121D82608FE7054671
:101BC000E86880018BD5E06D20F4005040F480502F
:101BD000E06584E70001005000030050000700505A
:101BE0000005005000040050C0FFFF7F10B590F8C2
:101BF000253000210122022B03D00421C1630121E1
:101C000022E003681C6824F00E041C60836C1C68CE
:101C100024F480741C6003681C6824F001041C60B8
:101C200090F84430046C03F01F0302FA03F363607E
:101C3000D0E913345C60436D33B11C6824F48074C4
:101C40001C60D0E916345C6080F82520002280F802
:101C50002420084610BD70B590F8252000240121ED
:101C60002346022A07D00422C26380F8251080F898
:101C70002430012429E00268156825F00E0515605E
:101C80000268156825F001051560826C156825F459
:101C90008075156090F84420056C02F01F0201FA6F
:101CA00002F26A60D0E913255560426D32B11568C1
:101CB00025F480751560D0E91625556080F825104B
:101CC00080F82430816B01B18847204670BD000048
:101CD00070B5044600F026FA0546601C02D00448A0
:101CE0004068044400F01EFA401BA042FAD370BDC5
:101CF000380000202DE9F05F054633488946017819
:101D000001290CD00126804606704FF47A7B584694
:101D1000FFF792F807004FF0000A03D04FE00220CF
:101D2000BDE8F09F51464046C8F804A0274C226801
:101D300092050AD52168490505D5216821F48061FD
:101D40002160032109E0067708E02268520504D5E6
:101D5000216821F48061216002210177286801282F
:101D600007D04FF0FF31C9F8001040F2FA3BAE68DF
:101D70001EE06868FFF700F85846FFF75DF8074671
:101D8000606948F204018843606116E03046696882
:101D9000FFF70EF84FF47A70FFF74EF8070060690E
:101DA00020EA0B00606102D0C9F8006005E0761CF3
:101DB000D5E902010844B042E8D8FEF7AFFF88F841
:101DC00000A03846ACE7000044000020002002409C
:101DD000054901204A6942F000424A6149690029E7
:101DE00000DA002070470000002002402DE9FF5F6C
:101DF000254C0646904620789A4601280BD00120B3
:101E000020704FF47A7B5846FFF716F807004FF022
:101E1000000904D02AE0022004B0BDE8F09F484643
:101E2000C4F80490194D2968490504D5286820F4A0
:101E3000806028600220207726B1012E09D0022E72
:101E400007D00CE0424653460198FEF7D1FF012629
:101E500012E041460198FEF7D9FF022E0AD05846FB
:101E6000FEF7EAFF4FEA0007FEF758FF84F80090FC
:101E70003846D1E74FF480265846FEF7DDFF074687
:101E80006869B0436861EFE7440000200020024029
:101E9000064900204A69002A07DA054A8A60054A8D
:101EA0008A604969002900DA012070470020024059
:101EB00023016745AB89EFCD2DE9F04FDFF8209284
:101EC000002301260324A9F1040B85B00F2709F193
:101ED000040AABF1040EFAE006FA03F52A407CD0BE
:101EE00091F804C00CF0030CBCF1010F02D0BCF15E
:101EF000020F26D1D0F808C0CDF800C04FEA430C3D
:101F000004FA0CF8CDF810C0DDF800C02CEA080C7B
:101F1000CDF800C0D1F80C80DDF810C008FA0CF83C
:101F2000DDF800C048EA0C08C0F80880D0F804C00A
:101F30002CEA050C0D79C5F300159D4045EA0C050A
:101F400045600D79ED43AD070ED0C5684FEA4308F3
:101F500004FA08FC25EA0C05D1F808C00CFA08FCC4
:101F60004CEA050CC0F80CC00D7905F00305022DF4
:101F700016D1DD0800EB850CCDF808C0DCF8208018
:101F80005D074FEAD56C07FA0CF528EA05080D69DC
:101F900005FA0CF5DDF808C045EA0805CCF8205034
:101FA00005684FEA430CCDF808C004FA0CFC25EA9A
:101FB0000C0591F804C00CF00308DDF808C008FA1D
:101FC0000CF848EA0508C0F800804D6815F4403F59
:101FD0007CD0444DD5F860C000E077E04CF0010CB7
:101FE000C5F860C02D6E23F0030C05F001050095C7
:101FF0003D4D65440295AD684FEA837C4FEA1C78FD
:1020000007FA08FC25EA0C05B0F1904F06D0DFF87E
:10201000DCC0604505D14FF0010C20E04FF0000C12
:102020001DE0DFF8CCC0604502D14FF0020C16E095
:10203000DFF8C0C0604502D14FF0030C0FE0DFF8BD
:10204000B8C0604502D14FF0040C08E0DFF8ACC026
:10205000604502D14FF0050C01E04FF0060C0CFA80
:1020600008FC4CEA050C029DC5F808C0D9F80050E0
:10207000CC46D1F8048095435FEAC82800D51543C3
:10208000CCF80050DAF80050D446D1F804809543DB
:102090005FEA882800D51543CCF80050DBF80050E3
:1020A000DC46D1F8048095435FEA883800D51543B3
:1020B000CCF80050DEF80050F446D1F80480954387
:1020C0005FEAC83800D51543CCF800505B1C0A689D
:1020D00032FA03F57FF400AF05B0BDE8F08F0000E1
:1020E00008040140001002400000014000040048C4
:1020F00000080048000C0048001000480014004888
:102100000069084000D001207047426921EA0203BB
:102110000A4043EA0241816170470AB18161704718
:1021200081627047014880687047000038000020D5
:1021300030B590F8DD20022A37D090F8DC20012A53
:1021400033D0012480F8DC40022280F8DD200368CF
:10215000D3F8A02322F002050A7802F002022A43F3
:1021600022F03C050A7902F03C022A4322F4707501
:102170008A682A4322F480658A8902F480622A43AD
:102180000D69C3F8A45305684B69C5F8A833036803
:102190008969C3F8AC130168C1F8A02380F8DD4059
:1021A000002180F8DC10084630BD022030BD10B59B
:1021B00090F8DD20022A16D090F8DC20012A12D0F7
:1021C000012200F8DC2F0223437050F8DC3CD3F8E6
:1021D000A04324F001040C43C3F8A0434270002143
:1021E0000170084610BD022010BD10B590F8DC202B
:1021F000012A21D0012280F8DC20022380F8DD3082
:102200004B1C1BD00368D3F8CC4344F00204C3F842
:10221000CC430368D3F8CC4324F00C040C43C3F83C
:10222000CC430168D1F8CC3343F00103C1F8CC337F
:1022300080F8DD20002010BD022010BD0168D1F81B
:10224000CC3323F00203C1F8CC33EAE738B50400FD
:1022500056D0022084F8DD000025C4F8E050C4F810
:10226000E450C4F8E850C4F8EC50C4F8F050C4F896
:10227000F450C4F8F850207AC0071BD021492068D8
:10228000884208D12048016E41F080610166006EED
:1022900000F0806000902168086820F44042208AA5
:1022A00000F44040104320F44052A08A00F4405013
:1022B00010430860204600F029F8207A800708D5EE
:1022C0002168086820F44072A08900F4407010432F
:1022D0000860012084F8DD0084F8DC505FF0000124
:1022E000C1EBC10004EB8000491C8561C56105623A
:1022F00045628562C9B205630629F1D9002038BD5F
:10230000012038BD006801400010024008B5006897
:102310000649884208D10648016E41F08061016695
:10232000006E00F08060009008BD00000068014071
:102330000010024070B50D460446FFF7F3FE064656
:1023400007E0681C05D0FFF7EDFE801BA8420DD802
:1023500065B12068D0F88803C043C003F1D40120E0
:1023600084F8DD00002084F8DC0070BD072084F8CC
:10237000DD00032070BD70B590F8DD30022B1DD05C
:1023800090F8DC30012B19D0012380F8DC300224D6
:1023900080F8DD40EC25046805EBC1156159CE06D7
:1023A00005D54FF6C076B14332400A43625180F8FA
:1023B000DD30002180F8DC10084670BD022070BDC1
:1023C00070B590F8DD30022B23D0022380F8DD3089
:1023D000062920D08023046803EBC115635923F03C
:1023E00007069368334323F01806D36833436351D9
:1023F0009425046805EBC11513686351982403689C
:1024000004EBC11152685A50012180F8DD10002000
:1024100070BD022070BD0368196821F0070491683F
:10242000214321F01804D168214319600368116821
:102430005961516802689161E6E72DE9F04F90F823
:10244000DD40022C25D090F8DC40012C21D04FF04B
:10245000010980F8DC90022480F8DD4000274FF06D
:10246000070C062918D09C2404EBC116012A39D088
:102470008024A8254FF4005A4FF4405B05EBC115AA
:1024800004EBC114022A2FD0042A45D0082A0BD10C
:1024900044E00220BDE8F08F012A0AD0022A0CD0C5
:1024A000042A0ED0082A10D080F8DDC080F8DC7035
:1024B0000EE002681968D1610AE002681968516289
:1024C00006E002681968916202E002681968D16248
:1024D00090F8DD10072948D080F8DD9080F8DC7096
:1024E0000020D7E7196835E04FF0A408D0F800C005
:1024F00008EBC1111A684CF80120596800290168DD
:102500000A5922F440522ED00A5101680A59D3F8D0
:1025100004C042EA0C0218E0196821E04FF0AC0850
:10252000D0F800C008EBC1111A684CF801205968B6
:10253000002901680A5922F4404214D00A51016866
:102540000A59D3F804C042EA8C020A51596851452D
:1025500003D1996802689151BAE75945B8D1996891
:1025600002685151B4E70A51B2E7012092E710B571
:1025700090F8DC20012A0ED0012200F8DC2F022383
:10258000437050F8DC3C1C680C431C604270002116
:102590000170084610BD022010BD70B5044690F8C9
:1025A000DD00022811D094F8DC0001280ED00125AE
:1025B00084F8DC50022084F8DD00204602F03DF86B
:1025C00084F8DD50002084F8DC0070BD022070BD6E
:1025D00010B590F8DC20012A10D0012200F8DC2F81
:1025E0000223437050F8DC3CD3F894430C43C3F807
:1025F0009443427000210170084610BD022010BDB6
:102600002DE9F041044690F8DD0015460E460228FB
:1026100026D094F8DC00012821D0012784F8DC7052
:10262000022084F8DD00062E1CD0204602F074F84B
:10263000C6EBC60004EB800029680162696841624C
:10264000A9688162E968C16229690163314620464F
:1026500001F076FF062E15D0E86A40B112E00220A4
:10266000BDE8F0811146204601F09EFFE0E78021A1
:10267000206801EBC6114258EB6D22F4007242EA69
:102680004322425084F8DD70002084F8DC00E7E744
:102690002DE9F041044690F8DD00022824D094F89A
:1026A000DC0001281FD0012584F8DC50022084F8CA
:1026B000DD00EC20266800EBC113F058176820F00D
:1026C000100040EA071020F480175068384320F4C7
:1026D0008037D068384320F40037906838439769D2
:1026E000012F03D00CE00220BDE8F08120F00407A8
:1026F0001069384320F002075069384340F0010068
:10270000F050204601F01CFF84F8DD50002084F8D2
:10271000DC00E9E770B5040011D021684CF6CC402C
:102720000860216845F255500860D4E90001416015
:102730002168A0688860FFF7F5FC05460DE00120E0
:1027400070BD00BFFFF7EEFC401B312805D92068A3
:10275000C068400701D0032070BD2068C0684007F2
:10276000F0D120680269E1688A4201D0016102E08B
:102770004AF6AA210160002070BD00684AF6AA212D
:1027800001600020704700000248816842681144DF
:10279000816070473800002010B50024032000F04D
:1027A0009BF80F2000F008F808B1012401E000F0C8
:1027B00047F8204610BD000030B505461B4887B0DD
:1027C000016E41F400610166006E06A900F400602C
:1027D000009001A800F066FB00F096FB1449154A32
:1027E000B0FBF1F11448491E0260416040F2E7324B
:1027F0000021C0E90321816000F08BFE040012D1AA
:102800000D4800F0FDFE04000DD1192000F036F84F
:10281000102D07D200222946192000F03DF8074864
:10282000056000E0012407B0204630BD00100240E2
:1028300040420F00002C0140FC0500203800002021
:102840000D4808B5016E41F001010166016E01F00D
:1028500001010091816D41F080518165806D002200
:1028600000F0805000900F21901E00F015F8BDE898
:10287000084000F0A1B8000000100240002809DB69
:1028800000F01F02012191404009800000F1E0208A
:10289000C0F8001170470000F0B40E4B1B680C46E6
:1028A000C3F30223C3F10705042D00D90425191D24
:1028B000072901D2002300E0DB1E012606FA05F1FC
:1028C000491E214099409E40761E16403143F0BC7F
:1028D00004F073BC0CED00E0064900F00702086844
:1028E0004FF6FF03184040EA0220034A10430860F5
:1028F000704700000CED00E00000FA052B492C4B5E
:102900000A6832214A432B4940B1B0F5007F08687C
:1029100029D020F4C06040F480602CE00868C0F347
:102920004120022804D051F8800F20F4807022E06A
:10293000D1F8800020F48070C1F88000086820F48D
:10294000C06040F400700860B2FBF3F0401C00E08F
:10295000401E4A69520501D50028F9D14869400551
:102960000AD503207047C0F34120022806D051F851
:10297000800F40F48070086000207047D1F880001C
:1029800040F48070C1F88000086820F4C06040F412
:1029900000700860B2FBF3F0401C00E0401E4A6982
:1029A0005205DBD50028F9D1D8E7000064000020EB
:1029B00040420F00007000400248816841F48041AD
:1029C00081607047007000402DE9F84304460068BC
:1029D0000026BB4D00035ED5A86D0027C00008D4BB
:1029E000A86D40F08050A865A86D012700F08050C8
:1029F0000090DFF8D092D9F8001041F48071C9F846
:102A00000010FFF78FFB804606E000BFFFF78AFB50
:102A1000A0EB080002282BD8D9F80000C005F5D596
:102A2000D5F8900010F4407014D0216D814211D07F
:102A3000D5F89000D5F8901020F4407041F4803122
:102A4000C5F89010D5F8901021F48031C5F8901099
:102A5000C5F89000C00711D0FFF764FB804641F233
:102A6000883907E0FFF75EFBA0EB0801494501D973
:102A700003260BE0D5F890008007F3D5D5F8900039
:102A8000216D20F440700843C5F890001FB1A86D77
:102A900020F08050A8652078C00707D0D5F88800BE
:102AA000616820F003000843C5F88800207880079B
:102AB00007D5D5F88800A16820F00C000843C5F8B8
:102AC00088002078400707D5D5F88800E16820F015
:102AD00030000843C5F888002078000707D5D5F8EE
:102AE0008800216920F0C0000843C5F888002078DC
:102AF000C00607D5D5F88800616920F44070084306
:102B0000C5F888002078800607D5D5F88800A16927
:102B100020F440600843C5F888002078400607D5B7
:102B2000D5F88800E16920F440500843C5F88800D2
:102B30002078000607D5D5F88800216A20F44040A7
:102B40000843C5F888002088C00507D5D5F8880057
:102B5000616A20F440300843C5F88800206880038B
:102B600007D5D5F89C00A16A20F003000843C5F8FA
:102B70009C002088800507D5D5F88800E16A20F4FC
:102B800040200843C5F88800208840050FD5D5F8B7
:102B90008800216B20F440100843C5F88800206BA2
:102BA000B0F5801F03D1E86840F48010E860208809
:102BB00000050FD5D5F88800616B20F4400008436C
:102BC000C5F88800606BB0F5800F03D1E86840F469
:102BD0008010E8602088C0040FD5D5F88800A16B6C
:102BE00020F040700843C5F88800A06BB0F1807FEA
:102BF00003D1E86840F48010E86020884FF000615D
:102C000080040ED5D5F88800E26B20F040601043B8
:102C1000C5F88800E06B884203D1E86840F4801072
:102C2000E860208840040ED5D5F88800226C20F09A
:102C300040601043C5F88800206C884203D1E868E2
:102C400040F48010E860208800040FD5D5F8880093
:102C5000616C20F040500843C5F88800606CB0F10A
:102C6000805F03D1E86840F48030E8602068C003EA
:102C70000FD5D5F88800A16C20F040400843C5F876
:102C80008800A06CB0F1804F03D1E86840F4803038
:102C9000E860206840030FD5D5F89C00E16C20F473
:102CA00040100843C5F89C00E06CB0F5001F03D14C
:102CB000E86840F48010E8603046BDE8F883000022
:102CC00000100240007000402DE9F0470E4605005C
:102CD0004FF0000725D0DFF8AC81D8F8000000F0F5
:102CE0000F00B0420CD2D8F8001021F00F01314390
:102CF000C8F80010D8F8000000F00F00B04210D162
:102D00002968614CC80741F2883A5AD06868DFF8F0
:102D10007C91032808D0022820682DD04005002887
:102D20002CDB0120BDE8F08720688001F9D5E06840
:102D300000F00302E068C0F30310401C032A19D01E
:102D4000534A00BFB2FBF0F0E268C2F306225043E0
:102D5000E268C2F34162521C5200B0FBF2F04845F7
:102D600017D9A06810F0F00F0CD0880711D5A8680B
:102D700040B10EE0474AE5E78003D0E700F0D6F81F
:102D8000484506D9A06820F0F00040F08000A0601F
:102D90008027A068696820F003000843A060FFF75F
:102DA000C1F9814606E000BFFFF7BCF9A0EB0901BD
:102DB00051453AD8A068696800F00C00B0EB810F6B
:102DC000F2D12868810714D5400703D5A06840F4E4
:102DD000E060A0602878000705D5A06820F4605066
:102DE00040F4E060A060A068A96820F0F00008430B
:102DF00004E0802F03D1A06820F0F000A060D8F894
:102E00000010404601F00F01B14216D9016821F0CF
:102E10000F0131430160FFF785F9074607E000BF66
:102E2000FFF780F9C11B514501D903207AE7D8F893
:102E3000000000F00F00B042F2D12878400705D51D
:102E4000A068E96820F4E0600843A06028780007E3
:102E500006D5A068296920F4605040EAC100A0604E
:102E600000F064F8A1680C4AC1F30311515C01F051
:102E70001F01C8400949086009480068BDE8F047DB
:102E8000FFF79ABC002002400010024000B4C404C6
:102E90000024F400001BB7005C91000864000020CF
:102EA000380000200F2202600C4A936803F00303ED
:102EB0004360936803F0F0038360936803F4E06376
:102EC000C36092684FF4E06303EAD20202610448EF
:102ED000006800F00F00086070470000001002401A
:102EE000002002400548064900688968054AC1F388
:102EF0000221515C01F01F01C840704764000020AE
:102F0000001002406C910008054806490068896875
:102F1000054AC1F3C221515C01F01F01C84070474E
:102F200064000020001002406C910008184910B5A0
:102F30008868C0F381021748012A0BD08A68164BB3
:102F4000C2F38102022A06D08A68C2F38102032AF0
:102F500003D0002010BD184610BDCA6802F003045B
:102F6000CA68C2F30312521C032C02D0B0FBF2F069
:102F700001E0B3FBF2F0CA68C968C2F3062250430D
:102F8000C1F34161491C4900B0FBF1F010BD0000E4
:102F9000001002400024F400001BB7002DE9F843A4
:102FA00004007AD02078F84DC00747D0A868E968B7
:102FB00000F00C0001F003010C2802D0082817D003
:102FC00001E0032914D06068B0F5803F17D0B0F558
:102FD000A02F286817D020F480302860286820F4BB
:102FE000802028606068E0B1FFF79CF8064614E096
:102FF0002868800322D560680028D2D01EE02868A7
:1030000040F48030EDE740F480202860F7E700BF0F
:10301000FFF788F8801B642870D828688003F7D5EC
:103020000CE0FFF77FF8064605E000BFFFF77AF8EF
:10303000801B6428F0D828688003F7D420788007A4
:103040004CD5A868E96800F00C0001F003010C28D9
:1030500002D004280DD001E002290AD0E06800283F
:1030600028682BD040F480702860FFF75BF8064694
:1030700019E02868400502D5E068002891D068680A
:10308000217C20F0FE4040EA01606860BF48006893
:10309000FFF792FB002800D120E072E1FFF742F831
:1030A000801B0228B8D828684005F7D56868217CBD
:1030B00020F0FE4040EA016068600FE020F480707C
:1030C0002860FFF72FF8064605E000BFFFF72AF853
:1030D000801B0228A0D828684005F7D42078000774
:1030E00029D560690028D5F8940013D040F001007C
:1030F000C5F89400FFF716F8064606E090E000BF1A
:10310000FFF710F8801B022886D8D5F894008007B6
:10311000F6D510E020F00100C5F89400FFF702F8A2
:10312000064604E0FEF7FEFF801B022878D8D5F89B
:1031300094008007F6D42078400761D5A86D00265A
:10314000C00008D4A86D40F08050A865A86D012685
:1031500000F0805000908E480168C90511D40168C4
:10316000804641F480710160FEF7DCFF074604E011
:10317000FEF7D8FFC01B022852D8D8F80000C005BF
:10318000F6D5A068012815D00528D5F8900016D0EE
:1031900020F00100C5F89000D5F8900020F0040060
:1031A000C5F89000A06841F28838B8B1FEF7BAFFC0
:1031B00007460EE0D5F8900040F00100F0E740F03F
:1031C0000400C5F89000F5E7FEF7ACFFC11B4145D0
:1031D00026D8D5F890008007F6D50CE0FEF7A2FFC0
:1031E000074604E0FEF79EFFC11B414518D8D5F8FD
:1031F00090008007F6D41EB1A86D20F08050A8651D
:103200002078800629D5A0690028D5F8980013D029
:1032100040F00100C5F89800FEF784FF064606E07E
:1032200075E000BFFEF77EFF801B02286FD8D5F83F
:1032300098008007F6D510E020F00100C5F898004E
:10324000FEF770FF064604E0FEF76CFF801B0228C5
:103250005DD8D5F898008007F6D4E069F0B3A96886
:10326000C1F3810103295DD00228286820F0807015
:10327000286003D0FEF756FF04464BE0FEF752FFEE
:10328000064604E0FEF74EFF801B02283FD8286860
:103290008001F7D4F4E908016FF00F0202EB01118D
:1032A0000843218A5204490802EB4151A26841EACD
:1032B00002210843217D4FF07E42490802EB416123
:1032C0000843217B40EAC160E968324A1140084363
:1032D000E860286840F08070286000E05EE0E86800
:1032E00040F08070E860FEF71DFF044605E000BF77
:1032F000FEF718FF001B022809D828688001F7D5BF
:103300004CE000BFFEF70EFF001B022802D903208D
:10331000BDE8F88328688001F4D4E8681E490840B5
:10332000E8603BE00128F3D0E868226A00F003017E
:10333000914226D1616A00F0F002090110399142F0
:103340001FD1A26A00F4FE41B1EB022F19D194F80B
:103350002C2000F07841B1EBC26F12D1218E00F425
:10336000C00249084905A1F50011914209D194F81C
:10337000341000F0C06049084906A1F10071814293
:103380000CD00120C4E700000010024038000020EB
:10339000007000400C809F01FCFFEEFE0020B7E7AC
:1033A000704770477047000030B590F83C20012A04
:1033B00045D0012280F83C20CA688B6822F4407214
:1033C0001A434B6822F480621A430B6822F40062AD
:1033D0001A430B6922F480521A434B6922F40052BB
:1033E0001A430B6B22F480421A430B8B22F4702297
:1033F00042EA0342CB6922F080521A43114D03681E
:103400000024AB4205D0104DAB4202D00F4DAB4271
:1034100010D10D8D22F4700242EA05520D6A22F09D
:1034200080722A434D6A22F000722A43C96A22F050
:1034300000520A435A6480F83C40002030BD02200C
:1034400030BD0000002C014000340140005001401C
:103450007047704770470000F0B590F83C20012A93
:1034600043D0012580F83C50022280F83D200368BB
:103470005A689C681E4E1F4FDFF87CC0B34203D0D1
:10348000BB4201D0634504D122F4700E4A6842EA7F
:103490000E02DFF868E002EA0E02D1F800E04EEA20
:1034A000020EC3F804E00268B24212D0B2F1804FBB
:1034B0000FD0134B9A420CD0124B9A4209D0124BA8
:1034C0009A4206D0BA4204D0104B9A4201D06245CB
:1034D00004D1896824F080031943916080F83D503D
:1034E000002180F83C100846F0BD0220F0BD00002D
:1034F000002C014000340140005001408FFFFFFDCF
:103500000004004000080040000C00400040014062
:10351000704710B5040003D094F83D0010B107E0E7
:10352000012010BD002084F83C00204600F022F865
:10353000022084F83D00211D206802F0B5FC012026
:1035400084F8480084F83E0084F83F0084F8400086
:1035500084F8410084F8420084F8430084F8440071
:1035600084F8450084F8460084F8470084F83D005C
:10357000002010BD10B586B0044614216846FCF743
:10358000F1FE21681B48B1F1804F0CD01A4A9142DC
:1035900007D1016E41F400510166006E00F4005045
:1035A000059006B010BD816D41F001018165816D0E
:1035B00001F001010591C16C41F00201C164C06CD0
:1035C000694600F00200059008200090022001905A
:1035D000002002900390012004900848FEF76CFC44
:1035E000002208211C20FFF757F91C20FFF746F99D
:1035F000D7E70000001002400034014000040048FA
:1036000090F83D10012901D001207047022180F877
:103610003D100168CA6842F00102CA60006813499F
:10362000884214D0B0F1804F11D0114988420ED099
:10363000104988420BD01049884208D00F4988426F
:1036400005D00F49884202D00E49884207D18168CF
:103650000D4A1140062906D0B1F5803F03D001681C
:1036600041F001010160002070470000002C014082
:103670000004004000080040000C004000340140FD
:1036800000400140005001400700010070B50446B1
:1036900090F83C00002501281CD0012684F83C60ED
:1036A000022084F83D0022689068334B184020F4D3
:1036B0007F4090600868B0F5005F2ED016DC40288F
:1036C00049D009DCD0B1102818D0202816D03028D5
:1036D00049D113E0022070BD50282AD0602830D094
:1036E00070280FD0B0F5805F3DD13DE010F00F0F96
:1036F00039D10111A1F58031072934D8226801465A
:10370000104625E0CB68D1E90121206802F04BFC8E
:103710002068816841F0770109E0CB68D1E9012197
:10372000206802F040FC2068816841F4804181609B
:103730001AE0CA684968206802F00AFE5021206831
:1037400006E0CA684968206802F054FE60212068DB
:1037500002F034FC08E0CA684968206802F0F8FD0D
:1037600040212068F4E7012584F83D60002084F8BA
:103770003C00284670BD000088FFCEFF2DE9F041D7
:103780000068B0F1804F53D12A4C2068C068C04314
:1037900080074DD4DFF8A08008214046FEF7B0FC3A
:1037A0000026264D012708B1E87828B108214046B7
:1037B000FEF7A6FC60B10DE0EF702068016A21F011
:1037C000A00101622068016A41F02001016229E044
:1037D000287940B108214046FEF792FC20B32879B1
:1037E00001280FD020E00421124800F041FB68615D
:1037F0002068016A21F0A00101622068016A01626B
:103800002F7111E004210B4800F032FB2861206881
:10381000016A21F0A00101622068016A41F02001E3
:1038200001622E712068466221686FF00400086111
:10383000BDE8F0813C0400200004004800010020A5
:103840002DE9F041054690F83C0000260C46012881
:1038500010D0012085F83C0072B1042A1CD0082A3F
:103860002CD00C2A50D00126002085F83C00304690
:10387000BDE8F0810220FBE7D4E90012E368286884
:1038800002F078FD2868816921F00C0181612868C7
:103890008169A26811430FE0D4E90012E368286847
:1038A00002F0BAFD2868816921F4406181612868CD
:1038B0008169A26841EA02218161D5E72868D4E9DB
:1038C000002C277B036A016A21F480710162C169BF
:1038D00023F4206321F0030141EA0C0121F0F00CF4
:1038E00039074FF420674CEA116107EA02221A43B4
:1038F000C16102622868C16921F00C01C1612868B8
:10390000C169A26811432BE02868D4E90021E76867
:10391000036AD0F820C02CF4805CC0F820C0D0F836
:103920001CC023F420432CF4407C4CEA012121F4F8
:10393000704C4FF6FF7101EA07314FF4204741EA1E
:103940000C0107EA02321A43C16102622868C169A8
:1039500021F44061C1612868C169A26841EA02217D
:10396000C16181E710B5040003D094F83D0010B1A7
:1039700007E0012010BD002084F83C00204600F044
:1039800022F8022084F83D00211D206802F08CFA04
:10399000012084F8480084F83E0084F83F0084F851
:1039A000400084F8410084F8420084F8430084F821
:1039B000440084F8450084F8460084F8470084F801
:1039C0003D00002010BD70472DE9F041044600681D
:1039D000C66805694FF00007A90713D5B10711D5CF
:1039E000F91E016101202077206880698007204648
:1039F00002D0FFF7C3FE04E000F0E0F8204600F03C
:103A0000A2F92777680716D5700714D521686FF0DB
:103A100004000861022020772068806910F4407F4C
:103A2000204602D0FFF7AAFE04E000F0C7F82046C7
:103A300000F089F92777280715D5300713D52168B5
:103A40006FF008000861042020772068C0698007B3
:103A5000204602D0FFF792FE04E000F0AFF82046C7
:103A600000F071F92777E80616D5F00614D521681D
:103A70006FF010000861082020772068C06910F4FA
:103A8000407F204602D0FFF779FE04E000F096F870
:103A9000204600F058F92777E80708D0F00706D04D
:103AA00021686FF001000861204600F0D7F9280670
:103AB00001D4A80408D5300606D521686FF4025059
:103AC00008612046FFF76DFCE80508D5300606D5ED
:103AD00021686FF4807008612046FFF761FC68067A
:103AE00008D5700606D521686FF0400008612046B1
:103AF00000F0D3F9A80608D5B00606D521686FF006
:103B0000200008612046FFF74DFCE80208D5F002CE
:103B100006D521686FF4801008612046FFF799FCF4
:103B2000A80208D5B00206D521686FF4001008611C
:103B30002046FFF78DFC680208D5700206D5216883
:103B40006FF4800008612046FFF784FC28020AD544
:103B5000300208D521686FF4000008612046BDE8F6
:103B6000F041FFF7D5BCBDE8F081000010B586B08C
:103B7000044614216846FCF7F5FB0E49206888428C
:103B800016D10D48C16C41F00101C164C06C002127
:103B900000F0010005904FF4004000900220CDE9B4
:103BA0000101CDE9031069464FF09040FEF784F91A
:103BB00006B010BD0034014000100240704770B5DF
:103BC000044690F83C0000260D4601280BD0012049
:103BD00084F83C000C2A4AD007DC82B1042A20D0A9
:103BE000082A06D131E0022070BD102A53D0142AD1
:103BF00063D00126002084F83C00304670BD206868
:103C000002F0E6F92068816941F0080181612068CD
:103C1000816921F004018161206881692A69114369
:103C200011E0206802F02AFA2068816941F40061FD
:103C300081612068816921F48061816120688169E6
:103C40002A6941EA02218161D4E7206802F066FA1C
:103C50002068C16941F00801C1612068C16921F093
:103C60000401C1612068C1692A69114311E020681B
:103C700002F0A4FA2068C16941F40061C1612068C2
:103C8000C16921F48061C1612068C1692A6941EA82
:103C90000221C161AEE7206802F0E0FA2068016D00
:103CA00041F0080101652068016D21F00401016502
:103CB0002068016D2A69114311E0206802F00AFBB7
:103CC0002068016D41F4006101652068016D21F4F7
:103CD000806101652068016D2A6941EA0221016560
:103CE00088E710B5040003D094F83D0010B107E058
:103CF000012010BD002084F83C00204600F022F88E
:103D0000022084F83D00211D206802F0CDF801203A
:103D100084F8480084F83E0084F83F0084F84000AE
:103D200084F8410084F8420084F8430084F8440099
:103D300084F8450084F8460084F8470084F83D0084
:103D4000002010BD7047704770B50446022269B16B
:103D5000042912D0082917D00C291CD0102921D0F1
:103D600094F84300012824D0012070BD94F83E004F
:103D70000128F9D184F83E201DE094F83F00012885
:103D8000F2D184F83F2016E094F840000128EBD1EE
:103D900084F840200FE094F841000128E4D184F831
:103DA000412008E094F842000128DDD184F8422047
:103DB00001E084F843200122206802F0E7F81D4961
:103DC00020681D4A1D4B1E4D88420BD0904209D0E1
:103DD000984207D01B4EB04204D01B4EB04201D0D7
:103DE000A84203D1466C46F40046466420688842E7
:103DF00011D0B0F1804F0ED0144988420BD0144935
:103E0000884208D01349884205D0904203D0984296
:103E100001D0A84207D181680F4A1140062906D077
:103E2000B1F5803F03D0016841F00101016000203D
:103E300070BD0000002C01400034014000400140F2
:103E4000005001400044014000480140000400408F
:103E500000080040000C0040070001000068034912
:103E6000884201D1FEF790BC70470000002C014051
:103E70000246002041B1042909D008290AD00C29A2
:103E800001D11068006C70471068406B7047106873
:103E9000806B70471068C06B7047704790F8841053
:103EA000012918D0012180F884102421C0F888103D
:103EB00001680A680B6823F001030B6022F00051CF
:103EC00000224266036819602021C0F8881080F83B
:103ED000842010467047022070477047704770B5C5
:103EE000044690F8840001281DD0012084F8840045
:103EF0002420C4F8880020680568026822F00102C6
:103F000002602068826822F060620A438260204674
:103F100002F0B6FB206805602020C4F8880000206D
:103F200084F8840070BD022070BD70B5044690F81E
:103F3000840001281DD0012084F884002420C4F8C6
:103F4000880020680568026822F00102026020688B
:103F5000826822F060420A438260204602F090FBB1
:103F6000206805602020C4F88800002084F88400C0
:103F700070BD022070BD7047704770472DE9F04159
:103F800003680446D86919689A6840F60F05284204
:103F90004FF000054FF002060AD187067ED501F0EA
:103FA000200702F0805C57EA0C0777D0616F42E18E
:103FB000B64FDFF8DCC2174001EA0C0C57EA0C0CD4
:103FC0006CD05FEAC07C0CD05FEAC15C09D54FF0D1
:103FD000010CC3F820C0D4F8903043F00103C4F8BA
:103FE0009030830709D5D30707D023681E62D4F821
:103FF000903043F00403C4F8903043070AD5D30748
:1040000008D0266804233362D4F8903043F00203CA
:10401000C4F8903003070CD501F020033B4308D0CF
:10402000266808233362D4F8903043F00803C4F8BC
:10403000903003050BD54B0109D526684FF400637A
:104040003362D4F8903043F02003C4F89030D4F8B1
:104050009030002B3DD0800609D501F0200002F001
:104060008051084303D0616F09B120468847D4F8D6
:10407000900021688968490602D410F0280F2AD0E0
:10408000204602F0E1FB2068806840061ED52068CB
:10409000083050E8001F21F0400100E021E040E836
:1040A0000012002AF3D1D4F8800078B179498163F5
:1040B000D4F88000FDF7CFFD00280AD0D4F88000A6
:1040C000816B00E02046BDE8F04108472046FFF73D
:1040D00054FFBDE8F0812046FFF74FFFC4F8905031
:1040E000F7E7D4F86CC02027BCF1010F7ED15FEA5E
:1040F000C06C7BD55FEAC16C78D51020186220684F
:104100008068400651D5D4F880100A6850680004D1
:10411000000C3ED0B4F85C3083423AD9A4F85E007B
:104120000868006880062CD4216851E8000F20F44C
:10413000807041E80002002AF6D12068083050E87B
:10414000001F21F0010140E80012002AF5D120688B
:10415000083050E8001F21F0400140E80012002A1A
:10416000F5D1C4F88C70E566216851E8000F20F0A5
:10417000100041E80002002AF6D1D4F88000FDF7D3
:1041800035FD2667B4F85C00B4F85E10401A81B2C1
:1041900007E0B4F85C1081429BD11068800698D586
:1041A00026672046FFF799FE93E7B4F85C00B4F861
:1041B0005E10401A81B2B4F85E00002889D0002950
:1041C00087D0226852E8000F20F4907042E8000384
:1041D000002BF6D12D4BDB432068083050E8002F30
:1041E0001A4040E8002CBCF1000F00E00EE0F3D1D3
:1041F000C4F88C70E5666567206850E8002F22F0EF
:10420000100240E80023002BF6D1C9E7C60209D509
:10421000560207D54FF4801018622046BDE8F041E1
:10422000FFF7AABE03060AD501F0800302F40002DC
:10423000134304D0A16F00297FF444AF49E742063D
:1042400011D54A060FD52046016851E8002F22F00B
:10425000400241E80023002BF6D1C0F88870856742
:1042600000F06DF935E7020206D54A0004D5204674
:10427000BDE8F041FFF77FBEC00195D5002993DA74
:104280002046BDE8F041FFF729BE00000100001004
:10429000200100043968000810B5040003D0D4F8E8
:1042A000880010B107E0012010BD002084F88400D0
:1042B000204600F027F82420C4F888002068016810
:1042C00021F001010160A06A10B1204602F0FAF964
:1042D000204602F04BFD0128E6D02068416821F419
:1042E000904141602068816821F02A018160206846
:1042F000016841F0010101602046BDE8104002F074
:1043000045BA00002DE9F0419CB00446142115A8DF
:10431000FCF728F854216846FCF724F83749206850
:10432000374C0226DFF8DC800427002588423CD188
:104330001020059500906846FEF746FB08B1FCF793
:10434000EBFCA06D40F48010A065A06D00F480101F
:104350001A90E06C40F00400E064E06C00F00400AF
:104360001A90E06C40F00800E064E06CCDE916655E
:1043700000F008001A904FF4805015900520CDE908
:10438000185015A94046FDF797FD15A91E48159729
:10439000FDF792FD3520FEF771FA00220721352046
:1043A000FEF77AFA1CB0BDE8F08118498842F9D1CD
:1043B000684600970395FEF707FB08B1FCF7ACFCD5
:1043C000A06D40F48020A065A06D00F480201A90BC
:1043D000E06C40F00400E064E06CCDE9166500F0AC
:1043E00004001A904FF4406015900720CDE9185052
:1043F00015A94046FDF760FDD4E7000000500040DD
:104400000010024000080048000C0048004800402E
:1044100030B4D0F88C30202B02D0022030BC704752
:10442000A9B1A2B10023C3660A4C0368A3420BD012
:104430005B681B0208D5046854E8003F43F08063C2
:1044400044E80035002DF6D130BC02F0DBBD012080
:10445000E4E70000008000400068094988420ED16E
:10446000084801780848B0F88020815430F8801F4F
:10447000491C0180012203490448FFF7C9BF704766
:1044800000500040340000203C330020D4040020C1
:104490002DE9F8430446D0F88800984616460D46A4
:1044A000202802D00220BDE8F883A5B19EB10020EB
:1044B000C4F890002120C4F888001834FDF732FEBB
:1044C000A6878146E68754F8100C2027183CB0F5E3
:1044D000805F02D003E00120E5E7206910B12E469D
:1044E000002510E000260EE08021204602F012FE9A
:1044F000C0B9DEB116F8010B21688862B4F8560025
:10450000401EA4F85600B4F856004B464FF0000287
:10451000CDF800800028E7D14FF04001204602F09E
:10452000F9FD40B1C4F888700320BCE735F8020BF0
:10453000C0F30800E0E7C4F888700020B3E77047D4
:10454000072930D2DFE801F00A10161C22280400E7
:104550000068D0F8841341F0010122E00068D0F82F
:10456000841341F002011CE00068D0F8841341F08C
:10457000040116E00068D0F8841341F0080110E04F
:104580000068D0F8841341F010010AE00068D0F808
:10459000841341F0200104E00068D0F8841341F056
:1045A0004001C0F88413704770B503681A68D3F8E7
:1045B000A0534C6922F020022646144324F0C00286
:1045C000202E2BD08C69022C28D0032C2BD0042C2D
:1045D0002ED022F0E00200BF22F40064CA69224318
:1045E00022F480640A6A224322F0C0644A6A2243A9
:1045F00022F000648A6A2243CC6A22F0404242EAF6
:10460000840222F000544A6B096B224325F4803463
:1046100021431A600068C0F8A01370BD22F0C002E8
:1046200042F02002D8E722F0800242F04002D3E7B5
:1046300022F0400242F08002CEE7F0B50024E426EA
:10464000056806EBC11755F807C0B82606EBC1167A
:10465000AE59402A20D00EDC082A2CD006DC012AD4
:104660001AD0022A27D0042A31D115E0102A13D0FB
:10467000202A2CD11FE0B2F5007F1CD005DC802A57
:1046800019D0B2F5807F22D106E0B2F5806F03D059
:10469000B2F5006F1BD10EE04FF0BC0E0EEBC11E49
:1046A0005A6845F80E204FF0C00E05680EEBC11198
:1046B0009A686A500BE0C42404EBC1145A682A516A
:1046C000C825046805EBC1119A6862501024FE21C8
:1046D000A1401A682CEA010CA240D96842EA0C02F7
:1046E000A14011431A69D3F814C01546A2400A43E9
:1046F0000CFA04FC99694CEA020CA14041EA0C0155
:10470000082D06D1B20504D4B20102D4DA69A24060
:1047100011430068C151F0BD2DE9F04F80240368BA
:1047200004EBC117DC5924F07044DC510568EC59E6
:10473000E82303EBC1139E4655F803C0E42303EBC3
:10474000C1139B4655F803A0D5F8A033566924F051
:1047500020043443202E24D09669022E21D0032E2B
:1047600024D0042E27D024F4D07400BF24F4006693
:10477000D469344324F48066146A344324F0C06658
:10478000546A344324F00066946A344324F070463B
:10479000D46A3443566B24F40034B6F1005F0FD072
:1047A00010E024F4C07444F02004DFE724F48074A3
:1047B00044F08004DAE724F0800444F48074D5E700
:1047C00044F4003424F04008946B2CF03F0C26464F
:1047D00044EA080424F48028946D44EA0804DFF8CD
:1047E000D08004EA0804D2F8508048EA040992F81C
:1047F0003C40D2F8408004F03F0444EA0C0424F02A
:10480000004448EA0408546C2AF4807C44EA0C040E
:10481000D2F848C0BCF5606F02D0BCF5F05F01D1A2
:10482000402E03D124F4F0544CEA040424F48046CE
:10483000D46C3443566D062927D2DFE801F0030912
:104840000F151B21126B23F4003343EA42031CE0D3
:10485000126B23F4802343EA820316E0126B23F4E5
:10486000002343EAC20310E0126B23F4801343EAEF
:1048700002130AE0126B23F4001343EA421304E02C
:10488000126B23F4800343EA821345F8079005680E
:1048900045F80E80056845F80B40D424026804EB07
:1048A000C11156500068C0F8A033BDE8F08F000079
:1048B000FFFF06FEFEE7000070B5C91CC1F38704C8
:1048C00000210A4D0FE000BF00EBC1035A685B886E
:1048D0001E0C324330F8316046EA034305EBC10653
:1048E000491CC6E90032A142EEDB70BD7801002010
:1048F0000148FDF742BF00002C04002000EB8100BE
:10490000006E00F0F84070478068C0F3C000704748
:104910008068C0F3800070478068C0F380007047F3
:10492000C06810F4406F01D000207047012070472C
:10493000042303EAD15310B518444369C1F3045169
:1049400007248C40A3438A401343436110BD00EB0E
:104950008100016E21F000411143016670470000A3
:1049600008B5AE480090FF24002301226421ACA0CA
:1049700004F04AFBDFF8B0924FF47A764D46C9F85E
:104980000400AA480090002301223146A8A004F0A8
:104990003BFBA860AA48009000230122C821A9A0DF
:1049A00004F032FBE860AA4800900023012231465F
:1049B000A8A004F029FB2861AA4800900023012246
:1049C0003146A9A004F020FB686104F09DF94FF086
:1049D000000A0246CDF800A053460121686804F0A1
:1049E0005DFBA548006803F067FA0146A3A0FCF749
:1049F0008CF9A9A1ABA0FCF788F9AEA1B0A0FCF797
:104A000084F9B34EDFF8CC824FF4FA7B03F0A4FABA
:104A1000377898F8105003F0BFFAFCF749FA0146CE
:104A2000ADA0FCF772F92946AFA0FCF76EF921465C
:104A3000B4A0FCF76AF93946B7A0FCF766F9AC42B6
:104A400052D02C46062D4FD2DFE805F003284F76D2
:104A50009BBE0023CDF800A055461A4603214F46C1
:104A6000D9F80C0004F01AFB002300951A46032124
:104A7000386904F013FB002300951A460321786976
:104A800004F00CFBFCF784F8FCF771F804F03CF937
:104A90000246002300950121B868B9E00023CDF853
:104AA00000A055461A4603214F46D9F8080004F0E5
:104AB000F5FA002300951A460321F86804F0EEFA8F
:104AC000002300951A460321386904F0E7FA002311
:104AD00000951A460321786904F0E0FAFCF73CF8E7
:104AE000FCF745F8FCF75AF894E00023CDF800A055
:104AF00055461A4603214F46D9F8080004F0CEFA6D
:104B0000002300951A460321F86804F0C7FA002331
:104B100000951A460321386904F0C0FA0023009575
:104B20001A460321786904F0B9FAFCF715F8FCF786
:104B30002FF8FCF722F86DE00023CDF800A05546D1
:104B40001A4603214F46D9F8080004F0A7FA0023BB
:104B500000951A460321386904F0A0FA0023009555
:104B60001A460321786904F099FAFBF7F5FFFBF781
:104B7000FEFF04F0C9F80246002300950121F86801
:104B800046E00023CDF800A055461A4603214F46C3
:104B9000D9F8080004F082FA002300951A46032190
:104BA000F86804F07BFA002300951A46032138695F
:104BB00004F074FAFBF7D0FF04F0A6F802460023D5
:104BC00000950121786923E00023CDF800A0554627
:104BD0001A4603214F46D9F8080004F05FFA002373
:104BE00000951A460321F86804F058FA002300954E
:104BF0001A460321786904F051FAFBF7ADFFFBF781
:104C0000C7FF04F081F802460095002301213869AE
:104C100004F044FA584603F077FAF7E6F148000842
:104C2000494F5F4C4544000028010020C907000897
:104C3000424C455F424C55455F4C454400000000E6
:104C4000550B0008424C455F5245445F4C454400BB
:104C5000F9070008424C455F475245454E5F4C45B9
:104C600044000000CD070008475245454E5F5245BD
:104C7000445F4C45440000000C0000204C6564502B
:104C8000726F635461736B5F48616E646C65723AF6
:104C9000256C642E0D0A00004A756C2032352032D6
:104CA000303235005F444154455F2069733A2573C3
:104CB0000D0A000031313A30363A30390000000038
:104CC0005F54494D455F2069733A25730D0A000012
:104CD0000000002098010020476574457272436E01
:104CE000743A25642E0D0A005458706172616D6526
:104CF0007465722E6C65645F737461743A25642EFA
:104D00000D0A0000496E69745F6C65645F737461BD
:104D1000743A25642E0D0A00675F74785F737973A7
:104D200074656D5F737461743A25642E0D0A00001A
:104D300030B58BB0002408940994202168460A9469
:104D4000FBF710FB1D484FF0A041042501604FF414
:104D50004031C0E90114C4600461C0E9054504772D
:104D600044770121016280F82440C462046380F822
:104D70003840C46380F84040FCF74EFC08B1FBF7B4
:104D8000CBFF08A90D480894FCF75CF908B1FBF7C4
:104D9000C3FF0B48009006200190072002907F205F
:104DA0000594CDE9030569460448FCF7FBF90028A2
:104DB00001D0FBF7B1FF0BB030BD0000580200205E
:104DC0000200300430B589B020216846FBF7CAFAEA
:104DD00019481849002401604FF44031C0E901141A
:104DE000C46004250461C0E90545047744770121C6
:104DF000016280F82440C462046380F83840C463D0
:104E000080F84040FCF708FC08B1FBF785FF0B4831
:104E100000900620CDE901047F200594CDE903052B
:104E200069460548FCF7BEF9002801D0FBF774FF7E
:104E300009B030BD00010050C40200200080F03EE7
:104E40001CB505490120CDE900010023322203A150
:104E5000054803F0F3FE1CBD080000207374617266
:104E6000745F7461736B0000317D000870B586B0AB
:104E700014216846FBF776FA2D48C16C41F0040115
:104E8000C164C16C01F004010591C16C41F02001C5
:104E9000C164C16C01F020010591C16C41F00101B8
:104EA000C164C16C01F001010591C16C41F00201C6
:104EB000C164C16C01F002010591C16C41F00801AF
:104EC000C164C06C012200F0080095024FF09046CA
:104ED000059029463046FDF720F90022E0213046B2
:104EE000FDF71BF900244FF44050CDE9000469465A
:104EF00010480294FCF7E0FF00950125CDE902542B
:104F0000694630460195FCF7D7FFE020CDE9000562
:104F1000CDE9025469463046FCF7CEFF1020CDE9BA
:104F20000004694604480294FCF7C6FF06B070BD51
:104F30000010024000040048000800482DE9F0433A
:104F4000B5B000242E942F9430941C2127A83194BE
:104F5000FBF708FA60216846FBF704FA32943394B1
:104F6000202118A83494FBF7FDF91C2120A8FBF799
:104F7000F9F95E485C49C0E900148460FDF766F900
:104F800008B1FBF7C9FE0C215848FDF72EF908B10E
:104F9000FBF7C2FE0A215548FDF7CCF908B1FBF733
:104FA000BBFE02274FF004092097CDE9219401268A
:104FB0008020CDE92406239420A94C482696FDF7AD
:104FC000B7F808B1FBF7A8FEDFF8248108252EAA60
:104FD000B8F80000CDE92E0400214448CDE9304561
:104FE000FDF7EEF908B1FBF797FE29942A9427AA5A
:104FF00000213E4827962D94FDF74AFB08B1FBF7A8
:105000008BFE4AF6802200213848FDF7B4F908B13A
:10501000FBF782FE009401940294CDE903460594C7
:10502000069407944FF000600894CDE90940C0123F
:10503000CDE90B404003CDE90D040F941094119479
:1050400012941494159416946A46002127481794D4
:10505000FDF7D6FA08B1FBF75FFEB8F8000032ABF7
:1050600050383290012200212048FDF7E6F908B1BE
:10507000FBF752FE5020329032AB042200211B4835
:10508000FDF7DBF908B1FBF747FECDE91875CDE96F
:105090001A541C941D941E9418AB0122002113482D
:1050A0001F94FDF77AFA08B1FBF736FE2020CDE910
:1050B0001840CDE91A091C9518AB022200210B48B3
:1050C000FDF76BFA08B1FBF727FE00F05DFE032148
:1050D0000648FDF77DFA4FF400310448FDF747FA22
:1050E00035B0BDE8F08300000068014030030020C7
:1050F000040000200B4810B50949016004214160FB
:1051000040F6FF71C1604FF4FA718160FDF702FB58
:10511000002803D0BDE81040FBF7FEBD10BD000025
:10512000003000402C04002010B58CB00024059401
:10513000224804940694079408940A9409940094CD
:10514000019402944FF0804103940160A921C0E9C9
:1051500001144FF6FF71C0E903148461FEF7D9F919
:1051600008B1FBF7D9FD4FF48050049004A913480F
:10517000FEF78CFA08B1FBF7CFFD1048FEF7F2FB03
:1051800008B1FBF7C9FD2020089008A90A940B4834
:10519000FEF762F908B1FBF7BFFD0120CDE9004041
:1051A00002940422694605480394FEF749FB00284F
:1051B00001D0FBF7B1FD0CB010BD00003C04002095
:1051C00030B59BB0002419941A9417941894149431
:1051D00015941C210DA81694FBF7C4F834216846D9
:1051E000FBF7C0F82E482D4941F68F25C0E9001481
:1051F000C0E9024580210461C0E90541FEF789F953
:1052000008B1FBF789FD4FF48050179017A9244887
:10521000FEF73CFA08B1FBF77FFD2148FEF761FD80
:1052200008B1FBF779FD1494159414A91C48169441
:10523000FEF712F908B1FBF76FFD6020CDE90E54BF
:105240000D9010941194129400220DA914481394F7
:10525000FEF7B5FC08B1FBF75FFD00944FF400507A
:10526000CDE9044003940003CDE908400194029481
:10527000069407940A940B94694609480C94FEF727
:1052800093F808B1FBF748FD0548FEF76FFC0021D5
:105290000348FEF759FD1BB030BD0000003401404B
:1052A0008804002010B50F4C0D49C4E900100020FF
:1052B000A0600C21E060C4E90401A0612046FEF773
:1052C000EBFF08B1FBF728FD012207490548FFF76E
:1052D0009FF82068016841F01001016010BD0000D6
:1052E00000500040D404002034000020184810B5BD
:1052F000164901604FF4E1314160002181600C22C8
:10530000C160C0E904128161C161016241628162D0
:10531000FEF7C2FF08B1FBF7FFFC00210C48FEF7C7
:1053200004FE08B1FBF7F8FC00210948FEF7D7FDA1
:1053300008B1FBF7F1FC0648FEF7B0FD002803D0EA
:10534000BDE81040FBF7E8BC10BD0000004800407D
:1053500068050020FEE700002DE9F0412248234DBA
:1053600021498088204C40BAE881AA890B78823490
:1053700016184978B6F57A7F23702ED261704100F5
:10538000A170002104F182070CE0531857F8236044
:1053900033884FEA132C04EB4103491C83F803C004
:1053A00036781E7103468142EFDB032101EB430097
:1053B00081B20D48823002F055FD2882E98904EB64
:1053C0004102D070000A1071052000EB4101BDE8D8
:1053D000F0410548823001F0E7BE41F08000607086
:1053E0000220A0700321F2E73C330020400100209E
:1053F00070B5174D1548AB8900F58272017952F8E6
:105400002330090200F182041980AB8952F823206D
:105410004379194311800178217041786170817856
:10542000A170C178E1700179217140796071062124
:10543000204602F017FD2882A071000AE071204684
:10544000BDE87040082101F0AFBE00003C330020F1
:10545000400100202DE9F0471F481E49204E016001
:10546000091F4160891C8160091DC160891C01619F
:105470000C318C1EC0E9051418490020A4F1120556
:1054800008604860174FE8804FF0FF0886F80080FA
:105490004FF0060987F80090A88028806880A4F85B
:1054A0000080A4F80290032221460F4800F09AFBE6
:1054B000A0886881A0F57F41FF3905D02078307041
:1054C000A0783870BDE8F08786F8008087F80090F3
:1054D000F8E700004401002040340020BC01002017
:1054E000020000200300002000F80008FEE7000092
:1054F0001FB50FA10522D1E90001CDE9020102A9E2
:10550000302000F0FDF805226946102000F068F810
:10551000002069460A5CA52A03D1401CC0B20528B8
:10552000F8D3052802D0012004B010BD0020FBE70D
:10553000A5A5A5A5A500000070B51B4886B0C16C47
:1055400041F00201C164C06C4FF4005500F002004C
:10555000059001200024CDE90050CDE90204134E4E
:1055600069463046FCF7A8FC012229463046FCF784
:10557000D4FD1020CDE9000402940D4C694620466C
:10558000FCF79AFC012220212046FCF7C6FD0022F0
:1055900029463046FCF7C1FD012251022046FCF7A6
:1055A000BCFD06B070BD00000010024000080048BD
:1055B0000004004810B500224FF400510648FCF7E3
:1055C000ACFD012251020548FCF7A7FDBDE81040E3
:1055D0000A20FCF77DBB00000008004800040048DA
:1055E0002DE9F047DFF8409015460F4604464FF48A
:1055F0000078002241464846FCF78FFD204601F026
:1056000039FE0646002405E0FF2001F033FE385540
:10561000641CE4B2AC42F7D3012241464846FCF791
:105620007CFD3046BDE8F0870004004870B50B4EA5
:1056300004464FF40075002229463046FCF76DFD04
:10564000204601F017FEFF2001F014FE044601225F
:1056500029463046FCF761FD204670BD0004004835
:1056600070B505460720FFF7E1FF044601462720F5
:1056700000F06CF860060AD50A2229466120FFF77F
:10568000AFFFFF21E22000F061F8002070BD012093
:1056900070BD000070B5184E04464FF4005500224E
:1056A00029463046FCF739FD0A222146A02000F0A9
:1056B00027F8012229463046FCF72FFD0F4C102118
:1056C0002046FCF71DFD0028F9D10720FFF7AEFFAB
:1056D00004460146272000F039F8E00605D5FF21F1
:1056E000E12000F033F8102070BDA00601D5202085
:1056F00070BDFF2070BD0000000800480004004895
:105700002DE9F047DFF8409015460F4604464FF468
:105710000078002241464846FCF7FFFC204601F095
:10572000A9FD0646002404E0385D01F0A3FD641CD9
:10573000E4B2AC42F8D3012241464846FCF7EDFC06
:105740003046BDE8F0870000000400482DE9F04134
:105750000C4E0F4604464FF4007500222946304691
:10576000FCF7DBFC204601F085FD0446384601F0DD
:1057700081FD012229463046FCF7CFFC2046BDE8DA
:10578000F08100000004004810B5044600200246E5
:105790000AE0A35C03EB001010F0704302D080EA33
:1057A00013605840521CD2B28A42F2D310BD00009E
:1057B00008B53C48002300901A4647F230513AA001
:1057C00003F022FCDFF8F49000234C46C9F81C00DB
:1057D0003B4800901A4641F288313AA003F014FC8D
:1057E0002062642002F090FC14213A48FBF7CCFBC5
:1057F00040F6E4414843000B00EB40004008E06005
:10580000354E364C364D4CF24F374FF0030800BF43
:1058100000F056FEFAF7A0FF21688819B84236D882
:10582000DFF8C0A04FF480515046FCF769FC834676
:105830004FF400515046FCF763FC0246BBF1010FE8
:1058400001D1012A08D00B20E07485F80080594668
:1058500025A0FBF75AFA21E0E068A0F54071E7398E
:1058600004D028480078012805D006E01620E0740E
:1058700085F8008012E000F055F8FBF7FFF999F881
:10588000050058B11120E0740420287006E085F866
:1058900000800A20E0741CA0FBF737FA642002F0B5
:1058A00033FCB5E73165000854656D70657261744D
:1058B0007572652054696D654F7574000001002094
:1058C0000D0D00084572726F722053746174757308
:1058D0000000000004006008BF81FAFF980100206A
:1058E00000000020000400485F7265616479312087
:1058F00025642C5F6661756C7431202025640D0A67
:1059000000000000EB0000205458706172616D656A
:105910007465722E54785F555F504643A3BA256470
:10592000200D0A00F8B510212448FCF7E9FB244FAC
:10593000244E254C012170B100252448257061704A
:105940000078C0B10A206072A078617A884214D2CF
:10595000401CA070F8BD2170A1706078052802D2AB
:10596000401C6070F8BD38780028FBD1307D0028DD
:10597000F8D13175F8BD0320E5E7FBF71BF91448B2
:1059800005707574FBF7B4F93D70E06903F0BAFB7C
:1059900030B1002300951A460321E06903F07EFB35
:1059A000206A03F0AFFB0028E4D0002300951A46DC
:1059B0000321206A03F072FBF8BD000000080048D4
:1059C000000000209801002000010020EC000020D1
:1059D00001000020FFF73EFD1A48007800F076F93C
:1059E000FFF760FC184E194D194FDFF868801A4C0C
:1059F000DFF868A04FF0FF3B4FF0000959463068D0
:105A000003F026F802F0A8FA6868010C2180608093
:105A10002968A1804843B0FBF7F0E08098F80000C7
:105A200002280DD00E48C07C208102F0B5FA00F0AB
:105A300019F880210948FAF795FCAAF88090DDE76B
:105A40000520F1E70300002028000020BC01002011
:105A500040420F0000000020400100203C330020A5
:105A6000980100202DE9F041384C394F21783878E1
:105A7000814268D1627804F1820542F08000032AF5
:105A800005D0062A03D029706870012043E062889F
:105A9000304E52BAB2F57A7FB28139D2B4F8800072
:105AA000801E81B2294802F0DDF930822749B4F81E
:105AB0008020891E11440988884221D160780328FA
:105AC00002D0062805D102E0FFF746FC01E0FFF70F
:105AD0008FFC2049B28912311F48052A23D0062A9B
:105AE00031D16278062A2ED14AF6AA228A80097814
:105AF0003970BDE8F04117490322123100F092B825
:105B000020782870607840F080006870042002E0FF
:105B1000297068700220A870BDE8F0410B4803218D
:105B2000823001F041BB6278062A0CD14AF6BB22D2
:105B30008A800A4A8978117006490322123100F0DE
:105B400071F800F0E1F8BDE8F08100003C3300207E
:105B5000020000204001002000F80008030000209F
:105B600070B51749174D4FF40054087000222146B4
:105B70002846FCF7D2FA052211492A20FFF7C0FD7A
:105B800001212120FFF7E2FD01212220FFF7DEFDA8
:105B900028212520FFF7DAFD0A213120FFF7D6FD65
:105BA0000F212620FFF7D2FD0F212020FFF7CEFD89
:105BB00021462846BDE870400122FCF7AEBA00003D
:105BC0005A0100200008004804490020086048608D
:105BD0008860C8600249487488747047BC0100201E
:105BE0009801002070B58AB00D460446521CC2F3DD
:105BF000470628216846FAF7B5FB002269460CE003
:105C000001CC41F8220025F8220051F8220005EBD2
:105C10008203000C521C588092B2B242F0D30AB0F8
:105C200070BD00002DE9F0410B46064611461846AE
:105C3000FEF742FEFCF72CF920494FF400400861C2
:105C40001F48FBF741F91F4C1D4F20372060384695
:105C5000FBF73AF922680123811A491C1A48C4E962
:105C60000113C0E902210025C0E900530A2505E01F
:105C7000144915481031FCF73DF810B16D1EEDB216
:105C8000F6D2DFF84080002508F11808E6600CE045
:105C900008EBC500D0E900230020FCF7A7F820B9E5
:105CA000E06808306D1CEDB2E060E168B942EFD306
:105CB000FCF78EF8E660BDE8F081000000200240AD
:105CC00000F8000860010020683400204FF4E13142
:105CD000062816D2DFE800F00306090C0F124FF475
:105CE000166070474FF4965070474FF41650704747
:105CF0004FF4964070474FF4164070474FF46140A0
:105D0000704708467047000072B6BFF34F8F0548D2
:105D10000168054A01F4E06111430160BFF34F8F50
:105D200000BFFDE70CED00E00400FA0500B587B008
:105D3000FFF704F91248C16C41F00101C164C06C65
:105D4000142100F0010005906846FAF70BFB0021D2
:105D50000C48FCF72CFA4FF4FA70FBF7B9FF4FF43C
:105D600040700090022001900290002003900D20CE
:105D7000049069464FF09040FCF79EF807B000BDD4
:105D8000001002403003002030B587B0142168466F
:105D9000FAF7E8FA1748C16C41F00101C164C06C20
:105DA0004FF4407400F0010005900120CDE900405F
:105DB0000020029003204FF090450390694628464A
:105DC000FCF77AF8002221462846FCF7A6F90A4893
:105DD00044F694310268C2F89C1000685021C0F863
:105DE000A81001210448FCF7E2F96420FBF770FFDA
:105DF00007B030BD001002403003002010B54FF056
:105E0000E020006902F072FF012803D0BDE81040D5
:105E100002F06ABB10BD10B594B038216846FAF79D
:105E2000A1FA14210EA8FAF79DFA0020FCF766FDEE
:105E3000092000904FF4803001900120059002204D
:105E40000324CDE907045521CDE90A100C900D90EB
:105E500009946846FDF7A2F808B172B6FEE70F2074
:105E6000CDE90E04002010901190129004210EA88C
:105E7000FCF72AFF002801D072B6FEE714B010BD6F
:105E80000248016841F470010160704788ED00E04C
:105E90000148FDF799BD0000FC0500200148FDF711
:105EA00093BD00003C0400202DE9F04F02682E4B0A
:105EB0002E4E2F4FDFF8BCC02F4C304D4FF0804B93
:105EC00098420BD0584509D0B04207D0B84205D00F
:105ED000604503D0A04201D0A84204D122F070084E
:105EE0004A6842EA0802DFF89880DFF89890DFF805
:105EF00098A0984211D058450FD0B0420DD0B8426A
:105F00000BD0604509D0A04207D0404505D0484598
:105F100003D0504501D0A84203D122F44076CA688C
:105F200032434E6922F08002324302608A68C262C4
:105F30000A688262984209D0A04207D0404505D045
:105F4000484503D0504501D0A84201D109690163F9
:105F5000012141610169C90703D0016921F00101F3
:105F60000161BDE8F08F0000002C014000040040FA
:105F700000080040000C0040003401400050014087
:105F800000400140004401400048014010B501F0CC
:105F90001F030121046A99408C430462016A9A40FC
:105FA0001143016210BD10B5846842EA032224F453
:105FB0007F440A432243826010BD00008268034B85
:105FC0001A400A4342F00701816070478FFFCFFFFC
:105FD0002DE9F047056A026A22F001020262436875
:105FE00082691F4C25F0020522400C6822F0030252
:105FF00014438A681C4E2A431A4D1C4FDFF870C0A8
:10600000DFF87090DFF870A0A84209D0B04207D046
:10601000B84205D0604503D0484501D0504506D16F
:1060200022F00808CA6842EA080222F00402A842E4
:1060300009D0B04207D0B84205D0604503D04845EA
:1060400001D0504505D14D6923F440731D438B6940
:106050002B4343608461496841630262BDE8F08775
:106060008FFFFEFF002C0140003401400040014042
:10607000004401400048014000500140F0B5056A6D
:10608000026A22F010020262426883691C4C1E4EB2
:1060900023400C6823F4407343EA042425F02003D2
:1060A0008D681A4F43EA0513164DA84203D0B0423B
:1060B00001D0B84207D1D1F80CC023F0800343EAE5
:1060C0000C1323F04003A8420CD0B0420AD0104D6C
:1060D000A84207D00F4DA84204D00F4DA84201D0CE
:1060E000B84207D14D6922F4406242EA85028D69C7
:1060F00042EA850242608461496881630362F0BDBF
:10610000FF8FFFFE002C0140003401400050014091
:10611000004001400044014000480140F0B5056ADC
:10612000026A22F4807202624368C2691C4C1E4EED
:1061300022400C6822F00302144325F400728D689B
:106140001A4F42EA0522174DA84203D0B04201D0AF
:10615000B84207D1D1F80CC022F4006242EA0C2206
:1061600022F48062A8420CD0B0420AD0104DA8425E
:1061700007D0104DA84204D00F4DA84201D0B8421C
:1061800007D14D6923F4405343EA05138D6943EA6F
:1061900005134360C4614968C1630262F0BD000039
:1061A0008FFFFEFF002C01400034014000500140F1
:1061B000004001400044014000480140F0B5056A3C
:1061C000026A22F4805202624268C3691C4C1E4E6D
:1061D00023400C6823F4407343EA042425F400535D
:1061E0008D681A4F43EA0533164DA84203D0B042DA
:1061F00001D0B84207D1D1F80CC023F4004343EAE0
:106200000C3323F48043A8420CD0B0420AD0104D86
:10621000A84207D00F4DA84204D00F4DA84201D08C
:10622000B84207D14D6922F4404242EA85128D6995
:1062300042EA85124260C461496801640362F0BDAC
:10624000FF8FFFFE002C0140003401400050014050
:1062500000400140004401400048014030B5056A5B
:10626000026A22F4803202624268036D124C2340BB
:106270000C681C4325F400330D8943EA05430F4D98
:10628000A8420ED00E4DA8420BD00E4DA84208D009
:106290000D4DA84205D00D4DA84202D00C4DA8428C
:1062A00004D14D6922F4803242EA0522426004653D
:1062B00049688164036230BD8FFFFEFF002C0140FE
:1062C00000340140004001400044014000480140CA
:1062D0000050014030B5046A026A22F48012026262
:1062E0004268036D134D24F400142B400D6843EAFB
:1062F00005230D8944EA05540F4DA8420ED00F4DD9
:10630000A8420BD00E4DA84208D00E4DA84205D091
:106310000D4DA84202D00D4DA84204D14D6922F482
:10632000802242EA8522426003654968C1640462B2
:1063300030BD0000FF8FFFFE002C01400034014003
:10634000004001400044014000480140005001402D
:1063500010B5036A046A24F001040462846924F01D
:10636000F00444EA021423F00A020A438461026240
:1063700010BD000070B5056A046A24F001040462CF
:106380008469154EB04214D0B0F1804F11D0134E35
:10639000B0420ED0124EB0420BD0124EB04208D0D6
:1063A000114EB04205D0114EB04202D0104EB04254
:1063B00003D124F00304144301E044F001041A075C
:1063C00024F0F00444EA126225F00A0301F00A0105
:1063D00019438261016270BD002C0140000400403D
:1063E00000080040000C0040003401400040014023
:1063F0000050014010B5036A046A24F010040462DE
:10640000846923F0A00324F4704444EA023243EA8E
:1064100001118261016210BD30B5046A056A25F080
:1064200010050562856925F4407545EA022222F4CB
:1064300070454FF6FF7202EA033224F0A0032A43AC
:10644000A02404EA011119438261016230BD0000F9
:1064500070B51949194D4FF40054087000222146B7
:106460002846FBF75AFE052213493020FFF748F96A
:10647000052211492A20FFF743F901212120FFF7C6
:1064800065F901212220FFF761F91A212420FFF785
:106490005DF928212520FFF759F90F212620FFF764
:1064A00055F90E212020FFF751F921462846BDE875
:1064B00070400122FBF731BE5A010020000800485D
:1064C00010B514211348FAF75FFDF9F7C8FF9FEDE7
:1064D000121B53EC112BF9F750FF9FED111B53ECDE
:1064E000112BF9F74AFFF9F7C7FF00EE900AB1EE5A
:1064F000040A9FED0D1A30EE600A20EE011A81EEBB
:10650000200AFAF769FBBDEEC00A084880ED030ACD
:1065100010BD00008000501D6666666666660A4013
:10652000000000000000303F00007A449801002085
:10653000014900200870704700000020F8B5364C73
:106540000025364EE17C05281CD2DFE800F0034B25
:106550001C2052000B2912D10A2001F0D5FD304F2A
:106560004FF48066002231463846FBF7D6FD6420A2
:1065700001F0CAFD012231463846FBF7CEFD2574F5
:10658000FF20E074F8BD27480570022011E0306854
:1065900002F0B8FD30B1002300951A46032130689F
:1065A00002F07CFDFAF706FBFAF782FC032802D31F
:1065B00003202074F8BD1C4E306802F0A3FD0028B3
:1065C000F8D1FAF7F3F8FAF773FC0328F2D202F0E5
:1065D0009BFB0246009500230121306802F05EFD1E
:1065E0002574F8BD01200029E3D00129E1D105205F
:1065F000DFE7FAF7DFFA04202074306802F082FD4A
:106600000028EED102F080FB024600950023012114
:10661000306802F043FDF8BD980100201C01002005
:1066200000080048FC0000202001002008B51048A8
:10663000FDF7A4FC0E480068C169C90616D51021F3
:1066400001620C48B0F8800002280FD90A48694658
:10665000006802F012F90098002807D007494FF0AF
:1066600080500860BFF34F8FBFF36F8F08BD0000ED
:10667000D40400203C3300202800002004ED00E07A
:1066800030B5416EB9B1026891689268C1F3426158
:106690000B4B520F9C5CE50003F10804A25CB5FBB8
:1066A000F2F2A0F86A205A5C615CD200B2FBF1F110
:1066B000A0F8681030BD0121A0F86A10F8E70000CA
:1066C0004C91000890F82810090706D501684A681F
:1066D000836B22F400421A434A6090F82810C907DD
:1066E00006D001684A68C36A22F400321A434A603D
:1066F00090F82810890706D501684A68036B22F4D0
:1067000080321A434A6090F82810490706D501687C
:106710004A68436B22F480221A434A6090F828109A
:10672000C90606D501688A68C36B22F480521A43F1
:106730008A6090F82810890606D501688A68036C7B
:1067400022F400521A438A6090F82810490611D5A5
:1067500001684A68436C22F480121A434A60416C13
:10676000B1F5801F06D101684A68836C22F4C0022B
:106770001A434A6090F82810090606D501684A684D
:10678000C06C22F4002202434A6070472DE9F843AE
:1067900000260446C0F89060FBF7C4FC80462068E1
:1067A00000684FF0200500076FF07E4713D5434681
:1067B000002229042046009700F0ACFC58B1216863
:1067C00051E8000F20F0800041E80002002AF6D1D5
:1067D000C4F8885021E020680068400722D543466D
:1067E00000224FF480012046009700F093FCC8B1CE
:1067F000216851E8000F20F4907041E80002002A5F
:10680000F6D12068083050E8001F21F0010140E86F
:106810000012002AF5D1C4F88C5084F8846003205B
:10682000BDE8F883C4F88850C4F88C5044F86C6F05
:10683000666026760020F3E710B5806A0021A0F894
:106840005E10FDF79AFB10BD10B5026852E8001FFC
:1068500021F4907142E80013002BF6D10E4B026830
:10686000083252E8001F194042E80014002CF6D10B
:10687000C16E012908D1016851E8002F22F01002F1
:1068800041E80023002BF6D12021C0F88C10002114
:10689000C166416710BD0000FEFFFFEF10B5B0F804
:1068A0006020D0F88C300168222B04D0886940F039
:1068B0000800886110BD496A836D11401980816D9F
:1068C000891C8165B0F85E10491EA0F85E10B0F812
:1068D0005E100029EED1026852E8001F21F4907189
:1068E00042E80013002BF6D10168083151E8002F6F
:1068F00022F0010241E80023002BF5D12021C0F84D
:106900008C10002141670167154B02689A420BD039
:106910005268120208D5036853E8002F22F0806203
:1069200043E80024002CF6D1C26E012A02D0FDF704
:1069300093FD10BDC166026852E8001F21F01001EE
:1069400042E80013002BF6D10168CA69D243D2068F
:1069500001D410220A62B0F85C10FDF7BEFA10BD37
:10696000008000402DE9F0470446B0F86060006800
:10697000C569D0F800A0D0F80890D4F88C1022296E
:1069800005D0816941F008018161BDE8F087B4F864
:1069900068704FF0000844E02068406AA16D304004
:1069A0000880A06D801CA065B4F85E00401EA4F8AD
:1069B0005E002068C569690730D0E9070AD05FEA40
:1069C000CA5107D501210162D4F8900040F00100BE
:1069D000C4F89000A8070BD55FEAC97008D02168F9
:1069E00002200862D4F8900040F00400C4F890003F
:1069F00068070BD55FEAC97008D0216804200862D7
:106A0000D4F8900040F00200C4F89000D4F8900050
:106A100020B12046FDF7B1FAC4F89080B4F85E00CA
:106A200000B30FB1A806B7D4B4F85E000028ACD00C
:106A3000B4F868108142A8D92068083050E8001FD7
:106A400021F0805140E80012002AF5D12A48606701
:106A5000206850E8001F41F0200140E80012002AA1
:106A6000F6D192E7216851E8000F20F4807041E8E8
:106A70000002002AF6D1214A2068083050E8001FA1
:106A8000114040E80013002BF6D12020C4F88C0000
:106A9000C4F874804046C4F87080194A2168914255
:106AA0000BD04968090208D5226852E8001F21F07E
:106AB000806142E80013002BF6D1E16E012903D07A
:106AC0002046FDF7C9FCAFE7E066216851E8000FFA
:106AD00020F0100041E80002002AF6D12068C169C8
:106AE000C943C90601D410210162B4F85C102046E4
:106AF000FDF7F3F998E700009D680008FEFFFFEF3F
:106B00000080004010B5B0F86020D0F88C300168EB
:106B1000222B04D0886940F00800886110BD496AC2
:106B20001140826D1170816D491C8165B0F85E1055
:106B3000491EA0F85E10B0F85E100029EED1016881
:106B400051E8002F22F4907241E80023002BF6D187
:106B50000168083151E8002F22F0010241E80023CA
:106B6000002BF5D12021C0F88C100021416701676E
:106B7000154B02689A420BD05268120208D503687E
:106B800053E8002F22F0806243E80024002CF6D165
:106B9000C26E012A02D0FDF75FFC10BDC16602681B
:106BA00052E8001F21F0100142E80013002BF6D13B
:106BB0000168CA69D243D20601D410220A62B0F831
:106BC0005C10FDF78AF910BD008000402DE9F04708
:106BD0000446B0F860600068C569D0F800A0D0F83D
:106BE0000890D4F88C10222905D0816941F0080161
:106BF0008161BDE8F087B4F868704FF0000844E0A8
:106C00002068406AA16D30400870A06D401CA065EE
:106C1000B4F85E00401EA4F85E002068C5696907EC
:106C200030D0E9070AD05FEACA5107D501210162D5
:106C3000D4F8900040F00100C4F89000A8070BD5EC
:106C40005FEAC97008D0216802200862D4F8900079
:106C500040F00400C4F8900068070BD55FEAC970E3
:106C600008D0216804200862D4F8900040F00200A7
:106C7000C4F89000D4F8900020B12046FDF77DF9CB
:106C8000C4F89080B4F85E0000B30FB1A806B7D482
:106C9000B4F85E000028ACD0B4F868108142A8D9DE
:106CA0002068083050E8001F21F0805140E80012B1
:106CB000002AF5D12A486067216851E8000F40F0AA
:106CC000200041E80002002AF6D192E7216851E84D
:106CD000000F20F4807041E80002002AF6D1214A1A
:106CE0002068083050E8001F114040E80013002BD6
:106CF000F6D12020C4F88C00C4F874804046C4F853
:106D00007080194A216891420BD04968090208D560
:106D1000226852E8001F21F0806142E80013002B36
:106D2000F6D1E16E012903D02046FDF795FBAFE7D0
:106D3000E066206850E8001F21F0100140E80012D2
:106D4000002AF6D12068C169C943C90601D41021BF
:106D50000162B4F85C102046FDF7BFF898E7000028
:106D6000056B0008FEFFFFEF008000402DE9F041B9
:106D70000446016880682269E3691043626900255E
:106D80001A431043DFF84CC20A68934B1A4002437F
:106D90000A6020684168E26821F440511143416073
:106DA0002168A069614501D0226A10438A688B4B33
:106DB0001A4002438A602068C16A626A21F00F01AA
:106DC0001143C1628649236886488B420DD1D0F8B1
:106DD000880010F0030006D0012867D0022854D0A4
:106DE000032851D164E001204FE07F498B420BD151
:106DF000D0F8880010F00C0047D0042845D00828AF
:106E000052D00C2840D153E078498B420BD1D0F8B6
:106E1000880010F0300038D0102847D0202843D008
:106E2000302831D144E072498B420BD1D0F8880030
:106E300010F0C00029D0402838D0802834D0C02895
:106E400022D135E06B498B420ED1D0F8880010F486
:106E500040701AD0B0F5807F28D0B0F5007F23D0E5
:106E6000B0F5407F10D123E063450DD1D0F8880004
:106E700010F4406009D0B0F5806F17D0B0F5006F06
:106E800012D0B0F5406F13D010205B4A5B4F002644
:106E90004FF40041634539D160B102280DD0042878
:106EA0000DD0082831D10EE00220EEE70420ECE7F7
:106EB0000820EAE7FCF716F803E0114603E0FCF7C8
:106EC00035F801007BD0606A37F810206768B1FBA5
:106ED000F2F007EB4703834269D8B0EB073F66D86F
:106EE000002308461946F9F7F3F9090241EA10614F
:106EF00002027808101871413A460023F9F7E8F9C0
:106F00003F4AA0F54071914257D950E0E3694FF6EE
:106F1000EF788B422BD1092849D2DFE800F0050831
:106F20000D48254848480E00FBF7DCFF01E0FBF761
:106F3000EBFF010001D142E01146606A37F8100012
:106F4000B1FBF0F04100606801EB5001B1FBF0F1E2
:106F5000A1F1100040452AD84FF6F07201EA020074
:106F6000C1F34201084328E0FBF7E0FFE1E709280D
:106F70001DD2DFE800F005080D1C1E1C1C1C0E00B5
:106F8000FBF7B0FF01E0FBF7BFFF010001D116E006
:106F90001146606A37F81000B1FBF0F1606801EB50
:106FA0005001B1FBF0F0A0F11001414504D90125D9
:106FB00005E0FBF7BBFFE8E780B22168C86001206D
:106FC000A4F86A0024F8680F2846E6602661BDE848
:106FD000F081000000800040F369FFCFFFF4FF1153
:106FE00000380140001002400044004000480040CA
:106FF000004C0040005000400024F4003491000890
:10700000FFFC0F0070B58165A0F85C20A0F85E2041
:107010000023436781684FF48056FF24B14204D1B6
:107020000169F9B940F2FF1122E07F25C1B1B1F148
:10703000805F1AD0A0F86030C0F890302221C0F8EC
:107040008C100168083151E8003F43F0010341E82A
:107050000034002CF5D1416EB1F1005F0ED031E06B
:10706000016941B9A0F86040E6E7016919B13F2123
:10707000A0F86010E0E7A0F86050DDE7B0F8681015
:1070800091421FD88168B14201D10169B9B11D494E
:107090004167016941B1026852E8001F41F4807103
:1070A00042E80013002BF6D10168083151E8002FA7
:1070B00042F0805241E80023002BF5D120E0124934
:1070C0004167F1E78168B14201D1016969B10F49B6
:1070D0004167016959B1026852E8001F41F490719B
:1070E00042E80013002BF6D10AE009494167026823
:1070F00052E8001F41F0200142E80013002BF6D1B6
:10710000002070BDCD6B000865690008056B0008A4
:107110009D6800082DE9F047994617460D4604463C
:107120004FF00008089E33E0701C31D0FAF7FAFFE8
:10713000A0EB0900B04218D8BEB120680168490729
:1071400026D5802D24D0402D22D0C169C9430907FE
:107150000DD4082505622046FFF776FBC4F8905051
:1071600084F884800120BDE8F0870320FBE7C06934
:10717000C04300050CD421684FF40060086220462B
:10718000FFF762FB2020C4F8900084F88480ECE7CD
:107190002068C06935EA000004D00020B842C3D09E
:1071A0000020E0E70120F9E78AB2014664230148A4
:1071B000FDF76EB9D4040020FEE70907090E002888
:1071C00004DB00F1E02080F80014704700F00F00AD
:1071D00000F1E02080F8141D704702E008C8121F7B
:1071E00008C1002AFAD170477047002001E001C1B0
:1071F000121F002AFBD1704730B587B014216846B2
:10720000F9F7B0F81948C16C41F00201C164C06CD3
:10721000174D00F002000590002280212846FAF761
:107220007CFF012240212846FAF777FF0122510214
:107230002846FAF772FF012100244FF43070CDE99F
:107240000214CDE9000169462846FAF735FE2020F0
:10725000CDE90004694628460294FAF72DFE012282
:1072600020212846FAF759FF07B030BD0010024030
:10727000000400482DE9F04100251F4F06462C462A
:107280002A4680213846FAF748FF300601D5012208
:1072900000E0002240213846FAF73FFF7006060E54
:1072A000012280213846FAF738FF00BF00BF00BF37
:1072B00000BF00BF00BF00BF00BF6006040E20215A
:1072C0003846FAF71DFF012801D144F001040022DD
:1072D00080213846FAF721FF00BF00BF00BF00BF82
:1072E00000BF00BF00BF00BF6D1CEDB2082DCCD3A6
:1072F0002046BDE8F08100000004004810B5FBF70F
:107300004BFAFEF788FDFDF7B1FDFDF711FDFDF726
:1073100059FDFDF755FFFDF707FFFDF7E7FFFDF707
:10732000E9FEFFF769FFFEF707F900F007F8FDF740
:1073300087FD00F015F8002010BD0000EFF3058078
:1073400010B16FF0050070470448016811B14FF0AB
:10735000FF3070470121016000207047B800002015
:1073600010B5EFF3058010B16FF0050010BD0848AF
:107370000168012902D04FF0FF3010BD054A0021FD
:1073800082F8141D0221016000F0B6FF002010BD3C
:10739000B80000200BE000E03EB5134C2079012836
:1073A00020D10821114800F05DFD104960810A8953
:1073B00053BA0F4A834208D1888840BA5060C888BF
:1073C00040BA1060488840BAD0600A4BD2E9001039
:1073D000DB7C8DE80B000848D368217902880748D8
:1073E000F9F793FC3EBD0000E800002028330020A0
:1073F000BC01002098010020040000201094000827
:107400002DE9F041134C0F460546E6682068001D43
:1074100000F03EFD681C07D137B12168BDE8F0419E
:107420000D48091D00F08CBD20683544B54245600B
:10743000216805D2A06BBDE8F041091D00F068BDD0
:10744000606B091D00F064FDA06A854200D2A56250
:10745000BDE8F08168000020380B00202DE9F041E4
:10746000054600F079FD2D4CA068401CA060206806
:107470002B4F10B1606930B32BE02560A068012864
:1074800027D1002606EB860007EB800000F032FDD6
:10749000761C382EF6D3234800F02CFD21481430FA
:1074A00000F028FD1F48283000F024FD1D483C3026
:1074B00000F020FD1B48503000F01CFD19486063AF
:1074C0001430A06305E02068E96AC06A884200D8E9
:1074D0002560606A401C60626864E86A21698842CD
:1074E00000D9206100EB800007EB8000291D00F02F
:1074F00027FD00F051FD606900280CD02068E96A82
:10750000C06A884207D208494FF080500860BFF334
:107510004F8FBFF36F8FBDE8F0810000680000203F
:1075200088060020E80A002004ED00E038B500F0ED
:1075300013FD104C2068C8B90F4800F0DBFC0E4862
:10754000143000F0D7FC0C48E060143020610A4B86
:107550000020F03B009003F1500210210A2001F0BE
:1075600005F8206010B105A100F098FDBDE8384095
:1075700000F012BDA40000203C0C0020546D72519C
:107580000000000030B4026C0B46002A0BD0C1682A
:107590001144C1608468A14201D30168C16030BC5C
:1075A0001846F8F7C6BE30BC70472DE9F041856B30
:1075B000174604460026026C82B1C7B1E068F8F7AE
:1075C000B8FEE168206C091AE1602268914202D29B
:1075D000A168081AE060022F16D017E02068A8B949
:1075E000A06801F0FBFB06460020A0600EE060688A
:1075F000F8F79FFE216C606808446060A1688842CB
:1076000004D32068606001E005B16D1E6D1CA563A8
:107610003046BDE8F08110B5044690F8590058B1E5
:1076200001280CD002280FD0502080F31188BFF31E
:107630004F8FBFF36F8FFEE7206B00F0C1FC204639
:10764000BDE8104000F0BCBC10BD000010484FF475
:107650000051420706D0C01D0D4920F00700411A15
:10766000C1F500510B4A00230144C2E90003083967
:10767000183A21F0070111604B600B600B1AC0E94A
:10768000001393604FF0004053605061704700005A
:107690001C130020D4000020144E154CA6F29C4769
:1076A0004FF08058DFF84C9012E000BF00F054FC1F
:1076B000F068C568281D00F0EBFBA068401EA060C4
:1076C0006068401E606000F067FC2846FFF7A3FF7B
:1076D00060680028EAD138680128F9D9C9F8008023
:1076E000BFF34F8FBFF36F8FF2E70000240B002032
:1076F0006800002004ED00E0002807D00021816030
:1077000001600B460A46C16000F0A8BF7047000048
:1077100070B51D46049C51B1C4F80020C4E90F01A6
:107720000121204600F056FF84F84C5070BD2460C3
:10773000F4E700002DE9F05F8846DDE90B9415467B
:10774000834691009A460A9EA522206BF8F703FE15
:107750006FF00301206B01EB8501084420F007075F
:10776000780707D0502080F31188BFF34F8FBFF305
:107770006F8FFEE70025B8F1000F0FD05FF000001B
:10778000221818F8001082F8341018F8001011B1FF
:10779000401C1028F4D384F8435001E084F834509E
:1077A000382E00D33726E662C4E91365201D00F0A9
:1077B000ACFB04F1180000F0A8FB2461C6F138000E
:1077C0006462A061656584F858505246594638464F
:1077D00000F098FA2060B9F1000F01D0C9F800401C
:1077E000BDE8F09F2DE9F0471E46DDE908941746F5
:1077F0000D00804615D0002C11D0FFF797FE04F144
:107800001801C4F8008081E86002201D00F07DFBB3
:10781000002F04D014F8280F40F004002070BDE8B9
:10782000F087502080F31188BFF34F8FBFF36F8F25
:10783000FEE7000030B5114900E011460A688242B7
:10784000FBD34B685C18844203D1406818444860FD
:10785000084643681C18944209D1084C183C246817
:10786000A24209D052681A4442600A681268026053
:10787000814200D0086030BD0460F9E7D4000020E8
:1078800070B5002441600B4D0061914206D8D11AB9
:107890008269914206D2011D286907E09A4203D20B
:1078A000994201D3012403E0011DE86800F030FB98
:1078B000204670BDA400002010B5044600F04CFB2B
:1078C000A06B28B15FF0000400F066FB204610BDFD
:1078D0000124F9E730B589B03C4D6EE004980028EA
:1078E00006DADDE90601059A90470498002864DB72
:1078F000069C606910B1201D00F0CAFA03A800F0D0
:10790000D7F8024604980A2857D2DFE800F00505A8
:10791000052D334A05052D3394F8280040F0010069
:1079200084F828000599A069059B01442046FFF7CB
:10793000A7FF68B3216A2046884794F828004007CB
:107940003BD5002000900598A169002342181946F4
:10795000204601F0A3FBD8B9502080F31188BFF373
:107960004F8FBFF36F8FFEE714F8280F20F0010050
:10797000207022E094F8280040F0010084F82800EC
:107980000598A06128B1811813462046FFF778FFBB
:1079900013E0502080F31188BFF34F8FBFF36F8F38
:1079A000FEE794F82800810703D4204600F008FB86
:1079B00003E020F0010084F82800002204A92868D0
:1079C00000F0AAFF002889D109B030BDA400002032
:1079D0002DE9FC410F46054600F0D2FC01A800F05D
:1079E00067F80446019818B101F0ACFABDE8FC81D3
:1079F000254EAFB130690068D0B30027291B3A4645
:107A0000306800F05FFB01F09DFA0028EED11F49BD
:107A10004FF080500860BFF34F8FBFF36F8FE5E7E3
:107A2000A542EBD801F08EFAF0682746C068C4681A
:107A3000201D00F02DFA94F82800410719D5A069FF
:107A40002B4641193A462046FFF71AFFA8B10020FD
:107A50000346014600902A46204601F01FFB60B90C
:107A6000502080F31188BFF34F8FBFF36F8FFEE775
:107A700007E020F0010084F82800216A20468847AA
:107A8000B4E70127BAE70000A400002004ED00E0FD
:107A90000648416B096829B1416BC968C9684968E2
:107AA000816270474FF0FF31FAE700006800002064
:107AB00070B5054601F028F9064E0446B0688442C8
:107AC00003D200F009F8012000E0002028602046E1
:107AD000B46070BDA4000020F8B5194D20E0C06866
:107AE000C4680668201D00F0D3F9216A2046884743
:107AF00094F82800400713D5A0693044B04206D955
:107B000024616060211DE86800F002FA08E00020AE
:107B10000346014600903246204601F0BFFA38B1D4
:107B2000E86801680029DAD12969C5E90310F8BDC0
:107B3000502080F31188BFF34F8FBFF36F8FFEE7A4
:107B4000A4000020002101E0401C491C0278A52A65
:107B5000FAD0C1F38F00704708484068401C4FF0CE
:107B6000500080F3118804D0BFF34F8FBFF36F8FA5
:107B7000FEE7BFF34F8FBFF36F8FFEE7DC000020FF
:107B8000074CE068016841B1C0680021D0F80000EE
:107B9000FFF71EFFFFF79EFEF3E701210020F7E746
:107BA000A40000202DE9F041044600F0D5F994F935
:107BB000455004F1240609E0606A48B1304601F0FE
:107BC00089F908B100F016FB6D1E6DB2002DF3DCD3
:107BD0004FF0FF3684F8456000F0DEF900F0BCF9A4
:107BE00094F9445004F1100709E0206948B138467F
:107BF00001F070F908B100F0FDFA6D1E6DB2002DB4
:107C0000F3DC84F84460BDE8F04100F0C5B9000041
:107C10002DE9F0410546002700F0B2FB324E3068F6
:107C200008B9FFF713FD706905424ED1C5B3083599
:107C300068070ED005F00700C0F10800054468078A
:107C400007D0502080F31188BFF34F8FBFF36F8FA1
:107C5000FEE72DB37068854237D8234818300146B7
:107C60000C6801E020460C466168A94202D22168F6
:107C70000029F7D131688C4227D00768216801605C
:107C800060680837411B10290FD96019420708D0D6
:107C9000502080F31188BFF34F8FBFF36F8FFEE743
:107CA00013E041606560FFF7C5FD61687068401AC8
:107CB0007060B268904200D2B060706901430020E9
:107CC000C4E90001F068401CF06001F03BF978075E
:107CD00007D0502080F31188BFF34F8FBFF36F8F11
:107CE000FEE73846BDE8F081BC0000200449086882
:107CF00018B10868026D521C0265086870470000E0
:107D00006800002010B5031F4FF080741C601B1F1B
:107D100021F001011960191F044B0B6014390A602E
:107D2000091F6FF0020244380A6010BD597B000839
:107D30001CB500F011F929490420CDE90001002308
:107D4000C82227A12A4800F079FF2A490820CDE956
:107D500000010023FA2228A12A4800F06FFF2A48D8
:107D60000624CDE900400023FA2228A12C4800F087
:107D700065FF2C490F20CDE900010023FA222AA13A
:107D80002C4800F05BFF2C480023CDE90040FA228C
:107D90002AA12E4800F052FF03220021012000F00A
:107DA000C4FB2B49032208600021012000F0BDFB29
:107DB0002849032208600021012000F0B6FB264973
:107DC0000860012000F0A6FB2449086024480068F0
:107DD00000F0C0F9BDE81C4000F0DEB80C00002047
:107DE0004C656450726F635F7461736B00000000D8
:107DF0006149000810000020506572696F645F746B
:107E000061736B00B1570008140000204661756C67
:107E10007448616E646C65725F7461736B0000001E
:107E2000990E000818000020426C6550726F5F7454
:107E300061736B00FD0700081C00002052533438AA
:107E4000355F50726F635F7461736B00D5590008C2
:107E50002000002028000020240000202C0000200A
:107E60000800002070B5094DFF231A4605F58076FD
:107E700006E000BF10F8014B54402A5D5A40335DC4
:107E8000491E89B2F6D242EA032070BD79910008FA
:107E9000D0E9013201699A60D0E901235A604A6849
:107EA000824201D182684A60002202610868401E55
:107EB000086008687047000008B902480068006B55
:107EC000FFF740BE68000020034B036003F15C0035
:107ED0000860802010607047640C0020044B036031
:107EE00003F15C0008604FF4807010607047000080
:107EF000C00E002000F108014FF0FF32C0E901126E
:107F0000C16001610021016070470021016170477B
:107F100030B50B685A1C02D000F1080202E0026979
:107F200004E02246546825689D42FAD953684B60A4
:107F300099608A60516008610168491C016030BD28
:107F400042684A6093688B609368596091600861E9
:107F50000168491C01607047502080F31188BFF30D
:107F60004F8FBFF36F8F0A494868401C4860012853
:107F70000CD10848006810F0FF0F07D0502080F3A4
:107F80001188BFF34F8FBFF36F8FFEE7704700007C
:107F9000DC00002004ED00E00849486828B1401EDC
:107FA000486001D180F311887047502080F3118818
:107FB000BFF34F8FBFF36F8FFEE70000DC000020A0
:107FC00070B500282AD0164DA0F1080460686969D0
:107FD000084207D1502080F31188BFF34F8FBFF3C1
:107FE0006F8FFEE722683AB1502080F31188BFF30B
:107FF0004F8FBFF36F8FFEE78843606000F0C0F9DA
:1080000060686968084468602046FFF713FC2869C7
:10801000401C2861BDE8704000F094BF70BD0000B6
:10802000BC0000204FF0E020002101618161054982
:108030004FF47A720968B1FBF2F1491E41610721E0
:10804000016170476400002010B5F8F72BF9114961
:1080500010280ED300F1E02090F8F0030A78904247
:1080600007D2502080F31188BFF34F8FBFF36F8F7B
:10807000FEE709480068896800F4E060884207D993
:10808000502080F31188BFF34F8FBFF36F8FFEE74F
:1080900010BD0000DC0000200CED00E010B5084B26
:1080A000002200BF53F832401CB1521C082AF9D3F9
:1080B00010BD43F8321003EBC201486010BD000050
:1080C0004806002070B515460E460446FFF744FFEB
:1080D00094F944100020491C01D184F8440094F91B
:1080E0004510491C01D184F84500FFF755FFA06BEE
:1080F00028B92A46314604F1240000F099F82046B8
:10810000BDE87040FFF74EBD10B5020014D00F4817
:10811000006B38B1502080F31188BFF34F8FBFF34D
:108120006F8FFEE700F02CF900211046FFF768F989
:1081300000F008FF002807D105494FF08050086083
:10814000BFF34F8FBFF36F8F10BD0000680000209A
:1081500004ED00E070B50546FFF7FEFE1E4C05B9C4
:108160002568281DFFF794FEA86A18B105F11800CC
:10817000FFF78EFE606A401C60622068854207D16E
:10818000291D1648FFF7DCFE6068401C606007E0B0
:10819000A068401EA0602846FFF73DFAFFF778FC74
:1081A000FFF7FAFE6069002814D02068854211D1DB
:1081B000206B38B1502080F31188BFF34F8FBFF38D
:1081C0006F8FFEE706494FF080500860BFF34F8F76
:1081D000BFF36F8F70BD000068000020240B0020EB
:1081E00004ED00E002490A6A0260C9684160704714
:1081F0006800002001490120C86170476800002024
:1082000010B50C4650B1094909681831FFF780FED6
:108210002046BDE810400121FFF7F2B8502080F35E
:108220001188BFF34F8FBFF36F8FFEE76800002008
:1082300070B514460D4668B10A4909681831FFF750
:108240007FFE0CB14FF0FF3521462846BDE8704057
:10825000FFF7D6B8502080F31188BFF34F8FBFF3DC
:108260006F8FFEE76800002070B504003ED0226DDD
:10827000A2B1E06C884200D30146E06A884235D062
:10828000012A33D11A4D2A6894420FD1502080F32D
:108290001188BFF34F8FBFF36F8FFEE7502080F33D
:1082A0001188BFF34F8FBFF36F8FFEE7E162A269C2
:1082B000002A02DBC1F13801A1610E4E00EB800003
:1082C000616906EB8000814210D1201DFFF7E0FDBF
:1082D000E06A2969884200D9286100EB800006EB3A
:1082E0008000211DBDE87040FFF72ABE70BD000070
:1082F000680000208806002030B587B00024039471
:1083000005AA04A903A80494FFF7DEFDDDE9030133
:108310000094CDE90110002315A11748059A00F03B
:10832000BAFC164D0028E8621FD000F087FE012835
:1083300009D0401C19D1502080F31188BFF34F8F12
:10834000BFF36F8FFEE7502080F31188BFF34F8F8C
:10835000BFF36F8F4FF0FF30A86201206861EC60BF
:1083600007B0BDE8304000F045B807B030BD0000B0
:1083700049444C4500000000997600086800002040
:108380000248016B491C016370470000680000202F
:10839000164810B5016B11B10121C16110BD00215A
:1083A000C1610169124A01E0B9B1491E01EB8103C3
:1083B00052F82330002BF7D001EB810302EB83024C
:1083C00002F1080453685B685360A34201D15B6803
:1083D0005360DA680260016110BD502080F311889B
:1083E000BFF34F8FBFF36F8FFEE7000068000020E0
:1083F000880600201CB537480168374A914207D1EA
:10840000502080F31188BFF34F8FBFF36F8FFEE7CB
:1084100000683149491E884207D1502080F31188F5
:10842000BFF34F8FBFF36F8FFEE72C4908780190A1
:10843000FF20087008788DF800009DF800009DF876
:10844000002000F0F000904207D0502080F3118807
:10845000BFF34F8FBFF36F8FFEE79DF80000204CF6
:1084600000F0500020700720A06005E09DF800207B
:1084700052008DF80020401E9DF800201206F5D411
:10848000A060032807D0502080F31188BFF34F8FDE
:10849000BFF36F8FFEE74FF44070A0600198087043
:1084A0000C482030016841F470010160016841F01E
:1084B00070410160FFF7B6FD00206060F7F7BAFE7B
:1084C0000848016841F040410160F7F79FFE002035
:1084D0001CBD000000ED00E071C20F4100E400E0AF
:1084E000DC00002034EF00E010B5502080F311884C
:1084F000BFF34F8FBFF36F8F00F00CFC18B104492E
:108500004FF080500860002080F3118810BD0000FB
:1085100004ED00E010B502460021012000F005F84E
:108520000446FFF7E9F8204610BDF8B517460E4699
:10853000050013D005FB06F05030FFF769FB04007F
:108540000AD0002084F8460004F150023B46314630
:1085500028460094FFF7DCF82046F8BD502080F351
:108560001188BFF34F8FBFF36F8FFEE738B5049DBF
:1085700018B153B1CAB181B120E0502080F3118805
:10858000BFF34F8FBFF36F8FFEE7502080F311884A
:10859000BFF34F8FBFF36F8FFEE7502080F311883A
:1085A000BFF34F8FBFF36F8FFEE739B1502080F3D9
:1085B0001188BFF34F8FBFF36F8FFEE750241C4627
:1085C000012384F846302B460094FFF7A1F820469B
:1085D00038BD000070B50D46040025D0FFF7BCFC87
:1085E000D4E90F20216802FB0011A1600021A163E2
:1085F000216861600A46D4E90F01401E00FB012199
:10860000E16021464FF0FF3001F8440F487004F15B
:1086100010008DB1FFF76EFC04F12400FFF76AFC37
:10862000FFF7BAFC012070BD502080F31188BFF322
:108630004F8FBFF36F8FFEE721690029F0D000F064
:1086400049FC0028ECD004494FF080500860BFF38B
:108650004F8FBFF36F8FE3E704ED00E02DE9FF4795
:1086600082B01D468A464FF00008040003D0BAF1DC
:10867000000F08D011E0502080F31188BFF34F8F16
:10868000BFF36F8FFEE7206C38B1502080F3118864
:10869000BFF34F8FBFF36F8FFEE7022D0AD1E06B60
:1086A000012807D0502080F31188BFF34F8FBFF30C
:1086B0006F8FFEE700F01AFB3F4F4FF000094FF0BD
:1086C000805648B9049838B1502080F31188BFF320
:1086D0004F8FBFF36F8FFEE7FFF73EFCA06BE16BA0
:1086E000884207D3022D05D00498D0B1B8F1000F0D
:1086F0001AD01EE02A4651462046FEF756FF616A10
:1087000019B104F1240000F0E5FB20B13E60BFF395
:108710004F8FBFF36F8FFFF73FFC012006B0BDE81E
:10872000F087FFF739FC22E06846FFF75BFD4FF06A
:108730000108FFF731FCFFF723FEFFF70DFC94F96A
:108740004400401C01D184F8449094F94500401C39
:1087500001D184F84590FFF71FFC04A9684600F09A
:1087600033FA30B12046FFF71DFA00F0EBFB002092
:10877000D4E7FFF7F1FBA06BE16B884213D1FFF761
:108780000BFC04F110000499FFF73AFD2046FFF7B7
:1087900009FA00F0D7FB00289ED13E60BFF34F8F4F
:1087A000BFF36F8F98E7FFF7F7FB2046FFF7FAF963
:1087B00000F0C8FB90E7000004ED00E02DE9F04771
:1087C0001F4690468946040003D0B9F1000F08D037
:1087D00011E0502080F31188BFF34F8FBFF36F8FEC
:1087E000FEE7206C38B1502080F31188BFF34F8F23
:1087F000BFF36F8FFEE7022F0AD1E06B012807D08D
:10880000502080F31188BFF34F8FBFF36F8FFEE7C7
:10881000FFF71AFC5020EFF3118680F31188BFF3A5
:108820004F8FBFF36F8FA06BE16B884206D3022F8F
:1088300004D0002086F31188BDE8F08794F94550F4
:10884000A06B3A4649462046FEF7AFFE681C04D0AE
:108850006D1C84F845500120ECE7606A0028FAD0CE
:1088600004F1240000F036FB0028F4D0B8F1000F2A
:10887000F1D00121C8F80010EDE770B50E460400F4
:1088800009D0206C78B1502080F31188BFF34F8F4E
:10889000BFF36F8FFEE7502080F31188BFF34F8F37
:1088A000BFF36F8FFEE7206848B9A06838B1502049
:1088B00080F31188BFF34F8FBFF36F8FFEE7FFF791
:1088C000C3FB5020EFF3118580F31188BFF34F8F66
:1088D000BFF36F8FA16BE06B884218D994F9450004
:1088E000491CA163411C04D0401C84F845000120B0
:1088F0000EE0606A0028FAD004F1240000F0EAFAE1
:108900000028F4D0002EF2D001203060EFE70020E4
:1089100085F3118870BD00002DE9F747002683B06C
:108920008A46040003D0BAF1000F08D011E05020AD
:1089300080F31188BFF34F8FBFF36F8FFEE7206C7A
:1089400038B1502080F31188BFF34F8FBFF36F8F82
:10895000FEE700F0CBF9DFF8F4804FF000094FF0AC
:10896000805748B9059838B1502080F31188BFF37B
:108970004F8FBFF36F8FFEE7FFF7EEFAA56BC5B120
:1089800051462046FEF7FEFD6D1EA563206950B1DD
:1089900004F1100000F09EFA28B1C8F80070BFF38F
:1089A0004F8FBFF36F8FFFF7F7FA012006B0BDE8D6
:1089B000F087059808B11EB106E0FFF7EDFA27E051
:1089C0006846FFF70FFC0126FFF7E6FAFFF7D8FC31
:1089D000FFF7C2FA94F94400401C01D184F8449096
:1089E00094F94500401C01D184F84590FFF7D4FA72
:1089F00005A9684600F0E8F8002820460AD0FFF7ED
:108A0000D1F800F09FFA2046FEF756FF0028B3D0B9
:108A10000020CBE7FEF750FF90B104F12400059948
:108A2000FFF7EEFB2046FFF7BDF800F08BFA0028B9
:108A3000A2D1C8F80070BFF34F8FBFF36F8F9BE7D1
:108A40002046FFF7AFF800F07DFA95E704ED00E06F
:108A50002DE9F343002683B00400354609D0206C8D
:108A600078B1502080F31188BFF34F8FBFF36F8F21
:108A7000FEE7502080F31188BFF34F8FBFF36F8F55
:108A8000FEE700F033F9DFF83C814FF000094FF0CA
:108A9000805748B9049838B1502080F31188BFF34B
:108AA0004F8FBFF36F8FFEE7FFF756FAA06BC8B189
:108AB000401EA063206810B9FFF718F9A060206974
:108AC00050B104F1100000F005FA28B1C8F80070A8
:108AD000BFF34F8FBFF36F8FFFF75EFA012005B032
:108AE000BDE8F083049808B166B10FE03DB15020B5
:108AF00080F31188BFF34F8FBFF36F8FFEE7FFF74F
:108B00004BFA5DE06846FFF76DFB0126FFF744FA7C
:108B1000FFF736FCFFF720FA94F94400401C01D11E
:108B200084F8449094F94500401C01D184F84590A4
:108B3000FFF732FA04A9684600F046F800282046FC
:108B400012D0FFF72FF800F0FDF92046FEF7B4FE33
:108B50000028A9D09DB3FFF7FFF9606A50B3206BDE
:108B60000068C0F1380126E0FEF7A6FEE0B12068FB
:108B700038B9FFF7F1F9A06800F070F90546FFF782
:108B80000BFA04F124000499FFF73AFB2046FFF7A3
:108B900009F800F0D7F9002886D1C8F80070BFF3B3
:108BA0004F8FBFF36F8F7FE72046FEF7FBFF00F08C
:108BB000C9F979E70021A068FFF756FB9FE7FFE7B7
:108BC00000208CE704ED00E02DE9F0410C460500A3
:108BD00011D0C4B1FFF7C0F9174BDA686E6820688E
:108BE000911B471C17D02F681B6A9F4219D09642D1
:108BF00017D8012410E0502080F31188BFF34F8F65
:108C0000BFF36F8FFEE7502080F31188BFF34F8FC3
:108C1000BFF36F8FFEE70024FFF7BEF92046BDE8E3
:108C2000F081884205D9401A20602846FFF7DAFA19
:108C3000F1E700202060DCE7680000202DE9FF5FFD
:108C40008346DDE90E87994616468A469000FEF770
:108C5000DFFF05001CD05C20FEF7DAFF040014D013
:108C60000020256384F85900CDE90240CDE9008752
:108C70004B46324651465846FEF75CFD2046FEF70D
:108C8000EDFB012004B0BDE8F09F2846FFF798F9FE
:108C90004FF0FF30F6E7F0B585B0DDE90B640A9DD3
:108CA000A6B1DCB15C2700972663022684F85960E0
:108CB000002604AFCDE90246CDE90057FEF73AFDA4
:108CC0002046FEF7CBFB049805B0F0BD502080F3A2
:108CD0001188BFF34F8FBFF36F8FFEE7502080F3F3
:108CE0001188BFF34F8FBFF36F8FFEE705484169CF
:108CF00019B1006B18B100207047012070470220A5
:108D000070470000680000200148C06870470000FC
:108D1000680000202DE9F0412E4C0027206B28B17F
:108D2000A069401CA0613846BDE8F081E668761C69
:108D3000E66013D1606B006838B1502080F3118871
:108D4000BFF34F8FBFF36F8FFEE7606BA16B616363
:108D5000A063206A401C2062FEF79AFEA06ADFF83A
:108D60007880864209D3606B0068A0B1606BC068F0
:108D7000C5686868864211D2A0622068C06A00EBAC
:108D8000800158F82100012800D90127E069002856
:108D9000C9D00127C7E74FF0FF30EDE7281DFFF7E7
:108DA00077F8A86A18B105F11800FFF771F8E86ABA
:108DB0002169884200D9206100EB800108EB810025
:108DC000291DFFF7BDF8E86A2168C96A8842CAD33D
:108DD0000127C8E7680000208806002070B504005D
:108DE0004FF0000133D01B4D2868844207D050203B
:108DF00080F31188BFF34F8FBFF36F8FFEE7206DB5
:108E000038B1401E2065E36CE26A9A421FD040B13F
:108E10001DE0502080F31188BFF34F8FBFF36F8F99
:108E2000FEE7201DFFF734F8E06CE062C0F1380087
:108E3000A061E06A2969884200D92861064900EBEF
:108E4000800001EB8000211DFFF77AF80121084620
:108E500070BD0000680000208806002070B5040086
:108E60004FF000002BD0194DE16A2A68D26A914276
:108E700026D2A069002804DB2868C06AC0F1380047
:108E8000A061134E01EB8101606906EB810188420C
:108E900011D1201DFEF7FCFF2868C06AE062296935
:108EA000884200D9286100EB800006EB8000211D7C
:108EB000FFF746F802E02868C06AE062012070BD52
:108EC000E16C2A68D26A9142F8D370BD6800002034
:108ED0008806002070B5C068C46854B104F1180059
:108EE0000646FEF7D5FF144D286B50B131461348A6
:108EF00015E0502080F31188BFF34F8FBFF36F8FC1
:108F0000FEE7201DFEF7C4FFE06A2969884200D908
:108F100028610B4900EB800001EB8000211DFFF769
:108F20000FF8E06A2968C96A884202D90120E8611D
:108F300070BD002070BD000068000020100B0020F4
:108F4000880600202DE9F0472C4D00242746286B89
:108F500038B1FFF701F8286B401E2863286B40B139
:108F600046E0502080F31188BFF34F8FBFF36F8F1F
:108F7000FEE7A968224E0120D1B3A6F5916980468B
:108F80003068E0B1F068C46804F11800FEF780FFB3
:108F9000201DFEF77DFFE06A2969884200D928611B
:108FA00000EB800109EB8100211DFEF7C9FFE06A9B
:108FB0002968C96A8842E3D3C5F81C80E0E70CB190
:108FC000FEF766FDAC694CB14FEA0806FFF7A2FE5A
:108FD00000B1EE61641EF9D10020A861E86938B1E2
:108FE0000849012738070860BFF34F8FBFF36F8F21
:108FF000FEF7D2FF3846BDE8F08700006800002089
:10900000100B002004ED00E02DE9FC4781461E46D0
:10901000174688462C200A9DFEF7FAFD04000AD068
:10902000002084F82800CDE9005433463A464146F2
:109030004846FEF7D7FB2046BDE8FC8710B586B052
:10904000FEF774FA114C2068B8B100200390049028
:1090500005AA04A903A8FEF741FFDDE903210220C8
:109060008DE8070000230AA10B48059AFFF713FEBD
:10907000606010B106B0012010BD502080F311884F
:10908000BFF34F8FBFF36F8FFEE70000A4000020F7
:10909000546D722053766300817B00082DE9FF41F7
:1090A0001E46134602000A9D4FF0000016D0144CD5
:1090B0002768002F0FD0CDE900130292062917DA96
:1090C000FFF714FE02284FF000030FD0002269467C
:1090D0002068FFF7C3FA04B0BDE8F081502080F3A8
:1090E0001188BFF34F8FBFF36F8FFEE72A46EEE77D
:1090F0000023324669463846FFF760FBEBE7000085
:10910000A400002010B504000AD0FEF725FF94F853
:109110002800C0070CD00124FEF73EFF204610BDFA
:10912000502080F31188BFF34F8FBFF36F8FFEE79E
:109130000024F1E7010002000400060008000A0014
:109140000C0010002000400080000001010101031C
:1091500007010000080402040801010100000000EA
:1091600000000000010203040607080900000000D7
:1091700001020304001AB1B10100C1814001C080A5
:109180004101C0804100C1814001C0804100C181D6
:109190004000C1814001C0804101C0804100C181C7
:1091A0004000C1814001C0804100C1814001C080B8
:1091B0004101C0804100C1814001C0804100C181A6
:1091C0004000C1814001C0804100C1814001C08098
:1091D0004101C0804100C1814000C1814001C08087
:1091E0004101C0804100C1814001C0804100C18176
:1091F0004000C1814001C0804101C0804100C18167
:109200004000C1814001C0804100C1814001C08057
:109210004101C0804100C1814000C1814001C08046
:109220004101C0804100C1814001C0804100C18135
:109230004000C1814001C0804100C1814001C08027
:109240004101C0804100C1814001C0804100C18115
:109250004000C1814001C0804101C0804100C18106
:109260004000C1814001C0804100C1814001C080F7
:109270004101C0804100C1814000C0C101C303025F
:10928000C2C60607C705C5C404CC0C0DCD0FCFCE92
:109290000E0ACACB0BC90908C8D81819D91BDBDAC2
:1092A0001A1EDEDF1FDD1D1CDC14D4D515D71716E2
:1092B000D6D21213D311D1D010F03031F133F3F2F2
:1092C0003236F6F737F53534F43CFCFD3DFF3F3ED2
:1092D000FEFA3A3BFB39F9F83828E8E929EB2B2A62
:1092E000EAEE2E2FEF2DEDEC2CE42425E527E7E622
:1092F0002622E2E323E12120E0A06061A163A3A292
:109300006266A6A767A56564A46CACAD6DAF6F6E11
:10931000AEAA6A6BAB69A9A86878B8B979BB7B7A41
:10932000BABE7E7FBF7DBDBC7CB47475B577B7B661
:109330007672B2B373B17170B05090915193535231
:109340009296565797559594549C5C5D9D5F9F9E51
:109350005E5A9A9B5B99595898884849894B8B8AE1
:109360004A4E8E8F4F8D4D4C8C44848545874746A1
:109370008682424383418180400000006072D5486C
:10938000409F9F4880CB7048801F3748C05E0C4884
:1093900080D8D84700BBA847CD398447B3A95047E8
:1093A000B3BC2547667C04470020D546CD72AC4649
:1093B0009A578C4600B46546CDFE3C4600401C469C
:1093C00000E401468F10D945EC29B6459A9199459C
:1093D00000088245E1225D45E1CE3C4529D8214582
:1093E00085430B45C38DF044A480D0440060B54450
:1093F000EC419E44148E8A4400607344CD6456440C
:10940000336B3D444AD42744391C15442FD50444BA
:1094100025642C25640D0A525F543A256420A1E38B
:10942000432C20525F563A2564562C20525F493A0D
:109430002564412C205458706172616D65746572A9
:109440002E73797374656D5F73746174323A256439
:109450000D0A00007494000800000020980100002C
:109460003C0600089C94000898010020E0360000AB
:10947000EA7100082112FF0332E44B321002170197
:10948000F918037924F41AAA01013403410F2705BE
:0C949000191AB1B1011AFF01091A0800F5
:04000005080001D915
:00000001FF
