:020000040800F2
:1000000080380020AD020008FD540008C5480008F3
:1000100065530008C30B000831720008000000009F
:10002000000000000000000000000000ED010008DA
:10003000190D00080000000049020008555E000884
:10004000C7020008C7020008C7020008C70200086C
:10005000C7020008C7020008C7020008C70200085C
:10006000C7020008C7020008C7020008C70200084C
:10007000C7020008C7020008C7020008C70200083C
:10008000C7020008C7020008C7020008C70200082C
:10009000C7020008C7020008C7020008C70200081C
:1000A000C7020008E95E0008C7020008C70200088E
:1000B000F55E0008C7020008C7020008C702000872
:1000C000C7020008C7020008C7020008C7020008EC
:1000D000C7020008C7020008C7020008C7020008DC
:1000E000C7020008C7020008C7020008C7020008CC
:1000F000C7020008C7020008C7020008C7020008BC
:10010000C7020008C7020008C7020008C7020008AB
:10011000C7020008A5660008C7020008C702000859
:10012000C7020008C7020008C7020008C70200088B
:10013000C7020008C7020008C7020008C70200087B
:10014000C7020008C7020008C7020008C70200086B
:10015000C7020008C7020008C7020008C70200085B
:10016000C7020008C7020008C7020008C70200084B
:10017000C7020008C7020008C7020008C70200083B
:10018000C7020008C7020008C7020008C70200082B
:10019000C702000800000000C7020008C7020008EC
:1001A000C7020008C7020008C7020008C70200080B
:1001B000C7020008C7020008C7020008C7020008FB
:1001C000C7020008C7020008C7020008C7020008EB
:1001D000C7020008C7020008DFF80CD000F01CFAC4
:1001E0000048004775730008803800202C4B1968C0
:1001F0000868B0E8F04F80F30988BFF36F8F4FF0C5
:10020000000080F311887047000000000848006873
:10021000006880F308884FF0000080F3148862B60D
:1002200061B6BFF34F8FBFF36F8F00DF00BF00BF1A
:1002300008ED00E0DFF80C00016841F47001016096
:10024000704700BF88ED00E0EFF30980BFF36F8FC8
:10025000134B1A681EF0100F08BF20ED108A20E91A
:10026000F04F106009B44FF0500080F31188BFF3D5
:100270004F8FBFF36F8F08F0C7F84FF0000080F387
:10028000118809BC19680868B0E8F04F1EF0100F1B
:1002900008BFB0EC108A80F30988BFF36F8F7047F6
:1002A00068000020EFF30580704700000648804793
:1002B00006480047FEE7FEE7FEE7FEE7FEE7FEE74B
:1002C000FEE7FEE7FEE7FEE7D95E0008D901000879
:1002D0002DE9F05F0546002092469B46884606467B
:1002E000814640241BE0284641464746224600F00E
:1002F000EEF853465A46C01A914110D3114618469B
:10030000224600F0D5F82D1A67EB01084F46224629
:100310000120002100F0CCF817EB00094E41201E0F
:10032000A4F10104DFDC484631462A464346BDE8D5
:10033000F09F40EA01039B0703D009E008C9121FA0
:1003400008C0042AFAD203E011F8013B00F8013B8F
:10035000521EF9D27047D2B201E000F8012B491EBB
:10036000FBD270470022F6E710B513460A46044652
:100370001946FFF7F0FF204610BD2DE9FE4F81EA38
:10038000030404F0004421F0004100944FF0000BFE
:1003900023F0004350EA01045ED052EA03045BD02C
:1003A000C3F30A54C1F30A552C44A4F2F334019464
:1003B000A0FB0254C1F3130141F48011C3F31303F2
:1003C00043F4801301FB024400FB034E840A970AA6
:1003D00044EA815447EA8357A4FB076802958D0AD3
:1003E00005FB07854FEA932C04FB0C542705029D5F
:1003F0004FEA065847EA1637B5EB08056EEB070CCF
:10040000870E920E47EA811742EA8312A7FB020188
:10041000B6EB0B0164EB00042B0D43EA0C335E18C2
:1004200044EB1C50DA465146E7FB0201C5F31304C6
:100430004FEA0B3343EA14534FEA0432019C43EA78
:100440000603A4F10C040294009CCDE900B400F072
:1004500094F803B0BDE8F08F00200146F9E70EB52F
:1004600040F2334102910021CDE900110A460B46CA
:1004700000F083F803B000BD01F0004330B421F078
:10048000004150EA010206D00A0DA2F56072C1F3E4
:100490001301002A02DC30BC00207047440F44EAFC
:1004A000C104C100E01830BC00EBC25000F01FB81E
:1004B000202A04DB203A00FA02F100207047914024
:1004C000C2F1200320FA03F3194390407047202A19
:1004D00004DB203A21FA02F00021704721FA02F3EE
:1004E000D040C2F1200291400843194670470029CC
:1004F000A8BF7047401C490008BF20F001007047AA
:1005000010B4B0FA80FC00FA0CF050EA010404BF09
:1005100010BC704749B1CCF1200421FA04F411FA5F
:100520000CF118BF012121430843A3EB0C01CB1DA3
:100530004FEA00614FEA102042BF002010BC704714
:1005400000EBC35010440029A4BF10BC7047401CEE
:10055000490008BF20F0010010BC704710B5141E00
:1005600073F1000408DA401C41F1000192185B416C
:100570001A4301D120F0010010BD2DE9F04D924643
:100580009B4611B1B1FA81F202E0B0FA80F220325A
:100590009046FFF78DFF04460F4640EA0A0041EA05
:1005A0000B0153465A46084313D0114653EA010043
:1005B00019D0C8F140025046FFF789FF05460E46A4
:1005C000504659464246FFF773FF084305D00120C5
:1005D00004E020463946BDE8F08D0020054346EA98
:1005E000E0762C4337430A986305E40AA0EB080041
:1005F0000022FD0A44EA47540A3002D50020014691
:10060000E9E7010510196941DDE90845001969416B
:10061000BDE8F04DA2E70000064C074D06E0E0689B
:1006200040F0010394E8070098471034AC42F6D339
:10063000FFF7D6FDCC940008EC94000870B58C1838
:1006400010F8015B15F0070301D110F8013B2A11E6
:1006500006D110F8012B03E010F8016B01F8016BD3
:100660005B1EF9D12B0705D40023521E0DD401F8CF
:10067000013BFAE710F8013BCB1A921C03E013F898
:10068000015B01F8015B521EF9D5A142D8D30020CD
:1006900070BD0000F8B50446002000902068816815
:1006A00011F0010F4AD18168254A114237D1816882
:1006B000D5432940491C81602068B0F1A04F02D089
:1006C0002049884201D1204800E02048806800F09D
:1006D000E07000020DD51E481E490068B0FBF1F025
:1006E000401C00EB4000800000E0401E009000280D
:1006F000FBD101F01FFD06461BE0816811F0010FE0
:1007000003D181682940491C816001F013FD801BE1
:1007100002280ED920680068C043C00709D0E06DE8
:1007200040F01000E065206E40F0010020660120DE
:10073000F8BD20680168C943C907DED10020F8BDB3
:100740003F000080000100500003005000070050EF
:1007500064000020400D030010B514210F4800F084
:100760001BFC40F6E4414843000BCD210C4C4843B0
:10077000322120600B4800F00FFC40F6E441484372
:100780000949000B40000969884201D2002003E0BA
:10079000401A00EB80004008606010BD0080F03E11
:1007A000A00100202000F0140001002010B507F087
:1007B0000FFC04480178491C0170BDE8104007F0A7
:1007C00027BC0000FC00002000F0D4B9094810B597
:1007D000017839B10021017000F0E8F9BDE810405E
:1007E00000F0CDB90121017000F0DAF9BDE8104048
:1007F00000F0CBB92C01002000F0CDB908B5C148FC
:100800000090002301224FF4FA71BFA008F038FCD9
:10081000C04C206108F0B4FA4FF000090246CDF850
:1008200000904B460121206908F074FC04F0CAFED8
:1008300004F066FEDFF8E0820126B0B3B7A000F056
:100840006CFABC4F03254FF47A703D7007F098FCAA
:1008500004F056FE50B341F2883A3D70504607F01E
:100860008FFC04F04DFE08B33D70152188F813107D
:10087000504607F085FC002005F016FE4FF4FA60A4
:1008800007F07EFCAC4D44F6E430DFF8B0A24746FA
:1008900028804FF0640BA046387D01280ED098F8D0
:1008A00005004446012876D028E100E004E0E67027
:1008B000A3A000F032FADEE7E670DCE798F8050066
:1008C00008BB05F05FFA0124DAF800202888C2F896
:1008D0009400C4F16403434393FBFBF3DAF800C0D4
:1008E000CCF89C30604390FBFBF0DAF80010C1F8C4
:1008F000A800142007F044FC641C2E2CE4DB00F05C
:1009000067FB88F8056098F80400444628B19148D0
:1009100004F0AEFE2070E8B3ABE06078002815D19B
:100920008C480A3004F0BEFEA07020280FD0288822
:10093000A0F59641E439E16801D1491CE1604FF42A
:10094000FA72B1FBF2F302FB131141B1C1E00020D6
:1009500005F032F97748267106700A20B7E046F6AE
:10096000402188421BD20A3080B22880DAF8002069
:10097000C2F89400362200FB02F3B3FBFBF3DAF873
:100980000040C4F89C302E235843B0FBFBF0DAF84B
:10099000001001E016E09EE0C1F8A80099E0E088B0
:1009A000C821401C80B2B0FBF1F2E08001FB1200D4
:1009B000002806D1C4F80C90A4F80690667005F0E3
:1009C0000FFA86E0DFF88CE1A4F808909EF80000AA
:1009D00020B1012809D002280ED016E028884FF453
:1009E000FA41884210D2401C0CE0288844F6E431D9
:1009F000884209D9401E05E028884FF4FA41884210
:100A000002D2801C288000E02980DAF800202888A3
:100A1000C2F89400362200FB02F3B3FBFBF3DAF8D2
:100A200000C0CCF89C302E235843B0FBFBF0DAF822
:100A30000010C1F8A80048480078D0B99EF801001D
:100A4000F874052809D0032809D0042807D050B12C
:100A5000012808D0022809D00BE0022107E035491F
:100A60000320087005E03348067002E00421314895
:100A7000017021894FF47A70491C89B2B1FBF0F200
:100A800000FB1210A046218118BB44F6E4302880F8
:100A900005F0A6F905F0C4F83148304988F805900A
:100AA00002680A60007908714C46002005F0FCFCE1
:100AB00088F80440A8F806401E48C8F80C4088F89A
:100AC0000140052101701820F8744FF47A7007F086
:100AD00057FB012013E02248204984F80590026862
:100AE0000A6000790871002005F0DEFC84F80490AB
:100AF000A4F80690C4F80C9084F80190642007F0E4
:100B00003FFBC9E61174000870617273655F646130
:100B100074650000E8000020A00100204E5246321B
:100B2000344C30312020697320206572726F72213D
:100B30000A0D0000000000200400002038030020FF
:100B40004E524632344C30312020697320206F6B76
:100B5000210A0D0030330020000100205E0100203A
:100B6000EC91000800F028B8002220214FF09040BE
:100B700001F0DBBA20214FF0904001F0CEBA002204
:100B800040214FF0904001F0D0BA012240214FF0B7
:100B9000904001F0CABA40214FF0904001F0BDBA38
:100BA000002280214FF0904001F0BFBA0122802145
:100BB0004FF0904001F0B9BA80214FF0904001F021
:100BC000ACBAFEE7064910B500200875054944F6A1
:100BD000E430088005F004F9BDE8104005F020B8C5
:100BE000A00100200400002010EE100A234910B5D7
:100BF000DFED230A884204DC10EE100A2149884206
:100C000002DAB0EE600A10BD002224211E4B122031
:100C100003EB8004D4ED000AF4EEC00AF1EE10FA02
:100C200001D2014601E021DD0246881840088C1AF5
:100C3000012CEDD103EB820203EB8101D2ED000A1E
:100C400091ED001AF1EE041A30EE600A31EE601AEE
:100C500000EB8000373820EE210AC0EE010A00EEDA
:100C6000100AB8EEC00A30EE800A10BD00EB80001A
:100C7000373800EE100AB8EEC00A10BD6072D548D1
:100C800000C079442FD50444F493000819481A4948
:100C90008279C9682AB10023012A16D0022A17D006
:100CA0001BE0144AD279531CDBB2502903DB032A20
:100CB00009D3012205E011F1230F0EDC032A02D330
:100CC0000222827109E0C37107E0372903DB04E0E7
:100CD00011F11E0F01DDC371837108481E290068E0
:100CE00002DB4FF47A7103E0192902DC41F690210E
:100CF0004163704700010020A00100209004002003
:100D000010B507F065F9034900200870BDE81040F0
:100D100007F07EB9FC0000207047704701490020B1
:100D2000087070470000002072B6FEE7144A117F79
:100D30001448012901D003290FD1036823F400735B
:100D40000360036843F400630360036823F40063F3
:100D50000360036843F400730360022901D0032990
:100D60000BD1016841F480510160016821F4805188
:100D70000160016841F480610160002010777047D4
:100D800044000020002002400C490A6A520210D59B
:100D9000C20703D04A6942F004024A61800703D5C2
:100DA000486940F400404861486940F48030486137
:100DB0007047486948F204021043F4E700200240FB
:100DC0000E4A136A5B0201D5C90703D0516921F4A9
:100DD000006102E0516941F4006151615169C0B2A2
:100DE00021F47E7141EAC0005061506940F0020078
:100DF0005061506940F480305061704700200240DB
:100E0000054910B54C6944F001044C610260BFF320
:100E10006F8F436010BD000000200240094A10B5EA
:100E20005469402344F480245461EFF3108272B675
:100E300010C95B1E10C013F0FF03F9D182F31088B4
:100E400010BD00000020024070B5064601F072F9A6
:100E50000546134C07E000BF01F06CF9401BB0429F
:100E600001D9032070BD2069C003F5D420694CF27C
:100E7000FA3108400CD00B494A6802434A60010F1E
:100E800001D0A169A161010100D02061012070BDE4
:100E90002069C00701D001202061002070BD000042
:100EA0000020024044000020044D4FF4FA742878DA
:100EB00005F070FB204607F063F9F8E7000000201A
:100EC00010B507F085F80348047807F0A1F820462C
:100ED00010BD0000FC00002070B50F494FF6FF73F5
:100EE0004FF400240A889A4201D1254601E01504F6
:100EF000AD094FF0006606EB5505854204D900BFE9
:100F0000A0F10060C00A70BD9A4201D011048C09A2
:100F1000A0EB5400F4E70000E075FF1F10B5044695
:100F20001B4888B0844209D11A4800F0CBFD6421E7
:100F3000184800F027FD10BB164825E02021684620
:100F4000FFF710FA0620CDE90040022002907F2032
:100F5000039004200490002005900E4869466C38E8
:100F600000F028F908B1FFF7DFFE0A486C3800F0FE
:100F7000A9FD084864216C3800F004FD10B1002080
:100F800008B010BD03486C3800F04AFB80B2F7E7A8
:100F90000080F03ECC0200202DE9F04100260F46F3
:100FA00080463546344609E04046FFF7B7FF60B15A
:100FB0000644012007F0E4F8641CA4B2BC42F3D359
:100FC000781BB6FBF0F0BDE8F0816D1CEDB2F0E7E8
:100FD0001D4810B50168001D0268001D03681B480C
:100FE0000C0A017044700C0C8470090EC1700271FF
:100FF000110A4171110C8171110EC1710372190A2C
:101000004172190C8172190EC1720C2104F0C4FBDB
:101010000F49020A48708A70020CCA70000E0B4A0F
:1010200008710968C2F816109076082102F11600BE
:1010300006F054FF054C000A1634082120722046A1
:1010400006F04CFF607210BD9075FF1F2433002026
:101050005E0100202DE9F04F044690F858009BB047
:101060000F464FF0000B012812D0012084F85800E1
:1010700000261796189620684FF0A048DFF81C91BC
:10108000DFF81CA1474D404506D12846009508E0F1
:1010900002201BB0BDE8F08F48450AD15046CDF87C
:1010A00000A003F041FC0090206803F03DFC40B13B
:1010B00009E0E06D40F02000E06584F85860012010
:1010C000E7E7009850B1E06D40F02000E0654FF098
:1010D000010B00BF84F858605846DAE720684146A3
:1010E000884201D0A84201D12F4800E02F48D7F80C
:1010F00000C02F4B40F61F72BCF1000F2DD0D0F86E
:1011000008C094F838802CF4604C4CEA483CD7F87E
:1011100004804CEA080CC0F808C0D4F800C08C4524
:1011200001D0AC4504D18968AB6801F0010109E048
:10113000D9F80810DAF8085001F0010105F00105AE
:101140009B68294303F001031943C3D1BB68396885
:1011500019438368934319431DE0876827F4604768
:10116000876027688F4201D0AF4204D18968AB689D
:1011700001F0010109E0D9F80810DAF8085001F08F
:10118000010105F001059B68294303F001031943A0
:10119000A0D18168914381609CE700000004005069
:1011A00000050050000100500003005000070050EF
:1011B000000600502DE9F84F00270446009790F8EC
:1011C0005800DFF81C840D46B946012811D00126CD
:1011D00084F85860206803F0A3FB60B1E06D40F034
:1011E0002000E0655FF0010784F858903846BDE8BC
:1011F000F88F0220FBE7D5E900210C23206803EAE1
:1012000091131844036B01F01F014FF01F0C0CFAEF
:1012100001FCC2F3846223EA0C038A401343036394
:10122000206803F07DFB8246206803F075FB5AEAD4
:1012300000003CD1AA6829682068B2F1004F37D07D
:1012400003F07EFB2068416921F000414161206884
:101250006969C268C2F3C102520091402A69042A36
:1012600031D000EB82002B68026EDFF878C303F008
:10127000F84302EA0C020B431A4342F000410166B4
:1012800022682869A96902EB8000026E22F0807250
:101290000A430266297F22682869012910D00021AB
:1012A00002EB8000026E22F000720A4302667DE0CB
:1012B000002203F045FB2068416941F00041C5E789
:1012C0004FF00071ECE7002103F020FB40032068A1
:1012D0004FF0000172D003F019FB90FAA0F0B0FAC1
:1012E00080F1286842036ED090FAA0F0B0FA80F046
:1012F000814204D100221146206803F030FB012115
:10130000206803F003FB400320684FF001015DD02B
:1013100003F0FCFA90FAA0F0B0FA80F128684203DA
:1013200059D090FAA0F0B0FA80F0814204D10022A6
:101330000121206803F013FB0221206803F0E6FA84
:10134000400320684FF0020148D003F0DFFA90FA22
:10135000A0F0B0FA80F12868420344D090FAA0F0DF
:10136000B0FA80F0814204D100220221206803F00B
:10137000F6FA0321206803F0C9FA400320684FF011
:10138000030133D003F0C2FA90FAA0F0B0FA80F172
:10139000286842032FD090FAA0F0B0FA80F0814282
:1013A00004D100220321206803F0D9FA2068816863
:1013B00011F0010F22D0ACE000E004E003F0A6FA47
:1013C000C0F384618DE7C0F3846091E703F09EFA77
:1013D000C0F38461A2E7C0F38460A6E703F096FA45
:1013E000C0F38461B7E7C0F38460BBE703F08EFA13
:1013F000C0F38461CCE7C0F38460D0E72A7B29681E
:1014000050F8B03FC1F3120C23EA0C0302F0180CA1
:10141000754A22FA0CF20A4013430360E968414519
:1014200077D1286841031CD090FAA0F1B1FA81F17C
:10143000491C01F01F0109294FEA403132D8002927
:1014400012D000BF90FAA0F1B1FA81F101F10101CF
:1014500001F01F0106FA01F609D100BFC0F3846153
:1014600009E0C0F38461E3E7C0F38461EEE790FA3A
:10147000A0F1B1FA81F101F1010101F01F0146EA89
:10148000816102D1C0F3846003E090FAA0F0B0FA69
:1014900080F000F1010000F01F0000EB400041EA85
:1014A000005132E000290ED090FAA0F1B1FA81F19A
:1014B00001F1010101F01F0106FA01F606D100BF9A
:1014C000C0F3846106E0C0F38461F1E790FAA0F113
:1014D000B1FA81F101F1010101F01F0146EA8161D8
:1014E00002D1C0F3846003E090FAA0F0B0FA80F07B
:1014F00000F1010000F01F003C4A00EB400002EB4D
:10150000005041EA000141F00071AA68206803F030
:1015100017FA37482B6803423FF466AE21684FF054
:10152000A04C3448344E354D614501D0A94201D11B
:10153000024600E032469268DFF8C48002F0E072B2
:10154000434503D0DFF8BC80434521D15FEA022840
:101550001ED4614506D02C4B99427FF445AEA9427A
:1015600000D0304642F40001826822F0E0720A4363
:101570008260264826490068B0FBF1F0401C00EB71
:101580004000800000E0401E00900028FBD12BE6C8
:10159000DFF8808043450FD15FEAC2180CD4A9421E
:1015A00002D11D4B9942F2D0614502D0A94200D030
:1015B000304642F080710CE0DFF860804345E6D1B0
:1015C0005302E4D4A942E2D0614500D0304642F44F
:1015D0008001826822F0E0720A43826004E6000023
:1015E00000007F4000F0FF03FFFF0700000020FE27
:1015F0000000088000030050000700500001005068
:10160000000021C31000C0900006005064000020BC
:10161000400D0300000052C700050050000084CBBD
:101620000068006C70470000F8B54FF0000504003A
:101630002E46009502D0E06D10B107E00120F8BD04
:10164000204600F009F9266684F858602068816811
:10165000C1F3407119B18168734A114081602068FB
:101660008168C1F3007189B98168704A114041F005
:10167000805181606E486F490068B0FBF1F0400016
:10168000801C00E0401E00900028FBD1206881688B
:10169000C1F3007141B9E16D41F01001E165216EC6
:1016A00041F001012166012503F03AF9E16DC90617
:1016B00000D430B1E06D40F01000E065012528460F
:1016C000F8BDE06D20F4807040F00200E065206815
:1016D000816811F0010F27D14FF0A043564A98427C
:1016E00001D0904204D19968966801F001010AE0A6
:1016F00052498968524E01F00101B66806F00106B0
:101700003143504EB66806F0010631430CD1984281
:1017100001D0904201D14C4800E04C486168826899
:1017200022F47C120A438260E168E06B627F084326
:10173000A16841EA4231084394F8241040EA01408C
:10174000012904D1218D424A02EB41410843E16A5B
:1017500029B101F47871226B014342EA0100226849
:10176000D1683C4B19400143D16020680169626B2C
:1017700021F0406111430161206803F0CDF870BB96
:10178000207F94F838102268800340EA4100D16835
:1017900044F2020399430143D16020690028206884
:1017A00001690AD041F480310161206850F8C01FFE
:1017B00022696FF30D01114307E021F480310161CB
:1017C000206850F8C01F6FF30D01016094F84000CD
:1017D00001280CD02068016921F0010101616069D4
:1017E00001282068016B21F00F0111D013E0D4E92A
:1017F00011010843D4E913121143084321680A690F
:1018000040F2FC739A43104340F001000861E6E7A0
:10181000226A521E11430163E06D20F0020040F085
:101820000100E0654BE70000C0FFFF5FC0FFFF7FE6
:1018300064000020400D030000010050000400502F
:101840000005005000060050000300500007005043
:101850000000FEFF0740F0FF2DE9F0439BB0044677
:10186000142115A8FEF77EFD54216846FEF77AFD87
:101870004FF00051206800253D4F0326DFF8F4901B
:101880008A133D4CB0F1A04F11D03C4B98426CD123
:10189000904668460092119101F09EF808B1FFF75A
:1018A00043FA3868401C3860012846D04DE068464D
:1018B0000092119101F090F808B1FFF735FA3868FD
:1018C000401C3860012807D1E06C40F40050E0640F
:1018D000E06C00F400501A90E06C40F00400E0640A
:1018E000E06C00F004001A90E06C40F00200E0644C
:1018F000E06C00F002001A90E06C40F00100E0643F
:10190000E06C179500F001001A900220CDE9150651
:1019100015A91B4800F0D8FA4FF480401795CDE97F
:10192000150615A9484600F0CFFA06201795CDE90F
:10193000150615A94FF0904015E0E06C40F40050FA
:10194000E064E06C00F400501A90E06C40F002009B
:10195000E064E06CCDF8548000F00200CDE916653B
:101960001A9015A9484600F0AFFA1BB0BDE8F08305
:101970003000002000040048001002400001005028
:10198000000800482DE9F0470446884600684FF0FB
:10199000A0454749474BDFF82091A84201D0484570
:1019A00001D10A4600E01A46926802F01F06A269B9
:1019B000082A14D0AEB1052E13D0092E11D0A8429A
:1019C00002D0484500D01946886800F4604058B1FC
:1019D000E06D40F02000E0650120BDE8F0870827B9
:1019E00003E0C068C007F2E7042700F0A3FB8246CB
:1019F00019E000BFB8F1FF3F15D000F09BFBA0EB52
:101A00000A01414502D8B8F1000F0CD120680068E6
:101A1000384208D1E06D40F00400E065002084F811
:101A200058000320D9E7206800683842E2D0E06D12
:101A300040F40070E065206802F07AFF80B1607FBA
:101A400070B92068006800070AD5E06D20F4807046
:101A5000E065E06DC00403D4E06D40F00100E06596
:101A60002068164A164B484501D12C4604E09042A6
:101A700001D11C4600E0044684420AD04EB1052E36
:101A800007D0092E05D0484506D0904203D11D4607
:101A900002E0C16801E00546E968082F05D0490465
:101AA00001D40C210160002097E70821FAE700002B
:101AB00000030050000700500001005000050050D6
:101AC000000400502DE9F041044600684FF0A045A5
:101AD000444FA84201D0B84201D1434900E04349F4
:101AE000896801F01F0602F01BFF18B102210846A9
:101AF000BDE8F08194F8580001280CD0012084F84A
:101B000058002046FEF7C6FD01004FF0000204D049
:101B100084F85820EBE70220EAE7E06D40F6016325
:101B2000984340F48070E0652068314BDFF8C4C012
:101B3000B84201D1AE4604E0984201D1E64600E049
:101B40008646864500D02EB9D4F85CE02EF4801E7F
:101B5000C4F85CE0D4F85CE05FEACE4E06D5D4F879
:101B600060E02EF0060EC4F860E000E022664FF060
:101B70001C0EC0F800E084F858202068B84201D15B
:101B80002A4604E0984201D1624600E002468242C1
:101B90000ED06EB1052E0BD0092E09D0E26D42F4A5
:101BA0008012E265B84213D0984210D165460FE02A
:101BB000C268920105D5E26D22F4005242F48052CF
:101BC000E26582680C4B1A40121D82608FE7054661
:101BD000E86880018BD5E06D20F4005040F480501F
:101BE000E06584E70001005000030050000700504A
:101BF0000005005000040050C0FFFF7F10B590F8B2
:101C0000253000210122022B03D00421C1630121D0
:101C100022E003681C6824F00E041C60836C1C68BE
:101C200024F480741C6003681C6824F001041C60A8
:101C300090F84430046C03F01F0302FA03F363606E
:101C4000D0E913345C60436D33B11C6824F48074B4
:101C50001C60D0E916345C6080F82520002280F8F2
:101C60002420084610BD70B590F8252000240121DD
:101C70002346022A07D00422C26380F8251080F888
:101C80002430012429E00268156825F00E0515604E
:101C90000268156825F001051560826C156825F449
:101CA0008075156090F84420056C02F01F0201FA5F
:101CB00002F26A60D0E913255560426D32B11568B1
:101CC00025F480751560D0E91625556080F825103B
:101CD00080F82430816B01B18847204670BD000038
:101CE00070B5044600F026FA0546601C02D0044890
:101CF0004068044400F01EFA401BA042FAD370BDB5
:101D0000380000202DE9F05F054633488946017808
:101D100001290CD00126804606704FF47A7B584684
:101D2000FFF792F807004FF0000A03D04FE00220BF
:101D3000BDE8F09F51464046C8F804A0274C2268F1
:101D400092050AD52168490505D5216821F48061ED
:101D50002160032109E0067708E02268520504D5D6
:101D6000216821F48061216002210177286801281F
:101D700007D04FF0FF31C9F8001040F2FA3BAE68CF
:101D80001EE06868FFF700F85846FFF75DF8074661
:101D9000606948F204018843606116E03046696872
:101DA000FFF70EF84FF47A70FFF74EF807006069FE
:101DB00020EA0B00606102D0C9F8006005E0761CE3
:101DC000D5E902010844B042E8D8FEF7AFFF88F831
:101DD00000A03846ACE7000044000020002002408C
:101DE000054901204A6942F000424A6149690029D7
:101DF00000DA002070470000002002402DE9FF5F5C
:101E0000254C0646904620789A4601280BD00120A2
:101E100020704FF47A7B5846FFF716F807004FF012
:101E2000000904D02AE0022004B0BDE8F09F484633
:101E3000C4F80490194D2968490504D5286820F490
:101E4000806028600220207726B1012E09D0022E62
:101E500007D00CE0424653460198FEF7D1FF012619
:101E600012E041460198FEF7D9FF022E0AD05846EB
:101E7000FEF7EAFF4FEA0007FEF758FF84F80090EC
:101E80003846D1E74FF480265846FEF7DDFF074677
:101E90006869B0436861EFE7440000200020024019
:101EA000064900204A69002A07DA054A8A60054A7D
:101EB0008A604969002900DA012070470020024049
:101EC00023016745AB89EFCD2DE9F04FDFF8209274
:101ED000002301260324A9F1040B85B00F2709F183
:101EE000040AABF1040EFAE006FA03F52A407CD0AE
:101EF00091F804C00CF0030CBCF1010F02D0BCF14E
:101F0000020F26D1D0F808C0CDF800C04FEA430C2C
:101F100004FA0CF8CDF810C0DDF800C02CEA080C6B
:101F2000CDF800C0D1F80C80DDF810C008FA0CF82C
:101F3000DDF800C048EA0C08C0F80880D0F804C0FA
:101F40002CEA050C0D79C5F300159D4045EA0C05FA
:101F500045600D79ED43AD070ED0C5684FEA4308E3
:101F600004FA08FC25EA0C05D1F808C00CFA08FCB4
:101F70004CEA050CC0F80CC00D7905F00305022DE4
:101F800016D1DD0800EB850CCDF808C0DCF8208008
:101F90005D074FEAD56C07FA0CF528EA05080D69CC
:101FA00005FA0CF5DDF808C045EA0805CCF8205024
:101FB00005684FEA430CCDF808C004FA0CFC25EA8A
:101FC0000C0591F804C00CF00308DDF808C008FA0D
:101FD0000CF848EA0508C0F800804D6815F4403F49
:101FE0007CD0444DD5F860C000E077E04CF0010CA7
:101FF000C5F860C02D6E23F0030C05F001050095B7
:102000003D4D65440295AD684FEA837C4FEA1C78EC
:1020100007FA08FC25EA0C05B0F1904F06D0DFF86E
:10202000DCC0604505D14FF0010C20E04FF0000C02
:102030001DE0DFF8CCC0604502D14FF0020C16E085
:10204000DFF8C0C0604502D14FF0030C0FE0DFF8AD
:10205000B8C0604502D14FF0040C08E0DFF8ACC016
:10206000604502D14FF0050C01E04FF0060C0CFA70
:1020700008FC4CEA050C029DC5F808C0D9F80050D0
:10208000CC46D1F8048095435FEAC82800D51543B3
:10209000CCF80050DAF80050D446D1F804809543CB
:1020A0005FEA882800D51543CCF80050DBF80050D3
:1020B000DC46D1F8048095435FEA883800D51543A3
:1020C000CCF80050DEF80050F446D1F80480954377
:1020D0005FEAC83800D51543CCF800505B1C0A688D
:1020E00032FA03F57FF400AF05B0BDE8F08F0000D1
:1020F00008040140001002400000014000040048B4
:1021000000080048000C0048001000480014004877
:102110000069084000D001207047426921EA0203AB
:102120000A4043EA0241816170470AB18161704708
:1021300081627047014880687047000038000020C5
:1021400030B590F8DD20022A37D090F8DC20012A43
:1021500033D0012480F8DC40022280F8DD200368BF
:10216000D3F8A02322F002050A7802F002022A43E3
:1021700022F03C050A7902F03C022A4322F47075F1
:102180008A682A4322F480658A8902F480622A439D
:102190000D69C3F8A45305684B69C5F8A8330368F3
:1021A0008969C3F8AC130168C1F8A02380F8DD4049
:1021B000002180F8DC10084630BD022030BD10B58B
:1021C00090F8DD20022A16D090F8DC20012A12D0E7
:1021D000012200F8DC2F0223437050F8DC3CD3F8D6
:1021E000A04324F001040C43C3F8A0434270002133
:1021F0000170084610BD022010BD10B590F8DC201B
:10220000012A21D0012280F8DC20022380F8DD3071
:102210004B1C1BD00368D3F8CC4344F00204C3F832
:10222000CC430368D3F8CC4324F00C040C43C3F82C
:10223000CC430168D1F8CC3343F00103C1F8CC336F
:1022400080F8DD20002010BD022010BD0168D1F80B
:10225000CC3323F00203C1F8CC33EAE738B50400ED
:1022600056D0022084F8DD000025C4F8E050C4F800
:10227000E450C4F8E850C4F8EC50C4F8F050C4F886
:10228000F450C4F8F850207AC0071BD021492068C8
:10229000884208D12048016E41F080610166006EDD
:1022A00000F0806000902168086820F44042208A95
:1022B00000F44040104320F44052A08A00F4405003
:1022C00010430860204600F029F8207A800708D5DE
:1022D0002168086820F44072A08900F4407010431F
:1022E0000860012084F8DD0084F8DC505FF0000114
:1022F000C1EBC10004EB8000491C8561C56105622A
:1023000045628562C9B205630629F1D9002038BD4E
:10231000012038BD006801400010024008B5006887
:102320000649884208D10648016E41F08061016685
:10233000006E00F08060009008BD00000068014061
:102340000010024070B50D460446FFF7F3FE064646
:1023500007E0681C05D0FFF7EDFE801BA8420DD8F2
:1023600065B12068D0F88803C043C003F1D40120D0
:1023700084F8DD00002084F8DC0070BD072084F8BC
:10238000DD00032070BD70B590F8DD30022B1DD04C
:1023900090F8DC30012B19D0012380F8DC300224C6
:1023A00080F8DD40EC25046805EBC1156159CE06C7
:1023B00005D54FF6C076B14332400A43625180F8EA
:1023C000DD30002180F8DC10084670BD022070BDB1
:1023D00070B590F8DD30022B23D0022380F8DD3079
:1023E000062920D08023046803EBC115635923F02C
:1023F00007069368334323F01806D36833436351C9
:102400009425046805EBC11513686351982403688B
:1024100004EBC11152685A50012180F8DD100020F0
:1024200070BD022070BD0368196821F0070491682F
:10243000214321F01804D168214319600368116811
:102440005961516802689161E6E72DE9F04F90F813
:10245000DD40022C25D090F8DC40012C21D04FF03B
:10246000010980F8DC90022480F8DD4000274FF05D
:10247000070C062918D09C2404EBC116012A39D078
:102480008024A8254FF4005A4FF4405B05EBC1159A
:1024900004EBC114022A2FD0042A45D0082A0BD1FC
:1024A00044E00220BDE8F08F012A0AD0022A0CD0B5
:1024B000042A0ED0082A10D080F8DDC080F8DC7025
:1024C0000EE002681968D1610AE002681968516279
:1024D00006E002681968916202E002681968D16238
:1024E00090F8DD10072948D080F8DD9080F8DC7086
:1024F0000020D7E7196835E04FF0A408D0F800C0F5
:1025000008EBC1111A684CF80120596800290168CC
:102510000A5922F440522ED00A5101680A59D3F8C0
:1025200004C042EA0C0218E0196821E04FF0AC0840
:10253000D0F800C008EBC1111A684CF801205968A6
:10254000002901680A5922F4404214D00A51016856
:102550000A59D3F804C042EA8C020A51596851451D
:1025600003D1996802689151BAE75945B8D1996881
:1025700002685151B4E70A51B2E7012092E710B561
:1025800090F8DC20012A0ED0012200F8DC2F022373
:10259000437050F8DC3C1C680C431C604270002106
:1025A0000170084610BD022010BD70B5044690F8B9
:1025B000DD00022811D094F8DC0001280ED001259E
:1025C00084F8DC50022084F8DD00204602F03DF85B
:1025D00084F8DD50002084F8DC0070BD022070BD5E
:1025E00010B590F8DC20012A10D0012200F8DC2F71
:1025F0000223437050F8DC3CD3F894430C43C3F8F7
:102600009443427000210170084610BD022010BDA5
:102610002DE9F041044690F8DD0015460E460228EB
:1026200026D094F8DC00012821D0012784F8DC7042
:10263000022084F8DD00062E1CD0204602F074F83B
:10264000C6EBC60004EB800029680162696841623C
:10265000A9688162E968C16229690163314620463F
:1026600001F076FF062E15D0E86A40B112E0022094
:10267000BDE8F0811146204601F09EFFE0E7802191
:10268000206801EBC6114258EB6D22F4007242EA59
:102690004322425084F8DD70002084F8DC00E7E734
:1026A0002DE9F041044690F8DD00022824D094F88A
:1026B000DC0001281FD0012584F8DC50022084F8BA
:1026C000DD00EC20266800EBC113F058176820F0FD
:1026D000100040EA071020F480175068384320F4B7
:1026E0008037D068384320F40037906838439769C2
:1026F000012F03D00CE00220BDE8F08120F0040798
:102700001069384320F002075069384340F0010057
:10271000F050204601F01CFF84F8DD50002084F8C2
:10272000DC00E9E770B5040011D021684CF6CC401C
:102730000860216845F255500860D4E90001416005
:102740002168A0688860FFF7F5FC05460DE00120D0
:1027500070BD00BFFFF7EEFC401B312805D9206893
:10276000C068400701D0032070BD2068C0684007E2
:10277000F0D120680269E1688A4201D0016102E07B
:102780004AF6AA210160002070BD00684AF6AA211D
:1027900001600020704700000248816842681144CF
:1027A000816070473800002010B50024032000F03D
:1027B0009BF80F2000F008F808B1012401E000F0B8
:1027C00047F8204610BD000030B505461B4887B0CD
:1027D000016E41F400610166006E06A900F400601C
:1027E000009001A800F066FB00F096FB1449154A22
:1027F000B0FBF1F11448491E0260416040F2E7323B
:102800000021C0E90321816000F08BFE040012D199
:102810000D4800F0FDFE04000DD1192000F036F83F
:10282000102D07D200222946192000F03DF8074854
:10283000056000E0012407B0204630BD00100240D2
:1028400040420F00002C0140040600203800002008
:102850000D4808B5016E41F001010166016E01F0FD
:1028600001010091816D41F080518165806D0022F0
:1028700000F0805000900F21901E00F015F8BDE888
:10288000084000F0A1B8000000100240002809DB59
:1028900000F01F02012191404009800000F1E0207A
:1028A000C0F8001170470000F0B40E4B1B680C46D6
:1028B000C3F30223C3F10705042D00D90425191D14
:1028C000072901D2002300E0DB1E012606FA05F1EC
:1028D000491E214099409E40761E16403143F0BC6F
:1028E00004F0A7BC0CED00E0064900F00702086800
:1028F0004FF6FF03184040EA0220034A10430860E5
:10290000704700000CED00E00000FA052B492C4B4D
:102910000A6832214A432B4940B1B0F5007F08686C
:1029200029D020F4C06040F480602CE00868C0F337
:102930004120022804D051F8800F20F4807022E05A
:10294000D1F8800020F48070C1F88000086820F47D
:10295000C06040F400700860B2FBF3F0401C00E07F
:10296000401E4A69520501D50028F9D14869400541
:102970000AD503207047C0F34120022806D051F841
:10298000800F40F48070086000207047D1F880000C
:1029900040F48070C1F88000086820F4C06040F402
:1029A00000700860B2FBF3F0401C00E0401E4A6972
:1029B0005205DBD50028F9D1D8E7000064000020DB
:1029C00040420F00007000400248816841F480419D
:1029D00081607047007000402DE9F84304460068AC
:1029E0000026BB4D00035ED5A86D0027C00008D4AB
:1029F000A86D40F08050A865A86D012700F08050B8
:102A00000090DFF8D092D9F8001041F48071C9F835
:102A10000010FFF78FFB804606E000BFFFF78AFB40
:102A2000A0EB080002282BD8D9F80000C005F5D586
:102A3000D5F8900010F4407014D0216D814211D06F
:102A4000D5F89000D5F8901020F4407041F4803112
:102A5000C5F89010D5F8901021F48031C5F8901089
:102A6000C5F89000C00711D0FFF764FB804641F223
:102A7000883907E0FFF75EFBA0EB0801494501D963
:102A800003260BE0D5F890008007F3D5D5F8900029
:102A9000216D20F440700843C5F890001FB1A86D67
:102AA00020F08050A8652078C00707D0D5F88800AE
:102AB000616820F003000843C5F88800207880078B
:102AC00007D5D5F88800A16820F00C000843C5F8A8
:102AD00088002078400707D5D5F88800E16820F005
:102AE00030000843C5F888002078000707D5D5F8DE
:102AF0008800216920F0C0000843C5F888002078CC
:102B0000C00607D5D5F88800616920F440700843F5
:102B1000C5F888002078800607D5D5F88800A16917
:102B200020F440600843C5F888002078400607D5A7
:102B3000D5F88800E16920F440500843C5F88800C2
:102B40002078000607D5D5F88800216A20F4404097
:102B50000843C5F888002088C00507D5D5F8880047
:102B6000616A20F440300843C5F88800206880037B
:102B700007D5D5F89C00A16A20F003000843C5F8EA
:102B80009C002088800507D5D5F88800E16A20F4EC
:102B900040200843C5F88800208840050FD5D5F8A7
:102BA0008800216B20F440100843C5F88800206B92
:102BB000B0F5801F03D1E86840F48010E8602088F9
:102BC00000050FD5D5F88800616B20F4400008435C
:102BD000C5F88800606BB0F5800F03D1E86840F459
:102BE0008010E8602088C0040FD5D5F88800A16B5C
:102BF00020F040700843C5F88800A06BB0F1807FDA
:102C000003D1E86840F48010E86020884FF000614C
:102C100080040ED5D5F88800E26B20F040601043A8
:102C2000C5F88800E06B884203D1E86840F4801062
:102C3000E860208840040ED5D5F88800226C20F08A
:102C400040601043C5F88800206C884203D1E868D2
:102C500040F48010E860208800040FD5D5F8880083
:102C6000616C20F040500843C5F88800606CB0F1FA
:102C7000805F03D1E86840F48030E8602068C003DA
:102C80000FD5D5F88800A16C20F040400843C5F866
:102C90008800A06CB0F1804F03D1E86840F4803028
:102CA000E860206840030FD5D5F89C00E16C20F463
:102CB00040100843C5F89C00E06CB0F5001F03D13C
:102CC000E86840F48010E8603046BDE8F883000012
:102CD00000100240007000402DE9F0470E4605004C
:102CE0004FF0000725D0DFF8AC81D8F8000000F0E5
:102CF0000F00B0420CD2D8F8001021F00F01314380
:102D0000C8F80010D8F8000000F00F00B04210D151
:102D10002968614CC80741F2883A5AD06868DFF8E0
:102D20007C91032808D0022820682DD04005002877
:102D30002CDB0120BDE8F08720688001F9D5E06830
:102D400000F00302E068C0F30310401C032A19D00E
:102D5000534A00BFB2FBF0F0E268C2F306225043D0
:102D6000E268C2F34162521C5200B0FBF2F04845E7
:102D700017D9A06810F0F00F0CD0880711D5A868FB
:102D800040B10EE0474AE5E78003D0E700F0D6F80F
:102D9000484506D9A06820F0F00040F08000A0600F
:102DA0008027A068696820F003000843A060FFF74F
:102DB000C1F9814606E000BFFFF7BCF9A0EB0901AD
:102DC00051453AD8A068696800F00C00B0EB810F5B
:102DD000F2D12868810714D5400703D5A06840F4D4
:102DE000E060A0602878000705D5A06820F4605056
:102DF00040F4E060A060A068A96820F0F0000843FB
:102E000004E0802F03D1A06820F0F000A060D8F883
:102E10000010404601F00F01B14216D9016821F0BF
:102E20000F0131430160FFF785F9074607E000BF56
:102E3000FFF780F9C11B514501D903207AE7D8F883
:102E4000000000F00F00B042F2D12878400705D50D
:102E5000A068E96820F4E0600843A06028780007D3
:102E600006D5A068296920F4605040EAC100A0603E
:102E700000F064F8A1680C4AC1F30311515C01F041
:102E80001F01C8400949086009480068BDE8F047CB
:102E9000FFF79ABC002002400010024000B4C404B6
:102EA0000024F400001BB700D49100086400002047
:102EB000380000200F2202600C4A936803F00303DD
:102EC0004360936803F0F0038360936803F4E06366
:102ED000C36092684FF4E06303EAD20202610448DF
:102EE000006800F00F00086070470000001002400A
:102EF000002002400548064900688968054AC1F378
:102F00000221515C01F01F01C8407047640000209D
:102F100000100240E49100080548064900688968ED
:102F2000054AC1F3C221515C01F01F01C84070473E
:102F30006400002000100240E4910008184910B518
:102F40008868C0F381021748012A0BD08A68164BA3
:102F5000C2F38102022A06D08A68C2F38102032AE0
:102F600003D0002010BD184610BDCA6802F003044B
:102F7000CA68C2F30312521C032C02D0B0FBF2F059
:102F800001E0B3FBF2F0CA68C968C2F306225043FD
:102F9000C1F34161491C4900B0FBF1F010BD0000D4
:102FA000001002400024F400001BB7002DE9F84394
:102FB00004007AD02078F84DC00747D0A868E968A7
:102FC00000F00C0001F003010C2802D0082817D0F3
:102FD00001E0032914D06068B0F5803F17D0B0F548
:102FE000A02F286817D020F480302860286820F4AB
:102FF000802028606068E0B1FFF79CF8064614E086
:103000002868800322D560680028D2D01EE0286896
:1030100040F48030EDE740F480202860F7E700BFFF
:10302000FFF788F8801B642870D828688003F7D5DC
:103030000CE0FFF77FF8064605E000BFFFF77AF8DF
:10304000801B6428F0D828688003F7D42078800794
:103050004CD5A868E96800F00C0001F003010C28C9
:1030600002D004280DD001E002290AD0E06800282F
:1030700028682BD040F480702860FFF75BF8064684
:1030800019E02868400502D5E068002891D06868FA
:10309000217C20F0FE4040EA01606860BF48006883
:1030A000FFF792FB002800D120E072E1FFF742F821
:1030B000801B0228B8D828684005F7D56868217CAD
:1030C00020F0FE4040EA016068600FE020F480706C
:1030D0002860FFF72FF8064605E000BFFFF72AF843
:1030E000801B0228A0D828684005F7D42078000764
:1030F00029D560690028D5F8940013D040F001006C
:10310000C5F89400FFF716F8064606E090E000BF09
:10311000FFF710F8801B022886D8D5F894008007A6
:10312000F6D510E020F00100C5F89400FFF702F892
:10313000064604E0FEF7FEFF801B022878D8D5F88B
:1031400094008007F6D42078400761D5A86D00264A
:10315000C00008D4A86D40F08050A865A86D012675
:1031600000F0805000908E480168C90511D40168B4
:10317000804641F480710160FEF7DCFF074604E001
:10318000FEF7D8FFC01B022852D8D8F80000C005AF
:10319000F6D5A068012815D00528D5F8900016D0DE
:1031A00020F00100C5F89000D5F8900020F0040050
:1031B000C5F89000A06841F28838B8B1FEF7BAFFB0
:1031C00007460EE0D5F8900040F00100F0E740F02F
:1031D0000400C5F89000F5E7FEF7ACFFC11B4145C0
:1031E00026D8D5F890008007F6D50CE0FEF7A2FFB0
:1031F000074604E0FEF79EFFC11B414518D8D5F8ED
:1032000090008007F6D41EB1A86D20F08050A8650C
:103210002078800629D5A0690028D5F8980013D019
:1032200040F00100C5F89800FEF784FF064606E06E
:1032300075E000BFFEF77EFF801B02286FD8D5F82F
:1032400098008007F6D510E020F00100C5F898003E
:10325000FEF770FF064604E0FEF76CFF801B0228B5
:103260005DD8D5F898008007F6D4E069F0B3A96876
:10327000C1F3810103295DD00228286820F0807005
:10328000286003D0FEF756FF04464BE0FEF752FFDE
:10329000064604E0FEF74EFF801B02283FD8286850
:1032A0008001F7D4F4E908016FF00F0202EB01117D
:1032B0000843218A5204490802EB4151A26841EABD
:1032C00002210843217D4FF07E42490802EB416113
:1032D0000843217B40EAC160E968324A1140084353
:1032E000E860286840F08070286000E05EE0E868F0
:1032F00040F08070E860FEF71DFF044605E000BF67
:10330000FEF718FF001B022809D828688001F7D5AE
:103310004CE000BFFEF70EFF001B022802D903207D
:10332000BDE8F88328688001F4D4E8681E490840A5
:10333000E8603BE00128F3D0E868226A00F003016E
:10334000914226D1616A00F0F002090110399142E0
:103350001FD1A26A00F4FE41B1EB022F19D194F8FB
:103360002C2000F07841B1EBC26F12D1218E00F415
:10337000C00249084905A1F50011914209D194F80C
:10338000341000F0C06049084906A1F10071814283
:103390000CD00120C4E700000010024038000020DB
:1033A000007000400C809F01FCFFEEFE0020B7E79C
:1033B000704770477047000030B590F83C20012AF4
:1033C00045D0012280F83C20CA688B6822F4407204
:1033D0001A434B6822F480621A430B6822F400629D
:1033E0001A430B6922F480521A434B6922F40052AB
:1033F0001A430B6B22F480421A430B8B22F4702287
:1034000042EA0342CB6922F080521A43114D03680D
:103410000024AB4205D0104DAB4202D00F4DAB4261
:1034200010D10D8D22F4700242EA05520D6A22F08D
:1034300080722A434D6A22F000722A43C96A22F040
:1034400000520A435A6480F83C40002030BD0220FC
:1034500030BD0000002C014000340140005001400C
:103460007047704770470000F0B590F83C20012A83
:1034700043D0012580F83C50022280F83D200368AB
:103480005A689C681E4E1F4FDFF87CC0B34203D0C1
:10349000BB4201D0634504D122F4700E4A6842EA6F
:1034A0000E02DFF868E002EA0E02D1F800E04EEA10
:1034B000020EC3F804E00268B24212D0B2F1804FAB
:1034C0000FD0134B9A420CD0124B9A4209D0124B98
:1034D0009A4206D0BA4204D0104B9A4201D06245BB
:1034E00004D1896824F080031943916080F83D502D
:1034F000002180F83C100846F0BD0220F0BD00001D
:10350000002C014000340140005001408FFFFFFDBE
:103510000004004000080040000C00400040014052
:10352000704710B5040003D094F83D0010B107E0D7
:10353000012010BD002084F83C00204600F022F855
:10354000022084F83D00211D206802F0D9FC0120F2
:1035500084F8480084F83E0084F83F0084F8400076
:1035600084F8410084F8420084F8430084F8440061
:1035700084F8450084F8460084F8470084F83D004C
:10358000002010BD10B586B0044614216846FCF733
:10359000E9FE21681B48B1F1804F0CD01A4A9142D4
:1035A00007D1016E41F400510166006E00F4005035
:1035B000059006B010BD816D41F001018165816DFE
:1035C00001F001010591C16C41F00201C164C06CC0
:1035D000694600F00200059008200090022001904A
:1035E000002002900390012004900848FEF76CFC34
:1035F000002208211C20FFF757F91C20FFF746F98D
:10360000D7E70000001002400034014000040048E9
:1036100090F83D10012901D001207047022180F867
:103620003D100168CA6842F00102CA60006813498F
:10363000884214D0B0F1804F11D0114988420ED089
:10364000104988420BD01049884208D00F4988425F
:1036500005D00F49884202D00E49884207D18168BF
:103660000D4A1140062906D0B1F5803F03D001680C
:1036700041F001010160002070470000002C014072
:103680000004004000080040000C004000340140ED
:1036900000400140005001400700010070B50446A1
:1036A00090F83C00002501281CD0012684F83C60DD
:1036B000022084F83D0022689068334B184020F4C3
:1036C0007F4090600868B0F5005F2ED016DC40287F
:1036D00049D009DCD0B1102818D0202816D03028C5
:1036E00049D113E0022070BD50282AD0602830D084
:1036F00070280FD0B0F5805F3DD13DE010F00F0F86
:1037000039D10111A1F58031072934D82268014649
:10371000104625E0CB68D1E90121206802F06FFC5A
:103720002068816841F0770109E0CB68D1E9012187
:10373000206802F064FC2068816841F48041816067
:103740001AE0CA684968206802F02EFE50212068FD
:1037500006E0CA684968206802F078FE60212068A7
:1037600002F058FC08E0CA684968206802F01CFEB4
:1037700040212068F4E7012584F83D60002084F8AA
:103780003C00284670BD000088FFCEFF2DE9F041C7
:103790000068B0F1804F53D12A4C2068C068C04304
:1037A00080074DD4DFF8A08008214046FEF7B0FC2A
:1037B0000026264D012708B1287928B10821404666
:1037C000FEF7A6FC60B10DE02F712068016A21F0C0
:1037D000A00101622068016A41F02001016229E034
:1037E000687940B108214046FEF792FC20B3687921
:1037F00001280FD020E00421124800F041FBA8610D
:103800002068016A21F0A00101622068016A01625A
:103810006F7111E004210B4800F032FB68612068F1
:10382000016A21F0A00101622068016A41F02001D3
:1038300001626E712068466221686FF004000861C1
:10384000BDE8F0814404002000040048000100208D
:103850002DE9F041054690F83C0000260C46012871
:1038600010D0012085F83C0072B1042A1CD0082A2F
:103870002CD00C2A50D00126002085F83C00304680
:10388000BDE8F0810220FBE7D4E90012E368286874
:1038900002F09CFD2868816921F00C018161286893
:1038A0008169A26811430FE0D4E90012E368286837
:1038B00002F0DEFD2868816921F440618161286899
:1038C0008169A26841EA02218161D5E72868D4E9CB
:1038D000002C277B036A016A21F480710162C169AF
:1038E00023F4206321F0030141EA0C0121F0F00CE4
:1038F00039074FF420674CEA116107EA02221A43A4
:10390000C16102622868C16921F00C01C1612868A7
:10391000C169A26811432BE02868D4E90021E76857
:10392000036AD0F820C02CF4805CC0F820C0D0F826
:103930001CC023F420432CF4407C4CEA012121F4E8
:10394000704C4FF6FF7101EA07314FF4204741EA0E
:103950000C0107EA02321A43C16102622868C16998
:1039600021F44061C1612868C169A26841EA02216D
:10397000C16181E710B5040003D094F83D0010B197
:1039800007E0012010BD002084F83C00204600F034
:1039900022F8022084F83D00211D206802F0B0FAD0
:1039A000012084F8480084F83E0084F83F0084F841
:1039B000400084F8410084F8420084F8430084F811
:1039C000440084F8450084F8460084F8470084F8F1
:1039D0003D00002010BD70472DE9F041044600680D
:1039E000C66805694FF00007A90713D5B10711D5BF
:1039F000F91E016101202077206880698007204638
:103A000002D0FFF7C3FE04E000F0E0F8204600F02B
:103A1000A2F92777680716D5700714D521686FF0CB
:103A200004000861022020772068806910F4407F3C
:103A3000204602D0FFF7AAFE04E000F0C7F82046B7
:103A400000F089F92777280715D5300713D52168A5
:103A50006FF008000861042020772068C0698007A3
:103A6000204602D0FFF792FE04E000F0AFF82046B7
:103A700000F071F92777E80616D5F00614D521680D
:103A80006FF010000861082020772068C06910F4EA
:103A9000407F204602D0FFF779FE04E000F096F860
:103AA000204600F058F92777E80708D0F00706D03D
:103AB00021686FF001000861204600F0D7F9280660
:103AC00001D4A80408D5300606D521686FF4025049
:103AD00008612046FFF76DFCE80508D5300606D5DD
:103AE00021686FF4807008612046FFF761FC68066A
:103AF00008D5700606D521686FF0400008612046A1
:103B000000F0D3F9A80608D5B00606D521686FF0F5
:103B1000200008612046FFF74DFCE80208D5F002BE
:103B200006D521686FF4801008612046FFF799FCE4
:103B3000A80208D5B00206D521686FF4001008610C
:103B40002046FFF78DFC680208D5700206D5216873
:103B50006FF4800008612046FFF784FC28020AD534
:103B6000300208D521686FF4000008612046BDE8E6
:103B7000F041FFF7D5BCBDE8F081000010B586B07C
:103B8000044614216846FCF7EDFB0E492068884284
:103B900016D10D48C16C41F00101C164C06C002117
:103BA00000F0010005904FF4004000900220CDE9A4
:103BB0000101CDE9031069464FF09040FEF784F90A
:103BC00006B010BD0034014000100240704770B5CF
:103BD000044690F83C0000260D4601280BD0012039
:103BE00084F83C000C2A4AD007DC82B1042A20D099
:103BF000082A06D131E0022070BD102A53D0142AC1
:103C000063D00126002084F83C00304670BD206857
:103C100002F00AFA2068816941F008018161206898
:103C2000816921F004018161206881692A69114359
:103C300011E0206802F04EFA2068816941F40061C9
:103C400081612068816921F48061816120688169D6
:103C50002A6941EA02218161D4E7206802F08AFAE8
:103C60002068C16941F00801C1612068C16921F083
:103C70000401C1612068C1692A69114311E020680B
:103C800002F0C8FA2068C16941F40061C16120688E
:103C9000C16921F48061C1612068C1692A6941EA72
:103CA0000221C161AEE7206802F004FB2068016DCB
:103CB00041F0080101652068016D21F004010165F2
:103CC0002068016D2A69114311E0206802F02EFB83
:103CD0002068016D41F4006101652068016D21F4E7
:103CE000806101652068016D2A6941EA0221016550
:103CF00088E710B5040003D094F83D0010B107E048
:103D0000012010BD002084F83C00204600F022F87D
:103D1000022084F83D00211D206802F0F1F8012006
:103D200084F8480084F83E0084F83F0084F840009E
:103D300084F8410084F8420084F8430084F8440089
:103D400084F8450084F8460084F8470084F83D0074
:103D5000002010BD7047704770B50446022269B15B
:103D6000042912D0082917D00C291CD0102921D0E1
:103D700094F84300012824D0012070BD94F83E003F
:103D80000128F9D184F83E201DE094F83F00012875
:103D9000F2D184F83F2016E094F840000128EBD1DE
:103DA00084F840200FE094F841000128E4D184F821
:103DB000412008E094F842000128DDD184F8422037
:103DC00001E084F843200122206802F00BF91D492C
:103DD00020681D4A1D4B1E4D88420BD0904209D0D1
:103DE000984207D01B4EB04204D01B4EB04201D0C7
:103DF000A84203D1466C46F40046466420688842D7
:103E000011D0B0F1804F0ED0144988420BD0144924
:103E1000884208D01349884205D0904203D0984286
:103E200001D0A84207D181680F4A1140062906D067
:103E3000B1F5803F03D0016841F00101016000202D
:103E400070BD0000002C01400034014000400140E2
:103E5000005001400044014000480140000400407F
:103E600000080040000C0040070001000068034902
:103E7000884201D1FEF790BC70470000002C014041
:103E80000246002041B1042909D008290AD00C2992
:103E900001D11068006C70471068406B7047106863
:103EA000806B70471068C06B7047704790F8841043
:103EB000012918D0012180F884102421C0F888102D
:103EC00001680A680B6823F001030B6022F00051BF
:103ED00000224266036819602021C0F8881080F82B
:103EE000842010467047022070477047704770B5B5
:103EF000044690F8840001281DD0012084F8840035
:103F00002420C4F8880020680568026822F00102B5
:103F100002602068826822F060620A438260204664
:103F200002F0EAFB206805602020C4F88800002029
:103F300084F8840070BD022070BD70B5044690F80E
:103F4000840001281DD0012084F884002420C4F8B6
:103F5000880020680568026822F00102026020687B
:103F6000826822F060420A438260204602F0C4FB6D
:103F7000206805602020C4F88800002084F88400B0
:103F800070BD022070BD7047704770472DE9F04149
:103F900003680446D86919689A6840F60F052842F4
:103FA0004FF000054FF002060AD187067ED501F0DA
:103FB000200702F0805C57EA0C0777D0616F42E17E
:103FC000B64FDFF8DCC2174001EA0C0C57EA0C0CC4
:103FD0006CD05FEAC07C0CD05FEAC15C09D54FF0C1
:103FE000010CC3F820C0D4F8903043F00103C4F8AA
:103FF0009030830709D5D30707D023681E62D4F811
:10400000903043F00403C4F8903043070AD5D30737
:1040100008D0266804233362D4F8903043F00203BA
:10402000C4F8903003070CD501F020033B4308D0BF
:10403000266808233362D4F8903043F00803C4F8AC
:10404000903003050BD54B0109D526684FF400636A
:104050003362D4F8903043F02003C4F89030D4F8A1
:104060009030002B3DD0800609D501F0200002F0F1
:104070008051084303D0616F09B120468847D4F8C6
:10408000900021688968490602D410F0280F2AD0D0
:10409000204602F015FC2068806840061ED5206886
:1040A000083050E8001F21F0400100E021E040E826
:1040B0000012002AF3D1D4F8800078B179498163E5
:1040C000D4F88000FDF7CFFD00280AD0D4F8800096
:1040D000816B00E02046BDE8F04108472046FFF72D
:1040E00054FFBDE8F0812046FFF74FFFC4F8905021
:1040F000F7E7D4F86CC02027BCF1010F7ED15FEA4E
:10410000C06C7BD55FEAC16C78D51020186220683E
:104110008068400651D5D4F880100A6850680004C1
:10412000000C3ED0B4F85C3083423AD9A4F85E006B
:104130000868006880062CD4216851E8000F20F43C
:10414000807041E80002002AF6D12068083050E86B
:10415000001F21F0010140E80012002AF5D120687B
:10416000083050E8001F21F0400140E80012002A0A
:10417000F5D1C4F88C70E566216851E8000F20F095
:10418000100041E80002002AF6D1D4F88000FDF7C3
:1041900035FD2667B4F85C00B4F85E10401A81B2B1
:1041A00007E0B4F85C1081429BD11068800698D576
:1041B00026672046FFF799FE93E7B4F85C00B4F851
:1041C0005E10401A81B2B4F85E00002889D0002940
:1041D00087D0226852E8000F20F4907042E8000374
:1041E000002BF6D12D4BDB432068083050E8002F20
:1041F0001A4040E8002CBCF1000F00E00EE0F3D1C3
:10420000C4F88C70E5666567206850E8002F22F0DE
:10421000100240E80023002BF6D1C9E7C60209D5F9
:10422000560207D54FF4801018622046BDE8F041D1
:10423000FFF7AABE03060AD501F0800302F40002CC
:10424000134304D0A16F00297FF444AF49E742062D
:1042500011D54A060FD52046016851E8002F22F0FB
:10426000400241E80023002BF6D1C0F88870856732
:1042700000F06DF935E7020206D54A0004D5204664
:10428000BDE8F041FFF77FBEC00195D5002993DA64
:104290002046BDE8F041FFF729BE000001000010F4
:1042A00020010004B168000810B5040003D0D4F860
:1042B000880010B107E0012010BD002084F88400C0
:1042C000204600F027F82420C4F888002068016800
:1042D00021F001010160A06A10B1204602F02EFA1F
:1042E000204602F07FFD0128E6D02068416821F4D5
:1042F000904141602068816821F02A018160206836
:10430000016841F0010101602046BDE8104002F063
:1043100079BA00002DE9F0419CB00446142115A89B
:10432000FCF720F854216846FCF71CF83749206850
:10433000374C0226DFF8DC800427002588423CD178
:104340001020059500906846FEF746FB08B1FCF783
:10435000EBFCA06D40F48010A065A06D00F480100F
:104360001A90E06C40F00400E064E06C00F004009F
:104370001A90E06C40F00800E064E06CCDE916654E
:1043800000F008001A904FF4805015900520CDE9F8
:10439000185015A94046FDF797FD15A91E48159719
:1043A000FDF792FD3520FEF771FA00220721352036
:1043B000FEF77AFA1CB0BDE8F08118498842F9D1BD
:1043C000684600970395FEF707FB08B1FCF7ACFCC5
:1043D000A06D40F48020A065A06D00F480201A90AC
:1043E000E06C40F00400E064E06CCDE9166500F09C
:1043F00004001A904FF4406015900720CDE9185042
:1044000015A94046FDF760FDD4E7000000500040CC
:104410000010024000080048000C0048004800401E
:1044200030B4D0F88C30202B02D0022030BC704742
:10443000A9B1A2B10023C3660A4C0368A3420BD002
:104440005B681B0208D5046854E8003F43F08063B2
:1044500044E80035002DF6D130BC02F00FBE01203B
:10446000E4E70000008000400068094988420ED15E
:10447000084801780848B0F88020815430F8801F3F
:10448000491C0180012203490448FFF7C9BF704756
:10449000005000403400002044330020DC040020A1
:1044A0002DE9F8430446D0F88800984616460D4694
:1044B000202802D00220BDE8F883A5B19EB10020DB
:1044C000C4F890002120C4F888001834FDF732FEAB
:1044D000A6878146E68754F8100C2027183CB0F5D3
:1044E000805F02D003E00120E5E7206910B12E468D
:1044F000002510E000260EE08021204602F046FE56
:10450000C0B9DEB116F8010B21688862B4F8560014
:10451000401EA4F85600B4F856004B464FF0000277
:10452000CDF800800028E7D14FF04001204602F08E
:104530002DFE40B1C4F888700320BCE735F8020BAB
:10454000C0F30800E0E7C4F888700020B3E77047C4
:10455000072930D2DFE801F00A10161C22280400D7
:104560000068D0F8841341F0010122E00068D0F81F
:10457000841341F002011CE00068D0F8841341F07C
:10458000040116E00068D0F8841341F0080110E03F
:104590000068D0F8841341F010010AE00068D0F8F8
:1045A000841341F0200104E00068D0F8841341F046
:1045B0004001C0F88413704770B503681A68D3F8D7
:1045C000A0534C6922F020022646144324F0C00276
:1045D000202E2BD08C69022C28D0032C2BD0042C1D
:1045E0002ED022F0E00200BF22F40064CA69224308
:1045F00022F480640A6A224322F0C0644A6A224399
:1046000022F000648A6A2243CC6A22F0404242EAE5
:10461000840222F000544A6B096B224325F4803453
:1046200021431A600068C0F8A01370BD22F0C002D8
:1046300042F02002D8E722F0800242F04002D3E7A5
:1046400022F0400242F08002CEE7F0B50024E426DA
:10465000056806EBC11755F807C0B82606EBC1166A
:10466000AE59402A20D00EDC082A2CD006DC012AC4
:104670001AD0022A27D0042A31D115E0102A13D0EB
:10468000202A2CD11FE0B2F5007F1CD005DC802A47
:1046900019D0B2F5807F22D106E0B2F5806F03D049
:1046A000B2F5006F1BD10EE04FF0BC0E0EEBC11E39
:1046B0005A6845F80E204FF0C00E05680EEBC11188
:1046C0009A686A500BE0C42404EBC1145A682A515A
:1046D000C825046805EBC1119A6862501024FE21B8
:1046E000A1401A682CEA010CA240D96842EA0C02E7
:1046F000A14011431A69D3F814C01546A2400A43D9
:104700000CFA04FC99694CEA020CA14041EA0C0144
:10471000082D06D1B20504D4B20102D4DA69A24050
:1047200011430068C151F0BD2DE9F04F80240368AA
:1047300004EBC117DC5924F07044DC510568EC59D6
:10474000E82303EBC1139E4655F803C0E42303EBB3
:10475000C1139B4655F803A0D5F8A033566924F041
:1047600020043443202E24D09669022E21D0032E1B
:1047700024D0042E27D024F4D07400BF24F4006683
:10478000D469344324F48066146A344324F0C06648
:10479000546A344324F00066946A344324F070462B
:1047A000D46A3443566B24F40034B6F1005F0FD062
:1047B00010E024F4C07444F02004DFE724F4807493
:1047C00044F08004DAE724F0800444F48074D5E7F0
:1047D00044F4003424F04008946B2CF03F0C26463F
:1047E00044EA080424F48028946D44EA0804DFF8BD
:1047F000D08004EA0804D2F8508048EA040992F80C
:104800003C40D2F8408004F03F0444EA0C0424F019
:10481000004448EA0408546C2AF4807C44EA0C04FE
:10482000D2F848C0BCF5606F02D0BCF5F05F01D192
:10483000402E03D124F4F0544CEA040424F48046BE
:10484000D46C3443566D062927D2DFE801F0030902
:104850000F151B21126B23F4003343EA42031CE0C3
:10486000126B23F4802343EA820316E0126B23F4D5
:10487000002343EAC20310E0126B23F4801343EADF
:1048800002130AE0126B23F4001343EA421304E01C
:10489000126B23F4800343EA821345F807900568FE
:1048A00045F80E80056845F80B40D424026804EBF7
:1048B000C11156500068C0F8A033BDE8F08F000069
:1048C000FFFF06FEFEE7000070B5C91CC1F38704B8
:1048D00000210A4D0FE000BF00EBC1035A685B885E
:1048E0001E0C324330F8316046EA034305EBC10643
:1048F000491CC6E90032A142EEDB70BD80010020F8
:104900000148FDF742BF00003404002000EB8100A5
:10491000006E00F0F84070478068C0F3C000704738
:104920008068C0F3800070478068C0F380007047E3
:10493000C06810F4406F01D000207047012070471C
:10494000042303EAD15310B518444369C1F3045159
:1049500007248C40A3438A401343436110BD00EBFE
:104960008100016E21F00041114301667047000093
:1049700008B5AE480090FF24002301226421ACA0BA
:1049800004F07EFBDFF8B0924FF47A764D46C9F81A
:104990000400AA480090002301223146A8A004F098
:1049A0006FFBA860AA48009000230122C821A9A09B
:1049B00004F066FBE860AA4800900023012231461B
:1049C000A8A004F05DFB2861AA4800900023012202
:1049D0003146A9A004F054FB686104F0D1F94FF00E
:1049E000000A0246CDF800A053460121686804F091
:1049F00091FBA548006803F09BFA0146A3A0FCF7D1
:104A00008CF9A9A1ABA0FCF788F9AEA1B0A0FCF786
:104A100084F9B34EDFF8CC824FF4FA7B03F0D8FA76
:104A2000377898F8105003F0F3FAFCF749FA01468A
:104A3000ADA0FCF772F92946AFA0FCF76EF921464C
:104A4000B4A0FCF76AF93946B7A0FCF766F9AC42A6
:104A500052D02C46062D4FD2DFE805F003284F76C2
:104A60009BBE0023CDF800A055461A4603214F46B1
:104A7000D9F80C0004F04EFB002300951A460321E0
:104A8000386904F047FB002300951A460321786932
:104A900004F040FBFCF784F8FCF771F804F070F9BF
:104AA0000246002300950121B868B9E00023CDF843
:104AB00000A055461A4603214F46D9F8080004F0D5
:104AC00029FB002300951A460321F86804F022FB15
:104AD000002300951A460321386904F01BFB0023CC
:104AE00000951A460321786904F014FBFCF73CF8A2
:104AF000FCF745F8FCF75AF894E00023CDF800A045
:104B000055461A4603214F46D9F8080004F002FB27
:104B1000002300951A460321F86804F0FBFA0023ED
:104B200000951A460321386904F0F4FA0023009531
:104B30001A460321786904F0EDFAFCF715F8FCF742
:104B40002FF8FCF722F86DE00023CDF800A05546C1
:104B50001A4603214F46D9F8080004F0DBFA002377
:104B600000951A460321386904F0D4FA0023009511
:104B70001A460321786904F0CDFAFBF7F5FFFBF73D
:104B8000FEFF04F0FDF80246002300950121F868BD
:104B900046E00023CDF800A055461A4603214F46B3
:104BA000D9F8080004F0B6FA002300951A4603214C
:104BB000F86804F0AFFA002300951A46032138691B
:104BC00004F0A8FAFBF7D0FF04F0DAF8024600235D
:104BD00000950121786923E00023CDF800A0554617
:104BE0001A4603214F46D9F8080004F093FA00232F
:104BF00000951A460321F86804F08CFA002300950A
:104C00001A460321786904F085FAFBF7ADFFFBF73C
:104C1000C7FF04F0B5F8024600950023012138696A
:104C200004F078FA584603F0ABFAF7E601490008B9
:104C3000494F5F4C454400002C010020C907000883
:104C4000424C455F424C55455F4C454400000000D6
:104C5000650B0008424C455F5245445F4C4544009B
:104C6000F9070008424C455F475245454E5F4C45A9
:104C700044000000CD070008475245454E5F5245AD
:104C8000445F4C45440000000C0000204C6564501B
:104C9000726F635461736B5F48616E646C65723AE6
:104CA000256C642E0D0A00004175672031312032D9
:104CB000303235005F444154455F2069733A2573B3
:104CC0000D0A000031303A31373A32350000000029
:104CD0005F54494D455F2069733A25730D0A000002
:104CE00000000020A0010020476574457272436EE9
:104CF000743A25642E0D0A005458706172616D6516
:104D00007465722E6C65645F737461743A25642EE9
:104D10000D0A0000496E69745F6C65645F737461AD
:104D2000743A25642E0D0A00675F74785F73797397
:104D300074656D5F737461743A25642E0D0A00000A
:104D400030B58BB0002408940994202168460A9459
:104D5000FBF708FB1D484FF0A041042501604FF40C
:104D60004031C0E90114C4600461C0E9054504771D
:104D700044770121016280F82440C462046380F812
:104D80003840C46380F84040FCF74EFC08B1FBF7A4
:104D9000CBFF08A90D480894FCF75CF908B1FBF7B4
:104DA000C3FF0B48009006200190072002907F204F
:104DB0000594CDE9030569460448FCF7FBF9002892
:104DC00001D0FBF7B1FF0BB030BD00006002002046
:104DD0000200300430B589B020216846FBF7C2FAE2
:104DE00019481849002401604FF44031C0E901140A
:104DF000C46004250461C0E90545047744770121B6
:104E0000016280F82440C462046380F83840C463BF
:104E100080F84040FCF708FC08B1FBF785FF0B4821
:104E200000900620CDE901047F200594CDE903051B
:104E300069460548FCF7BEF9002801D0FBF774FF6E
:104E400009B030BD00010050CC0200200080F03ECF
:104E50001CB505490120CDE900010023322203A140
:104E6000054803F027FF1CBD080000207374617221
:104E7000745F7461736B0000A97D000870B586B023
:104E800014216846FBF76EFA2D48C16C41F004010D
:104E9000C164C16C01F004010591C16C41F02001B5
:104EA000C164C16C01F020010591C16C41F00101A8
:104EB000C164C16C01F001010591C16C41F00201B6
:104EC000C164C16C01F002010591C16C41F008019F
:104ED000C164C06C012200F0080095024FF09046BA
:104EE000059029463046FDF720F90022E0213046A2
:104EF000FDF71BF900244FF44050CDE9000469464A
:104F000010480294FCF7E0FF00950125CDE902541A
:104F1000694630460195FCF7D7FFE020CDE9000552
:104F2000CDE9025469463046FCF7CEFF1020CDE9AA
:104F30000004694604480294FCF7C6FF06B070BD41
:104F40000010024000040048000800482DE9F0432A
:104F5000B5B000242E942F9430941C2127A83194AE
:104F6000FBF700FA60216846FBF7FCF932943394B2
:104F7000202118A83494FBF7F5F91C2120A8FBF791
:104F8000F1F95E485C49C0E900148460FDF766F9F8
:104F900008B1FBF7C9FE0C215848FDF72EF908B1FE
:104FA000FBF7C2FE0A215548FDF7CCF908B1FBF723
:104FB000BBFE02274FF004092097CDE9219401267A
:104FC0008020CDE92406239420A94C482696FDF79D
:104FD000B7F808B1FBF7A8FEDFF8248108252EAA50
:104FE000B8F80000CDE92E0400214448CDE9304551
:104FF000FDF7EEF908B1FBF797FE29942A9427AA4A
:1050000000213E4827962D94FDF74AFB08B1FBF797
:105010008BFE4AF6802200213848FDF7B4F908B12A
:10502000FBF782FE009401940294CDE903460594B7
:10503000069407944FF000600894CDE90940C0122F
:10504000CDE90B404003CDE90D040F941094119469
:1050500012941494159416946A46002127481794C4
:10506000FDF7D6FA08B1FBF75FFEB8F8000032ABE7
:1050700050383290012200212048FDF7E6F908B1AE
:10508000FBF752FE5020329032AB042200211B4825
:10509000FDF7DBF908B1FBF747FECDE91875CDE95F
:1050A0001A541C941D941E9418AB0122002113481D
:1050B0001F94FDF77AFA08B1FBF736FE2020CDE900
:1050C0001840CDE91A091C9518AB022200210B48A3
:1050D000FDF76BFA08B1FBF727FE00F081FE032114
:1050E0000648FDF77DFA4FF400310448FDF747FA12
:1050F00035B0BDE8F08300000068014038030020AF
:10510000040000200B4810B50949016004214160EA
:1051100040F6FF71C1604FF4FA718160FDF702FB48
:10512000002803D0BDE81040FBF7FEBD10BD000015
:10513000003000403404002010B58CB000240594E9
:10514000224804940694079408940A9409940094BD
:10515000019402944FF0804103940160A921C0E9B9
:1051600001144FF6FF71C0E903148461FEF7D9F909
:1051700008B1FBF7D9FD4FF48050049004A91348FF
:10518000FEF78CFA08B1FBF7CFFD1048FEF7F2FBF3
:1051900008B1FBF7C9FD2020089008A90A940B4824
:1051A000FEF762F908B1FBF7BFFD0120CDE9004031
:1051B00002940422694605480394FEF749FB00283F
:1051C00001D0FBF7B1FD0CB010BD0000440400207D
:1051D00030B59BB0002419941A9417941894149421
:1051E00015941C210DA81694FBF7BCF834216846D1
:1051F000FBF7B8F82E482D4941F68F25C0E9001479
:10520000C0E9024580210461C0E90541FEF789F942
:1052100008B1FBF789FD4FF48050179017A9244877
:10522000FEF73CFA08B1FBF77FFD2148FEF761FD70
:1052300008B1FBF779FD1494159414A91C48169431
:10524000FEF712F908B1FBF76FFD6020CDE90E54AF
:105250000D9010941194129400220DA914481394E7
:10526000FEF7B5FC08B1FBF75FFD00944FF400506A
:10527000CDE9044003940003CDE908400194029471
:10528000069407940A940B94694609480C94FEF717
:1052900093F808B1FBF748FD0548FEF76FFC0021C5
:1052A0000348FEF759FD1BB030BD0000003401403B
:1052B0009004002010B50F4C0D49C4E900100020E7
:1052C000A0600C21E060C4E90401A0612046FEF763
:1052D000EBFF08B1FBF728FD012207490548FFF75E
:1052E0009FF82068016841F01001016010BD0000C6
:1052F00000500040DC04002034000020184810B5A5
:10530000164901604FF4E1314160002181600C22B7
:10531000C160C0E904128161C161016241628162C0
:10532000FEF7C2FF08B1FBF7FFFC00210C48FEF7B7
:1053300004FE08B1FBF7F8FC00210948FEF7D7FD91
:1053400008B1FBF7F1FC0648FEF7B0FD002803D0DA
:10535000BDE81040FBF7E8BC10BD0000004800406D
:1053600070050020FEE700002DE9F0412248234DA2
:1053700021498088204C40BAE881AA890B78823480
:1053800016184978B6F57A7F23702ED261704100E5
:10539000A170002104F182070CE0531857F8236034
:1053A00033884FEA132C04EB4103491C83F803C0F4
:1053B00036781E7103468142EFDB032101EB430087
:1053C00081B20D48823002F089FD2882E98904EB20
:1053D0004102D070000A1071052000EB4101BDE8C8
:1053E000F0410548823001F01BBF41F08000607041
:1053F0000220A0700321F2E7443300204401002082
:1054000070B5174D1548AB8900F58272017952F8D5
:105410002330090200F182041980AB8952F823205D
:105420004379194311800178217041786170817846
:10543000A170C178E1700179217140796071062114
:10544000204602F04BFD2882A071000AE071204640
:10545000BDE87040082101F0E3BE000044330020A5
:10546000440100202DE9F0471F481E49204E0160ED
:10547000091F4160891C8160091DC160891C01618F
:105480000C318C1EC0E9051418490020A4F1120546
:1054900008604860174FE8804FF0FF0886F80080EA
:1054A0004FF0060987F80090A88028806880A4F84B
:1054B0000080A4F80290032221460F4800F0BEFBB2
:1054C000A0886881A0F57F41FF3905D02078307031
:1054D000A0783870BDE8F08786F8008087F80090E3
:1054E000F8E700004801002048340020C4010020F3
:1054F000020000200300002000F80008FEE7000082
:105500001FB50FA10522D1E90001CDE9020102A9D1
:10551000302000F0FDF805226946102000F068F800
:10552000002069460A5CA52A03D1401CC0B20528A8
:10553000F8D3052802D0012004B010BD0020FBE7FD
:10554000A5A5A5A5A500000070B51B4886B0C16C37
:1055500041F00201C164C06C4FF4005500F002003C
:10556000059001200024CDE90050CDE90204134E3E
:1055700069463046FCF7A8FC012229463046FCF774
:10558000D4FD1020CDE9000402940D4C694620465C
:10559000FCF79AFC012220212046FCF7C6FD0022E0
:1055A00029463046FCF7C1FD012251022046FCF796
:1055B000BCFD06B070BD00000010024000080048AD
:1055C0000004004810B500224FF400510648FCF7D3
:1055D000ACFD012251020548FCF7A7FDBDE81040D3
:1055E0000A20FCF77DBB00000008004800040048CA
:1055F0002DE9F047DFF8409015460F4604464FF47A
:105600000078002241464846FCF78FFD204601F015
:105610006DFE0646002405E0FF2001F067FE3855C8
:10562000641CE4B2AC42F7D3012241464846FCF781
:105630007CFD3046BDE8F0870004004870B50B4E95
:1056400004464FF40075002229463046FCF76DFDF4
:10565000204601F04BFEFF2001F048FE04460122E7
:1056600029463046FCF761FD204670BD0004004825
:1056700070B505460720FFF7E1FF044601462720E5
:1056800000F06CF860060AD50A2229466120FFF76F
:10569000AFFFFF21E22000F061F8002070BD012083
:1056A00070BD000070B5184E04464FF4005500223E
:1056B00029463046FCF739FD0A222146A02000F099
:1056C00027F8012229463046FCF72FFD0F4C102108
:1056D0002046FCF71DFD0028F9D10720FFF7AEFF9B
:1056E00004460146272000F039F8E00605D5FF21E1
:1056F000E12000F033F8102070BDA00601D5202075
:1057000070BDFF2070BD0000000800480004004884
:105710002DE9F047DFF8409015460F4604464FF458
:105720000078002241464846FCF7FFFC204601F085
:10573000DDFD0646002404E0385D01F0D7FD641C61
:10574000E4B2AC42F8D3012241464846FCF7EDFCF6
:105750003046BDE8F0870000000400482DE9F04124
:105760000C4E0F4604464FF4007500222946304681
:10577000FCF7DBFC204601F0B9FD0446384601F099
:10578000B5FD012229463046FCF7CFFC2046BDE896
:10579000F08100000004004810B5044600200246D5
:1057A0000AE0A35C03EB001010F0704302D080EA23
:1057B00013605840521CD2B28A42F2D310BD00008E
:1057C00008B54348002300901A4647F2305141A0E3
:1057D00003F056FC444D00231A46286243480090CB
:1057E00041F2883142A003F04BFC6862642002F071
:1057F000C7FC14214248FBF7CFFB40F6E441484385
:10580000000B00EB400040083E4E4CF24F374FF08B
:1058100001084FF0030ADFF8F0903C4CC5F8100087
:1058200000F07AFEFAF798FF21688819B8423CD850
:10583000DFF8DCB04FF480515846FCF769FC00906B
:105840004FF400515846FCF763FC024600980128CB
:1058500001D1012A0AD085F800800B20E07489F874
:1058600000A02CA00099FBF758FA27E0E068A0F50B
:105870004071E73904D02E480078012805D008E0AF
:105880001620E07489F800A00CE000F077F8002002
:105890002870FBF7FBF9A87980B11120E07404218E
:1058A00089F8001085F8008008E085F8008089F804
:1058B00000A00A20E0741FA0FBF72FFAD4E9001221
:1058C00023A0E368FBF729FA642002F059FCA7E75C
:1058D0008965000854656D70657261747572652024
:1058E00054696D654F757400000100201D0D00089E
:1058F0004572726F722053746174757300000000FA
:1059000004006008BF81FAFF00000020A001002011
:10591000000400485F7265616479312025642C5F62
:105920006661756C7431202025640D0A000000004A
:10593000EB0000205458706172616D657465722EC1
:1059400054785F555F504643A3BA2564200D0A0082
:105950005458706172616D657465722E54785F552C
:105960005F504643A3BA256420693A202564205439
:10597000656D703A2025640D0A000000F8B510210D
:105980002448FCF7C5FB244F244E254C012170B15F
:10599000002524486570A1700078C0B10A20A0726B
:1059A000E078A17A884214D2401CE070F8BD6170A2
:1059B000E170A078052802D2401CA070F8BD3878AC
:1059C0000028FBD1307D0028F8D13175F8BD0320C7
:1059D000E5E7FBF7F7F8144805707574FBF790F9E5
:1059E0003D70206A03F0CAFB30B1002300951A46CF
:1059F0000321206A03F08EFB606A03F0BFFB0028DE
:105A0000E4D0002300951A460321606A03F082FB6C
:105A1000F8BD00000008004800000020A0010020A0
:105A200000010020EC00002001000020FFF71AFD1B
:105A30001A48007800F076F9FFF73CFC184E194D33
:105A4000194FDFF868801A4CDFF868A04FF0FF3B71
:105A50004FF000095946306803F036F802F0B8FA02
:105A60006868010C218060802968A1804843B0FBF0
:105A7000F7F0E08098F8000002280DD00E48C07CB6
:105A8000208102F0C5FA00F019F880210948FAF7E0
:105A900069FCAAF88090DDE70520F1E7030000200B
:105AA00028000020C401002040420F000000002018
:105AB0004401002044330020A00100202DE9F041E2
:105AC000384C394F21783878814268D1627804F1B6
:105AD000820542F08000032A05D0062A03D02970EF
:105AE0006870012043E06288304E52BAB2F57A7F86
:105AF000B28139D2B4F88000801E81B2294802F008
:105B0000EDF930822749B4F88020891E11440988B4
:105B1000884221D16078032802D0062805D102E00E
:105B2000FFF722FC01E0FFF76BFC2049B28912313C
:105B30001F48052A23D0062A31D16278062A2ED1A1
:105B40004AF6AA228A8009783970BDE8F0411749DF
:105B50000322123100F092B820782870607840F06B
:105B600080006870042002E0297068700220A8702C
:105B7000BDE8F0410B480321823001F051BB62784F
:105B8000062A0CD14AF6BB228A800A4A897811700B
:105B900006490322123100F071F800F0E1F8BDE887
:105BA000F081000044330020020000204401002066
:105BB00000F800080300002070B51749174D4FF496
:105BC00000540870002221462846FCF7AEFA052250
:105BD00011492A20FFF79CFD01212120FFF7BEFD7E
:105BE00001212220FFF7BAFD28212520FFF7B6FD6D
:105BF0000A213120FFF7B2FD0F212620FFF7AEFD6D
:105C00000F212020FFF7AAFD21462846BDE870405D
:105C10000122FCF78ABA00005E010020000800485B
:105C200004490020086048608860C86002494874E0
:105C300088747047C4010020A001002070B58AB0AC
:105C40000D460446521CC2F3470628216846FAF75F
:105C500089FB002269460CE001CC41F8220025F8BE
:105C6000220051F8220005EB8203000C521C5880E0
:105C700092B2B242F0D30AB070BD00002DE9F041FB
:105C80000B46064611461846FEF71EFEFCF708F9BD
:105C900020494FF4004008611F48FBF71DF91F4CD5
:105CA0001D4F203720603846FBF716F92268012384
:105CB000811A491C1A48C4E90113C0E902210025D0
:105CC000C0E900530A2505E0144915481031FCF7D6
:105CD00019F810B16D1EEDB2F6D2DFF84080002544
:105CE00008F11808E6600CE008EBC500D0E90023D5
:105CF0000020FCF783F820B9E06808306D1CEDB295
:105D0000E060E168B942EFD3FCF76AF8E660BDE80D
:105D1000F08100000020024000F800086801002027
:105D2000703400204FF4E131062816D2DFE800F08D
:105D30000306090C0F124FF4166070474FF496508B
:105D400070474FF4165070474FF4964070474FF429
:105D5000164070474FF46140704708467047000096
:105D600072B6BFF34F8F05480168054A01F4E06140
:105D700011430160BFF34F8F00BFFDE70CED00E062
:105D80000400FA0500B587B0FFF7E0F81248C16CCF
:105D900041F00101C164C06C142100F001000590C4
:105DA0006846FAF7DFFA00210C48FCF708FA4FF4CE
:105DB000FA70FBF795FF4FF44070009002200190BD
:105DC0000290002003900D20049069464FF090400F
:105DD000FCF77AF807B000BD00100240380300203D
:105DE00030B587B014216846FAF7BCFA1748C16C81
:105DF00041F00101C164C06C4FF4407400F0010037
:105E000005900120CDE900400020029003204FF0D2
:105E10009045039069462846FCF756F80022214633
:105E20002846FCF782F90A4844F694310268C2F821
:105E30009C1000685021C0F8A81001210448FCF70C
:105E4000BEF96420FBF74CFF07B030BD00100240E4
:105E50003803002010B54FF0E020006902F082FF07
:105E6000012803D0BDE8104002F07ABB10BD10B588
:105E700094B038216846FAF775FA14210EA8FAF79B
:105E800071FA0020FCF742FD092000904FF48030A9
:105E900001900120059002200324CDE9070455213B
:105EA000CDE90A100C900D9009946846FDF77EF834
:105EB00008B172B6FEE70F20CDE90E040020109065
:105EC0001190129004210EA8FCF706FF002801D0C3
:105ED00072B6FEE714B010BD0248016841F47001CB
:105EE0000160704788ED00E00148FDF775BD0000D6
:105EF000040600200148FDF76FBD000044040020A7
:105F00002DE9F04F02682E4B2E4E2F4FDFF8BCC00C
:105F10002F4C304D4FF0804B98420BD0584509D054
:105F2000B04207D0B84205D0604503D0A04201D0AE
:105F3000A84204D122F070084A6842EA0802DFF859
:105F40009880DFF89890DFF898A0984211D05845D3
:105F50000FD0B0420DD0B8420BD0604509D0A0425E
:105F600007D0404505D0484503D0504501D0A84250
:105F700003D122F44076CA6832434E6922F080028F
:105F8000324302608A68C2620A688262984209D01B
:105F9000A04207D0404505D0484503D0504501D028
:105FA000A84201D109690163012141610169C90761
:105FB00003D0016921F001010161BDE8F08F00000B
:105FC000002C01400004004000080040000C00408C
:105FD00000340140005001400040014000440140B5
:105FE0000048014010B501F01F030121046A9940E7
:105FF0008C430462016A9A401143016210BD10B5DE
:10600000846842EA032224F47F440A4322438260E4
:1060100010BD00008268034B1A400A4342F007019A
:10602000816070478FFFCFFF2DE9F047056A026A54
:1060300022F001020262436882691F4C25F00205CA
:1060400022400C6822F0030214438A681C4E2A4343
:106050001A4D1C4FDFF870C0DFF87090DFF870A0A9
:10606000A84209D0B04207D0B84205D0604503D05D
:10607000484501D0504506D122F00808CA6842EAD6
:10608000080222F00402A84209D0B04207D0B84268
:1060900005D0604503D0484501D0504505D14D6934
:1060A00023F440731D438B692B434360846149682B
:1060B00041630262BDE8F0878FFFFEFF002C0140C4
:1060C00000340140004001400044014000480140CC
:1060D00000500140F0B5056A026A22F01002026227
:1060E000426883691C4C1E4E23400C6823F44073A5
:1060F00043EA042425F020038D681A4F43EA051370
:10610000164DA84203D0B04201D0B84207D1D1F811
:106110000CC023F0800343EA0C1323F04003A84291
:106120000CD0B0420AD0104DA84207D00F4DA84263
:1061300004D00F4DA84201D0B84207D14D6922F4D6
:10614000406242EA85028D6942EA850242608461CA
:10615000496881630362F0BDFF8FFFFE002C0140A0
:106160000034014000500140004001400044014023
:1061700000480140F0B5056A026A22F480720262AA
:106180004368C2691C4C1E4E22400C6822F0030278
:10619000144325F400728D681A4F42EA0522174D08
:1061A000A84203D0B04201D0B84207D1D1F80CC008
:1061B00022F4006242EA0C2222F48062A8420CD04F
:1061C000B0420AD0104DA84207D0104DA84204D0CA
:1061D0000F4DA84201D0B84207D14D6923F4405376
:1061E00043EA05138D6943EA05134360C4614968B6
:1061F000C1630262F0BD00008FFFFEFF002C014072
:106200000034014000500140004001400044014082
:1062100000480140F0B5056A026A22F48052026229
:106220004268C3691C4C1E4E23400C6823F4407323
:1062300043EA042425F400538D681A4F43EA0533DA
:10624000164DA84203D0B04201D0B84207D1D1F8D0
:106250000CC023F4004343EA0C3323F48043A842E8
:106260000CD0B0420AD0104DA84207D00F4DA84222
:1062700004D00F4DA84201D0B84207D14D6922F495
:10628000404242EA85128D6942EA85124260C46149
:10629000496801640362F0BDFF8FFFFE002C0140DE
:1062A00000340140005001400040014000440140E2
:1062B0000048014030B5056A026A22F48032026269
:1062C0004268036D124C23400C681C4325F40033D4
:1062D0000D8943EA05430F4DA8420ED00E4DA8424A
:1062E0000BD00E4DA84208D00D4DA84205D00D4D43
:1062F000A84202D00C4DA84204D14D6922F480324C
:1063000042EA05224260046549688164036230BD47
:106310008FFFFEFF002C014000340140004001408F
:1063200000440140004801400050014030B5046A7B
:10633000026A22F4801202624268036D134D24F453
:1063400000142B400D6843EA05230D8944EA0554E7
:106350000F4DA8420ED00F4DA8420BD00E4DA842B3
:1063600008D00E4DA84205D00D4DA84202D00D4DCB
:10637000A84204D14D6922F4802242EA852242607B
:1063800003654968C164046230BD0000FF8FFFFEF1
:10639000002C014000340140004001400044014015
:1063A000004801400050014010B5036A046A24F01F
:1063B00001040462846924F0F00444EA021423F026
:1063C0000A020A438461026210BD000070B5056ACA
:1063D000046A24F0010404628469154EB04214D0AA
:1063E000B0F1804F11D0134EB0420ED0124EB042D9
:1063F0000BD0124EB04208D0114EB04205D0114E13
:10640000B04202D0104EB04203D124F00304144332
:1064100001E044F001041A0724F0F00444EA126297
:1064200025F00A0301F00A0119438261016270BD7F
:10643000002C01400004004000080040000C004017
:1064400000340140004001400050014010B5036A93
:10645000046A24F010040462846923F0A00324F485
:10646000704444EA023243EA01118261016210BDC4
:1064700030B5046A056A25F010050562856925F4C2
:10648000407545EA022222F470454FF6FF7202EA97
:10649000033224F0A0032A43A02404EA0111194383
:1064A0008261016230BD000070B51949194D4FF489
:1064B00000540870002221462846FBF736FE0522CC
:1064C00013493020FFF724F9052211492A20FFF74C
:1064D0001FF901212120FFF741F901212220FFF7B7
:1064E0003DF91A212420FFF739F928212520FFF74B
:1064F00035F90F212620FFF731F90E212020FFF773
:106500002DF921462846BDE870400122FBF70DBE5B
:106510005E0100200008004810B514211348FAF766
:106520003BFDF9F79CFF9FED121B53EC112BF9F784
:1065300024FF9FED111B53EC112BF9F71EFFF9F708
:106540009BFF00EE900AB1EE040A9FED0D1A30EEAB
:10655000600A20EE011A81EE200AFAF745FBBDEE33
:10656000C00A084880ED030A10BD00008000501DDD
:106570006666666666660A40000000000000303FFE
:1065800000007A44A00100200149002008707047F3
:1065900000000020F8B53E4C3E4E02460327E17C49
:1065A00000253068062A1CD2DFE802F003491C20CF
:1065B00051640B2912D10A2001F0E2FD364F4FF44D
:1065C0008066002231463846FBF7AFFD642001F0BB
:1065D000D7FD012231463846FBF7A7FD2574FF2081
:1065E000E074F8BD2D48057002202CE002F0C6FDD5
:1065F00030B1002300951A460321306802F08AFD6D
:10660000FAF7E0FAFAF75CFC032801D32774F8BD27
:10661000234E306802F0B2FD0028F8D1FAF7C6F830
:10662000FAF74EFC0328F2D202F0AAFB02460095CC
:1066300000230121306802F06DFD2574F8BD0120B2
:1066400009B1012901D02074F8BD0520FBE7FAF754
:10665000B9FA04202074306802F090FD0028F3D1CC
:1066600002F08EFB0246009500230121306802F003
:1066700051FDF8BD02F082FD30B1002300951A46AD
:106680000321306802F046FDFAF79CFABEE70000ED
:10669000A00100202001002000080048FC0000208C
:1066A0002401002008B51048FDF770FC0E48006872
:1066B000C169C90616D5102101620C48B0F88000E6
:1066C00002280FD90A486946006802F012F90098BA
:1066D000002807D007494FF080500860BFF34F8F64
:1066E000BFF36F8F08BD0000DC040020443300209E
:1066F0002800002004ED00E030B5416EB9B1026819
:1067000091689268C1F342610B4B520F9C5CE500AB
:1067100003F10804A25CB5FBF2F2A0F86A205A5C0F
:10672000615CD200B2FBF1F1A0F8681030BD01212C
:10673000A0F86A10F8E70000C491000890F828104B
:10674000090706D501684A68836B22F400421A43A0
:106750004A6090F82810C90706D001684A68C36AE1
:1067600022F400321A434A6090F82810890706D5AF
:1067700001684A68036B22F480321A434A6090F839
:106780002810490706D501684A68436B22F4802225
:106790001A434A6090F82810C90606D501688A682D
:1067A000C36B22F480521A438A6090F8281089063D
:1067B00006D501688A68036C22F400521A438A6085
:1067C00090F82810490611D501684A68436C22F4F4
:1067D00080121A434A60416CB1F5801F06D10168EE
:1067E0004A68836C22F4C0021A434A6090F8281069
:1067F000090606D501684A68C06C22F400220243EB
:106800004A6070472DE9F84300260446C0F89060BE
:10681000FBF790FC8046206800684FF020050007D9
:106820006FF07E4713D54346002229042046009787
:1068300000F0ACFC58B1216851E8000F20F0800056
:1068400041E80002002AF6D1C4F8885021E020680F
:106850000068400722D5434600224FF480012046BD
:10686000009700F093FCC8B1216851E8000F20F4B4
:10687000907041E80002002AF6D12068083050E804
:10688000001F21F0010140E80012002AF5D1C4F8F0
:106890008C5084F884600320BDE8F883C4F88850E5
:1068A000C4F88C5044F86C6F666026760020F3E7DD
:1068B00010B5806A0021A0F85E10FDF766FB10BDE0
:1068C00010B5026852E8001F21F4907142E80013ED
:1068D000002BF6D10E4B0268083252E8001F194017
:1068E00042E80014002CF6D1C16E012908D10168DC
:1068F00051E8002F22F0100241E80023002BF6D1CE
:106900002021C0F88C100021C166416710BD000035
:10691000FEFFFFEF10B5B0F86020D0F88C300168B2
:10692000222B04D0886940F00800886110BD496AB4
:10693000836D11401980816D891C8165B0F85E10EE
:10694000491EA0F85E10B0F85E100029EED1026872
:1069500052E8001F21F4907142E80013002BF6D199
:106960000168083151E8002F22F0010241E80023BC
:10697000002BF5D12021C0F88C1000214167016760
:10698000154B02689A420BD05268120208D5036870
:1069900053E8002F22F0806243E80024002CF6D157
:1069A000C26E012A02D0FDF75FFD10BDC16602680C
:1069B00052E8001F21F0100142E80013002BF6D12D
:1069C0000168CA69D243D20601D410220A62B0F823
:1069D0005C10FDF78AFA10BD008000402DE9F047F9
:1069E0000446B0F860600068C569D0F800A0D0F82F
:1069F0000890D4F88C10222905D0816941F0080153
:106A00008161BDE8F087B4F868704FF0000844E099
:106A10002068406AA16D30400880A06D801CA06590
:106A2000B4F85E00401EA4F85E002068C5696907DE
:106A300030D0E9070AD05FEACA5107D501210162C7
:106A4000D4F8900040F00100C4F89000A8070BD5DE
:106A50005FEAC97008D0216802200862D4F890006B
:106A600040F00400C4F8900068070BD55FEAC970D5
:106A700008D0216804200862D4F8900040F0020099
:106A8000C4F89000D4F8900020B12046FDF77DFABC
:106A9000C4F89080B4F85E0000B30FB1A806B7D474
:106AA000B4F85E000028ACD0B4F868108142A8D9D0
:106AB0002068083050E8001F21F0805140E80012A3
:106AC000002AF5D12A486067206850E8001F41F08D
:106AD000200140E80012002AF6D192E7216851E82F
:106AE000000F20F4807041E80002002AF6D1214A0C
:106AF0002068083050E8001F114040E80013002BC8
:106B0000F6D12020C4F88C00C4F874804046C4F844
:106B10007080194A216891420BD04968090208D552
:106B2000226852E8001F21F0806142E80013002B28
:106B3000F6D1E16E012903D02046FDF795FCAFE7C1
:106B4000E066216851E8000F20F0100041E80002E3
:106B5000002AF6D12068C169C943C90601D41021B1
:106B60000162B4F85C102046FDF7BFF998E7000019
:106B700015690008FEFFFFEF0080004010B5B0F877
:106B80006020D0F88C300168222B04D0886940F056
:106B90000800886110BD496A1140826D1170816DD5
:106BA000491C8165B0F85E10491EA0F85E10B0F86F
:106BB0005E100029EED1016851E8002F22F4907296
:106BC00041E80023002BF6D10168083151E8002F7D
:106BD00022F0010241E80023002BF5D12021C0F86A
:106BE0008C10002141670167154B02689A420BD057
:106BF0005268120208D5036853E8002F22F0806221
:106C000043E80024002CF6D1C26E012A02D0FDF721
:106C10002BFC10BDC166026852E8001F21F0100174
:106C200042E80013002BF6D10168CA69D243D206AC
:106C300001D410220A62B0F85C10FDF756F910BDBD
:106C4000008000402DE9F0470446B0F8606000681D
:106C5000C569D0F800A0D0F80890D4F88C1022298B
:106C600005D0816941F008018161BDE8F087B4F881
:106C700068704FF0000844E02068406AA16D304021
:106C80000870A06D401CA065B4F85E00401EA4F81A
:106C90005E002068C569690730D0E9070AD05FEA5D
:106CA000CA5107D501210162D4F8900040F00100DB
:106CB000C4F89000A8070BD55FEAC97008D0216816
:106CC00002200862D4F8900040F00400C4F890005C
:106CD00068070BD55FEAC97008D0216804200862F4
:106CE000D4F8900040F00200C4F89000D4F890006E
:106CF00020B12046FDF749F9C4F89080B4F85E0051
:106D000000B30FB1A806B7D4B4F85E000028ACD029
:106D1000B4F868108142A8D92068083050E8001FF4
:106D200021F0805140E80012002AF5D12A4860671E
:106D3000216851E8000F40F0200041E80002002ADD
:106D4000F6D192E7216851E8000F20F4807041E805
:106D50000002002AF6D1214A2068083050E8001FBE
:106D6000114040E80013002BF6D12020C4F88C001D
:106D7000C4F874804046C4F87080194A2168914272
:106D80000BD04968090208D5226852E8001F21F09B
:106D9000806142E80013002BF6D1E16E012903D097
:106DA0002046FDF761FBAFE7E066206850E8001F72
:106DB00021F0100140E80012002AF6D12068C169D4
:106DC000C943C90601D410210162B4F85C10204601
:106DD000FDF78BF898E700007D6B0008FEFFFFEFE2
:106DE000008000402DE9F041044601688068226976
:106DF000E3691043626900251A431043DFF84CC26F
:106E00000A68934B1A4002430A6020684168E268AE
:106E100021F44051114341602168A069614501D0CE
:106E2000226A10438A688B4B1A4002438A602068AA
:106E3000C16A626A21F00F011143C1628649236869
:106E400086488B420DD1D0F8880010F0030006D0A0
:106E5000012867D0022854D0032851D164E00120D2
:106E60004FE07F498B420BD1D0F8880010F00C0026
:106E700047D0042845D0082852D00C2840D153E0F0
:106E800078498B420BD1D0F8880010F0300038D010
:106E9000102847D0202843D0302831D144E072490F
:106EA0008B420BD1D0F8880010F0C00029D04028C8
:106EB00038D0802834D0C02822D135E06B498B42AD
:106EC0000ED1D0F8880010F440701AD0B0F5807F51
:106ED00028D0B0F5007F23D0B0F5407F10D123E05B
:106EE00063450DD1D0F8880010F4406009D0B0F5AA
:106EF000806F17D0B0F5006F12D0B0F5406F13D08F
:106F000010205B4A5B4F00264FF40041634539D1A6
:106F100060B102280DD004280DD0082831D10EE030
:106F20000220EEE70420ECE70820EAE7FBF7E2FFA7
:106F300003E0114603E0FCF701F801007BD0606A32
:106F400037F810206768B1FBF2F007EB4703834284
:106F500069D8B0EB073F66D8002308461946F9F711
:106F6000B7F9090241EA106102027808101871416C
:106F70003A460023F9F7ACF93F4AA0F54071914237
:106F800057D950E0E3694FF6EF788B422BD10928AF
:106F900049D2DFE800F005080D48254848480E00B2
:106FA000FBF7A8FF01E0FBF7B7FF010001D142E0CA
:106FB0001146606A37F81000B1FBF0F041006068DC
:106FC00001EB5001B1FBF0F1A1F1100040452AD8CE
:106FD0004FF6F07201EA0200C1F34201084328E0D3
:106FE000FBF7ACFFE1E709281DD2DFE800F0050858
:106FF0000D1C1E1C1C1C0E00FBF77CFF01E0FBF7A8
:107000008BFF010001D116E01146606A37F81000CD
:10701000B1FBF0F1606801EB5001B1FBF0F0A0F1C1
:107020001001414504D9012505E0FBF787FFE8E79A
:1070300080B22168C8600120A4F86A0024F8680FB3
:107040002846E6602661BDE8F0810000008000402F
:10705000F369FFCFFFF4FF11003801400010024038
:107060000044004000480040004C004000500040F8
:107070000024F400AC910008FFFC0F0070B581659E
:10708000A0F85C20A0F85E200023436781684FF4DD
:107090008056FF24B14204D10169F9B940F2FF11D1
:1070A00022E07F25C1B1B1F1805F1AD0A0F8603035
:1070B000C0F890302221C0F88C100168083151E8E6
:1070C000003F43F0010341E80034002CF5D1416E4C
:1070D000B1F1005F0ED031E0016941B9A0F8604024
:1070E000E6E7016919B13F21A0F86010E0E7A0F8D8
:1070F0006050DDE7B0F8681091421FD88168B14256
:1071000001D10169B9B11D494167016941B1026805
:1071100052E8001F41F4807142E80013002BF6D1C1
:107120000168083151E8002F42F0805241E8002305
:10713000002BF5D120E012494167F1E78168B142A7
:1071400001D1016969B10F494167016959B102680B
:1071500052E8001F41F4907142E80013002BF6D171
:107160000AE009494167026852E8001F41F0200126
:1071700042E80013002BF6D1002070BD456C0008DA
:10718000DD6900087D6B0008156900082DE9F047EE
:10719000994617460D4604464FF00008089E33E016
:1071A000701C31D0FAF7C6FFA0EB0900B04218D826
:1071B000BEB120680168490726D5802D24D0402D16
:1071C00022D0C169C94309070DD4082505622046AC
:1071D000FFF776FBC4F8905084F884800120BDE866
:1071E000F0870320FBE7C069C04300050CD4216889
:1071F0004FF4006008622046FFF762FB2020C4F8CD
:10720000900084F88480ECE72068C06935EA0000CB
:1072100004D00020B842C3D00020E0E70120F9E705
:107220008AB2014664230148FDF73AB9DC04002024
:10723000FEE70907090E002804DB00F1E02080F8D2
:107240000014704700F00F0000F1E02080F8141DDA
:10725000704702E008C8121F08C1002AFAD170471F
:107260007047002001E001C1121F002AFBD17047C6
:1072700030B587B014216846F9F774F81948C16C25
:1072800041F00201C164C06C174D00F0020005908E
:10729000002280212846FAF748FF01224021284693
:1072A000FAF743FF012251022846FAF73EFF012177
:1072B00000244FF43070CDE90214CDE90001694695
:1072C0002846FAF701FE2020CDE900046946284649
:1072D0000294FAF7F9FD012220212846FAF725FF4A
:1072E00007B030BD00100240000400482DE9F04115
:1072F00000251F4F06462C462A4680213846FAF7BD
:1073000014FF300601D5012200E00022402138465A
:10731000FAF70BFF7006060E012280213846FAF7B5
:1073200004FF00BF00BF00BF00BF00BF00BF00BF21
:1073300000BF6006040E20213846FAF7E9FE012856
:1073400001D144F00104002280213846FAF7EDFE15
:1073500000BF00BF00BF00BF00BF00BF00BF00BF35
:107360006D1CEDB2082DCCD32046BDE8F0810000A5
:107370000004004810B5FBF717FAFEF778FDFDF79B
:107380007DFDFDF7DDFCFDF725FDFDF721FFFDF798
:10739000D3FEFDF7B3FFFDF7B5FEFFF769FFFEF77C
:1073A000D3F800F007F8FDF753FD00F015F80020C2
:1073B00010BD0000EFF3058010B16FF005007047BD
:1073C0000448016811B14FF0FF307047012101609E
:1073D00000207047B800002010B5EFF3058010B111
:1073E0006FF0050010BD08480168012902D04FF078
:1073F000FF3010BD054A002182F8141D02210160F2
:1074000000F0B6FF002010BDB80000200BE000E047
:107410003EB5134C2079012820D10821114800F0F5
:107420005DFD104960810A8953BA0F4A834208D131
:10743000888840BA5060C88840BA1060488840BA0E
:10744000D0600A4BD2E90010DB7C8DE80B000848C5
:10745000D368217902880748F9F75FFC3EBD000038
:10746000E800002030330020C4010020A0010020EB
:1074700004000020889400082DE9F041134C0F46C9
:107480000546E6682068001D00F03EFD681C07D137
:1074900037B12168BDE8F0410D48091D00F08CBDF1
:1074A00020683544B5424560216805D2A06BBDE82F
:1074B000F041091D00F068BD606B091D00F064FD1E
:1074C000A06A854200D2A562BDE8F0816800002074
:1074D000400B00202DE9F041054600F079FD2D4CD0
:1074E000A068401CA06020682B4F10B1606930B3C9
:1074F0002BE02560A068012827D1002606EB860036
:1075000007EB800000F032FD761C382EF6D32348BE
:1075100000F02CFD2148143000F028FD1F482830D1
:1075200000F024FD1D483C3000F020FD1B48503089
:1075300000F01CFD194860631430A06305E020686A
:10754000E96AC06A884200D82560606A401C6062AF
:107550006864E86A2169884200D9206100EB8000F4
:1075600007EB8000291D00F027FD00F051FD606948
:1075700000280CD02068E96AC06A884207D208490E
:107580004FF080500860BFF34F8FBFF36F8FBDE89F
:10759000F08100006800002090060020F00A002022
:1075A00004ED00E038B500F013FD104C2068C8B9B8
:1075B0000F4800F0DBFC0E48143000F0D7FC0C48FC
:1075C000E060143020610A4B0020F03B009003F192
:1075D000500210210A2001F005F8206010B105A129
:1075E00000F098FDBDE8384000F012BDA400002076
:1075F000440C0020546D72510000000030B4026C45
:107600000B46002A0BD0C1681144C1608468A142B6
:1076100001D30168C16030BC1846F8F78ABE30BC9F
:1076200070472DE9F041856B174604460026026C31
:1076300082B1C7B1E068F8F77CFEE168206C091AF6
:10764000E1602268914202D2A168081AE060022F2C
:1076500016D017E02068A8B9A06801F0FBFB064629
:107660000020A0600EE06068F8F763FE216C60689F
:1076700008446060A168884204D32068606001E02B
:1076800005B16D1E6D1CA5633046BDE8F08110B5D7
:10769000044690F8590058B101280CD002280FD0A8
:1076A000502080F31188BFF34F8FBFF36F8FFEE739
:1076B000206B00F0C1FC2046BDE8104000F0BCBCCF
:1076C00010BD000010484FF40051420706D0C01D05
:1076D0000D4920F00700411AC1F500510B4A002363
:1076E0000144C2E900030839183A21F0070111608A
:1076F0004B600B600B1AC0E9001393604FF0004021
:10770000536050617047000024130020D400002013
:10771000144E154CA6F29C474FF08058DFF84C9061
:1077200012E000BF00F054FCF068C568281D00F0AE
:10773000EBFBA068401EA0606068401E606000F027
:1077400067FC2846FFF7A3FF60680028EAD1386885
:107750000128F9D9C9F80080BFF34F8FBFF36F8FAD
:10776000F2E700002C0B00206800002004ED00E090
:10777000002807D00021816001600B460A46C160E5
:1077800000F0A8BF7047000070B51D46049C51B1C1
:10779000C4F80020C4E90F010121204600F056FF83
:1077A00084F84C5070BD2460F4E700002DE9F05FD0
:1077B0008846DDE90B941546834691009A460A9E59
:1077C000A522206BF8F7C7FD6FF00301206B01EBDA
:1077D0008501084420F00707780707D0502080F380
:1077E0001188BFF34F8FBFF36F8FFEE70025B8F10D
:1077F000000F0FD05FF00000221818F8001082F878
:10780000341018F8001011B1401C1028F4D384F87B
:10781000435001E084F83450382E00D33726E66216
:10782000C4E91365201D00F0ACFB04F1180000F062
:10783000A8FB2461C6F138006462A061656584F824
:10784000585052465946384600F098FA2060B9F12F
:10785000000F01D0C9F80040BDE8F09F2DE9F047C6
:107860001E46DDE9089417460D00804615D0002C11
:1078700011D0FFF797FE04F11801C4F8008081E8E9
:107880006002201D00F07DFB002F04D014F8280FAB
:1078900040F004002070BDE8F087502080F311888C
:1078A000BFF34F8FBFF36F8FFEE7000030B5114974
:1078B00000E011460A688242FBD34B685C188442A0
:1078C00003D1406818444860084643681C18944235
:1078D00009D1084C183C2468A24209D052681A44C5
:1078E00042600A6812680260814200D0086030BDC0
:1078F0000460F9E7D400002070B5002441600B4D0E
:107900000061914206D8D11A8269914206D2011DC6
:10791000286907E09A4203D2994201D3012403E087
:10792000011DE86800F030FB204670BDA400002077
:1079300010B5044600F04CFBA06B28B15FF00004CA
:1079400000F066FB204610BD0124F9E730B589B090
:107950003C4D6EE00498002806DADDE90601059A40
:1079600090470498002864DB069C606910B1201DD4
:1079700000F0CAFA03A800F0D7F8024604980A28D3
:1079800057D2DFE800F00505052D334A05052D33F4
:1079900094F8280040F0010084F828000599A069B7
:1079A000059B01442046FFF7A7FF68B3216A2046E4
:1079B000884794F8280040073BD5002000900598A0
:1079C000A169002342181946204601F0A3FBD8B94B
:1079D000502080F31188BFF34F8FBFF36F8FFEE706
:1079E00014F8280F20F00100207022E094F82800FD
:1079F00040F0010084F828000598A06128B18118A2
:107A000013462046FFF778FF13E0502080F31188DB
:107A1000BFF34F8FBFF36F8FFEE794F82800810705
:107A200003D4204600F008FB03E020F0010084F8B6
:107A30002800002204A9286800F0AAFF002889D1A4
:107A400009B030BDA40000202DE9FC410F460546D9
:107A500000F0D2FC01A800F067F80446019818B1C4
:107A600001F0ACFABDE8FC81254EAFB13069006889
:107A7000D0B30027291B3A46306800F05FFB01F0C5
:107A80009DFA0028EED11F494FF080500860BFF3E7
:107A90004F8FBFF36F8FE5E7A542EBD801F08EFA69
:107AA000F0682746C068C468201D00F02DFA94F8DD
:107AB0002800410719D5A0692B4641193A462046AE
:107AC000FFF71AFFA8B100200346014600902A469E
:107AD000204601F01FFB60B9502080F31188BFF3EE
:107AE0004F8FBFF36F8FFEE707E020F0010084F8AF
:107AF0002800216A20468847B4E70127BAE700003A
:107B0000A400002004ED00E00648416B096829B19B
:107B1000416BC968C9684968816270474FF0FF319D
:107B2000FAE700006800002070B5054601F028F96A
:107B3000064E0446B068844203D200F009F80120E2
:107B400000E0002028602046B46070BDA400002042
:107B5000F8B5194D20E0C068C4680668201D00F023
:107B6000D3F9216A2046884794F82800400713D5A6
:107B7000A0693044B04206D924616060211DE868E4
:107B800000F002FA08E00020034601460090324669
:107B9000204601F0BFFA38B1E86801680029DAD15F
:107BA0002969C5E90310F8BD502080F31188BFF39F
:107BB0004F8FBFF36F8FFEE7A4000020002101E08C
:107BC000401C491C0278A52AFAD0C1F38F007047E7
:107BD00008484068401C4FF0500080F3118804D0E2
:107BE000BFF34F8FBFF36F8FFEE7BFF34F8FBFF32E
:107BF0006F8FFEE7DC000020074CE068016841B1B0
:107C0000C0680021D0F80000FFF71EFFFFF79EFEBE
:107C1000F3E701210020F7E7A40000202DE9F0415F
:107C2000044600F0D5F994F9455004F1240609E022
:107C3000606A48B1304601F089F908B100F016FBDE
:107C40006D1E6DB2002DF3DC4FF0FF3684F84560F9
:107C500000F0DEF900F0BCF994F9445004F110078B
:107C600009E0206948B1384601F070F908B100F028
:107C7000FDFA6D1E6DB2002DF3DC84F84460BDE8A2
:107C8000F04100F0C5B900002DE9F041054600279C
:107C900000F0B2FB324E306808B9FFF713FD70698F
:107CA00005424ED1C5B3083568070ED005F0070070
:107CB000C0F108000544680707D0502080F3118800
:107CC000BFF34F8FBFF36F8FFEE72DB37068854210
:107CD00037D82348183001460C6801E020460C468E
:107CE0006168A94202D221680029F7D131688C422B
:107CF00027D007682168016060680837411B102998
:107D00000FD96019420708D0502080F31188BFF3C3
:107D10004F8FBFF36F8FFEE713E041606560FFF7A1
:107D2000C5FD61687068401A7060B268904200D208
:107D3000B060706901430020C4E90001F068401C94
:107D4000F06001F03BF9780707D0502080F31188EC
:107D5000BFF34F8FBFF36F8FFEE73846BDE8F0816A
:107D6000BC0000200449086818B10868026D521C64
:107D700002650868704700006800002010B5031F06
:107D80004FF080741C601B1F21F001011960191F46
:107D9000044B0B6014390A60091F6FF0020244386B
:107DA0000A6010BDD17B00081CB500F011F929490B
:107DB0000420CDE900010023C82227A12A4800F0B1
:107DC00079FF2A490820CDE900010023FA2228A1E1
:107DD0002A4800F06FFF2A480624CDE9004000231E
:107DE000FA2228A12C4800F065FF2C490F20CDE98C
:107DF00000010023FA222AA12C4800F05BFF2C4846
:107E00000023CDE90040FA222AA12E4800F052FFBB
:107E100003220021012000F0C4FB2B49032208604B
:107E20000021012000F0BDFB284903220860002149
:107E3000012000F0B6FB26490860012000F0A6FBF7
:107E4000244908602448006800F0C0F9BDE81C40DF
:107E500000F0DEB80C0000204C656450726F635F68
:107E60007461736B0000000071490008100000206D
:107E7000506572696F645F7461736B00C15700086D
:107E8000140000204661756C7448616E646C657204
:107E90005F7461736B000000A90E000818000020D9
:107EA000426C6550726F5F7461736B00FD07000870
:107EB0001C00002052533438355F50726F635F747A
:107EC00061736B002D5A000820000020280000205C
:107ED000240000202C0000200800002070B5094D6F
:107EE000FF231A4605F5807606E000BF10F8014B27
:107EF00054402A5D5A40335D491E89B2F6D242EAA7
:107F0000032070BDF1910008D0E9013201699A6047
:107F1000D0E901235A604A68824201D182684A60EE
:107F2000002202610868401E08600868704700006F
:107F300008B902480068006BFFF740BE68000020E7
:107F4000034B036003F15C00086080201060704701
:107F50006C0C0020044B036003F15C0008604FF4DC
:107F60008070106070470000C80E002000F108010A
:107F70004FF0FF32C0E90112C160016100210160D0
:107F8000704700210161704730B50B685A1C02D060
:107F900000F1080202E0026904E022465468256804
:107FA0009D42FAD953684B6099608A6051600861BC
:107FB0000168491C016030BD42684A6093688B606B
:107FC00093685960916008610168491C01607047BD
:107FD000502080F31188BFF34F8FBFF36F8F0A4992
:107FE0004868401C486001280CD10848006810F01F
:107FF000FF0F07D0502080F31188BFF34F8FBFF3DE
:108000006F8FFEE770470000DC00002004ED00E009
:108010000849486828B1401E486001D180F31188A2
:108020007047502080F31188BFF34F8FBFF36F8FDD
:10803000FEE70000DC00002070B500282AD0164DB5
:10804000A0F1080460686969084207D1502080F3F4
:108050001188BFF34F8FBFF36F8FFEE722683AB1ED
:10806000502080F31188BFF34F8FBFF36F8FFEE76F
:108070008843606000F0C0F960686968084468601F
:108080002046FFF713FC2869401C2861BDE87040BA
:1080900000F094BF70BD0000BC0000204FF0E02055
:1080A00000210161816105494FF47A720968B1FBD1
:1080B000F2F1491E4161072101617047640000200F
:1080C00010B5F8F7EFF8114910280ED300F1E020B1
:1080D00090F8F0030A78904207D2502080F311887C
:1080E000BFF34F8FBFF36F8FFEE7094800688968C1
:1080F00000F4E060884207D9502080F31188BFF374
:108100004F8FBFF36F8FFEE710BD0000DC00002033
:108110000CED00E010B5084B002200BF53F83240D0
:108120001CB1521C082AF9D310BD43F8321003EBDE
:10813000C201486010BD00005006002070B5154611
:108140000E460446FFF744FF94F944100020491CF2
:1081500001D184F8440094F94510491C01D184F8F8
:108160004500FFF755FFA06B28B92A46314604F1B8
:10817000240000F099F82046BDE87040FFF74EBD9E
:1081800010B5020014D00F48006B38B1502080F3B6
:108190001188BFF34F8FBFF36F8FFEE700F02CF90C
:1081A00000211046FFF768F900F008FF002807D10A
:1081B00005494FF080500860BFF34F8FBFF36F8FBA
:1081C00010BD00006800002004ED00E070B5054619
:1081D000FFF7FEFE1E4C05B92568281DFFF794FE2B
:1081E000A86A18B105F11800FFF78EFE606A401CFE
:1081F00060622068854207D1291D1648FFF7DCFE22
:108200006068401C606007E0A068401EA0602846CF
:10821000FFF73DFAFFF778FCFFF7FAFE60690028E8
:1082200014D02068854211D1206B38B1502080F3E2
:108230001188BFF34F8FBFF36F8FFEE706494FF0F2
:1082400080500860BFF34F8FBFF36F8F70BD000089
:10825000680000202C0B002004ED00E002490A6AAF
:108260000260C96841607047680000200149012030
:10827000C86170476800002010B50C4650B109492C
:1082800009681831FFF780FE2046BDE81040012143
:10829000FFF7F2B8502080F31188BFF34F8FBFF380
:1082A0006F8FFEE76800002070B514460D4668B178
:1082B0000A4909681831FFF77FFE0CB14FF0FF350E
:1082C00021462846BDE87040FFF7D6B8502080F31D
:1082D0001188BFF34F8FBFF36F8FFEE76800002058
:1082E00070B504003ED0226DA2B1E06C884200D38C
:1082F0000146E06A884235D0012A33D11A4D2A68F6
:1083000094420FD1502080F31188BFF34F8FBFF3F9
:108310006F8FFEE7502080F31188BFF34F8FBFF3BC
:108320006F8FFEE7E162A269002A02DBC1F138012A
:10833000A1610E4E00EB8000616906EB8000814276
:1083400010D1201DFFF7E0FDE06A2969884200D9BD
:10835000286100EB800006EB8000211DBDE8704025
:10836000FFF72ABE70BD00006800002090060020C4
:1083700030B587B00024039405AA04A903A8049487
:10838000FFF7DEFDDDE903010094CDE901100023D4
:1083900015A11748059A00F0BAFC164D0028E862AE
:1083A0001FD000F087FE012809D0401C19D15020B1
:1083B00080F31188BFF34F8FBFF36F8FFEE750201C
:1083C00080F31188BFF34F8FBFF36F8F4FF0FF30F3
:1083D000A86201206861EC6007B0BDE8304000F0A1
:1083E00045B807B030BD000049444C4500000000CE
:1083F00011770008680000200248016B491C0163E6
:108400007047000068000020164810B5016B11B1DC
:108410000121C16110BD0021C1610169124A01E061
:10842000B9B1491E01EB810352F82330002BF7D07C
:1084300001EB810302EB830202F1080453685B68DD
:108440005360A34201D15B685360DA680260016146
:1084500010BD502080F31188BFF34F8FBFF36F8F93
:10846000FEE7000068000020900600201CB5374899
:108470000168374A914207D1502080F31188BFF339
:108480004F8FBFF36F8FFEE700683149491E884266
:1084900007D1502080F31188BFF34F8FBFF36F8F48
:1084A000FEE72C4908780190FF20087008788DF8C5
:1084B00000009DF800009DF8002000F0F0009042C0
:1084C00007D0502080F31188BFF34F8FBFF36F8F19
:1084D000FEE79DF80000204C00F0500020700720BF
:1084E000A06005E09DF8002052008DF80020401E9D
:1084F0009DF800201206F5D4A060032807D0502074
:1085000080F31188BFF34F8FBFF36F8FFEE74FF4F7
:108510004070A060019808700C482030016841F458
:1085200070010160016841F070410160FFF7B6FD24
:1085300000206060F7F77EFE0848016841F0404186
:108540000160F7F763FE00201CBD000000ED00E0B5
:1085500071C20F4100E400E0DC00002034EF00E0D5
:1085600010B5502080F31188BFF34F8FBFF36F8F8A
:1085700000F00CFC18B104494FF080500860002056
:1085800080F3118810BD000004ED00E010B5024634
:108590000021012000F005F80446FFF7E9F8204625
:1085A00010BDF8B517460E46050013D005FB06F0C2
:1085B0005030FFF769FB04000AD0002084F8460021
:1085C00004F150023B46314628460094FFF7DCF8A0
:1085D0002046F8BD502080F31188BFF34F8FBFF3C2
:1085E0006F8FFEE738B5049D18B153B1CAB181B1A0
:1085F00020E0502080F31188BFF34F8FBFF36F8FBF
:10860000FEE7502080F31188BFF34F8FBFF36F8FC9
:10861000FEE7502080F31188BFF34F8FBFF36F8FB9
:10862000FEE739B1502080F31188BFF34F8FBFF3BD
:108630006F8FFEE750241C46012384F846302B46FA
:108640000094FFF7A1F8204638BD000070B50D4634
:10865000040025D0FFF7BCFCD4E90F20216802FB01
:108660000011A1600021A163216861600A46D4E97C
:108670000F01401E00FB0121E16021464FF0FF3059
:1086800001F8440F487004F110008DB1FFF76EFC43
:1086900004F12400FFF76AFCFFF7BAFC012070BD6B
:1086A000502080F31188BFF34F8FBFF36F8FFEE729
:1086B00021690029F0D000F049FC0028ECD00449E1
:1086C0004FF080500860BFF34F8FBFF36F8FE3E729
:1086D00004ED00E02DE9FF4782B01D468A464FF0C9
:1086E0000008040003D0BAF1000F08D011E05020B8
:1086F00080F31188BFF34F8FBFF36F8FFEE7206CBD
:1087000038B1502080F31188BFF34F8FBFF36F8FC4
:10871000FEE7022D0AD1E06B012807D0502080F33C
:108720001188BFF34F8FBFF36F8FFEE700F01AFB86
:108730003F4F4FF000094FF0805648B9049838B1C8
:10874000502080F31188BFF34F8FBFF36F8FFEE788
:10875000FFF73EFCA06BE16B884207D3022D05D0EA
:108760000498D0B1B8F1000F1AD01EE02A46514645
:108770002046FEF756FF616A19B104F1240000F0AB
:10878000E5FB20B13E60BFF34F8FBFF36F8FFFF764
:108790003FFC012006B0BDE8F087FFF739FC22E07E
:1087A0006846FFF75BFD4FF00108FFF731FCFFF76C
:1087B00023FEFFF70DFC94F94400401C01D184F81E
:1087C000449094F94500401C01D184F84590FFF78E
:1087D0001FFC04A9684600F033FA30B12046FFF7C9
:1087E0001DFA00F0EBFB0020D4E7FFF7F1FBA06BD4
:1087F000E16B884213D1FFF70BFC04F110000499E0
:10880000FFF73AFD2046FFF709FA00F0D7FB0028F2
:108810009ED13E60BFF34F8FBFF36F8F98E7FFF796
:10882000F7FB2046FFF7FAF900F0C8FB90E70000DD
:1088300004ED00E02DE9F0471F469046894604000C
:1088400003D0B9F1000F08D011E0502080F3118857
:10885000BFF34F8FBFF36F8FFEE7206C38B150200E
:1088600080F31188BFF34F8FBFF36F8FFEE7022FA6
:108870000AD1E06B012807D0502080F31188BFF3A4
:108880004F8FBFF36F8FFEE7FFF71AFC5020EFF317
:10889000118680F31188BFF34F8FBFF36F8FA06BEA
:1088A000E16B884206D3022F04D0002086F31188A2
:1088B000BDE8F08794F94550A06B3A4649462046FA
:1088C000FEF7AFFE681C04D06D1C84F845500120F3
:1088D000ECE7606A0028FAD004F1240000F036FBCF
:1088E0000028F4D0B8F1000FF1D00121C8F8001031
:1088F000EDE770B50E46040009D0206C78B1502029
:1089000080F31188BFF34F8FBFF36F8FFEE75020C6
:1089100080F31188BFF34F8FBFF36F8FFEE720689E
:1089200048B9A06838B1502080F31188BFF34F8F49
:10893000BFF36F8FFEE7FFF7C3FB5020EFF3118506
:1089400080F31188BFF34F8FBFF36F8FA16BE06B84
:10895000884218D994F94500491CA163411C04D0F0
:10896000401C84F8450001200EE0606A0028FAD01F
:1089700004F1240000F0EAFA0028F4D0002EF2D02E
:1089800001203060EFE7002085F3118870BD000002
:108990002DE9F747002683B08A46040003D0BAF1D8
:1089A000000F08D011E0502080F31188BFF34F8FE3
:1089B000BFF36F8FFEE7206C38B1502080F3118831
:1089C000BFF34F8FBFF36F8FFEE700F0CBF9DFF8F7
:1089D000F4804FF000094FF0805748B9059838B13E
:1089E000502080F31188BFF34F8FBFF36F8FFEE7E6
:1089F000FFF7EEFAA56BC5B151462046FEF7FEFD26
:108A00006D1EA563206950B104F1100000F09EFABC
:108A100028B1C8F80070BFF34F8FBFF36F8FFFF717
:108A2000F7FA012006B0BDE8F087059808B11EB13D
:108A300006E0FFF7EDFA27E06846FFF70FFC012696
:108A4000FFF7E6FAFFF7D8FCFFF7C2FA94F9440003
:108A5000401C01D184F8449094F94500401C01D198
:108A600084F84590FFF7D4FA05A9684600F0E8F8C5
:108A7000002820460AD0FFF7D1F800F09FFA2046E0
:108A8000FEF756FF0028B3D00020CBE7FEF750FFDB
:108A900090B104F124000599FFF7EEFB2046FFF7A3
:108AA000BDF800F08BFA0028A2D1C8F80070BFF31F
:108AB0004F8FBFF36F8F9BE72046FFF7AFF800F0B3
:108AC0007DFA95E704ED00E02DE9F343002683B03D
:108AD0000400354609D0206C78B1502080F311880D
:108AE000BFF34F8FBFF36F8FFEE7502080F31188E5
:108AF000BFF34F8FBFF36F8FFEE700F033F9DFF85E
:108B00003C814FF000094FF0805748B9049838B1C4
:108B1000502080F31188BFF34F8FBFF36F8FFEE7B4
:108B2000FFF756FAA06BC8B1401EA063206810B9C9
:108B3000FFF718F9A060206950B104F1100000F0AF
:108B400005FA28B1C8F80070BFF34F8FBFF36F8FDD
:108B5000FFF75EFA012005B0BDE8F083049808B184
:108B600066B10FE03DB1502080F31188BFF34F8F05
:108B7000BFF36F8FFEE7FFF74BFA5DE06846FFF744
:108B80006DFB0126FFF744FAFFF736FCFFF720FAEA
:108B900094F94400401C01D184F8449094F94500B4
:108BA000401C01D184F84590FFF732FA04A96846C9
:108BB00000F046F80028204612D0FFF72FF800F00A
:108BC000FDF92046FEF7B4FE0028A9D09DB3FFF7BB
:108BD000FFF9606A50B3206B0068C0F1380126E0ED
:108BE000FEF7A6FEE0B1206838B9FFF7F1F9A068FA
:108BF00000F070F90546FFF70BFA04F12400049920
:108C0000FFF73AFB2046FFF709F800F0D7F90028F4
:108C100086D1C8F80070BFF34F8FBFF36F8F7FE727
:108C20002046FEF7FBFF00F0C9F979E70021A068B4
:108C3000FFF756FB9FE7FFE700208CE704ED00E01D
:108C40002DE9F0410C46050011D0C4B1FFF7C0F981
:108C5000174BDA686E682068911B471C17D02F6885
:108C60001B6A9F4219D0964217D8012410E0502069
:108C700080F31188BFF34F8FBFF36F8FFEE7502053
:108C800080F31188BFF34F8FBFF36F8FFEE700248F
:108C9000FFF7BEF92046BDE8F081884205D9401AA9
:108CA00020602846FFF7DAFAF1E700202060DCE7D1
:108CB000680000202DE9FF5F8346DDE90E879946B5
:108CC00016468A469000FEF7DFFF05001CD05C20A8
:108CD000FEF7DAFF040014D00020256384F8590061
:108CE000CDE90240CDE900874B4632465146584611
:108CF000FEF75CFD2046FEF7EDFB012004B0BDE869
:108D0000F09F2846FFF798F94FF0FF30F6E7F0B5EF
:108D100085B0DDE90B640A9DA6B1DCB15C27009744
:108D20002663022684F85960002604AFCDE9024686
:108D3000CDE90057FEF73AFD2046FEF7CBFB04983D
:108D400005B0F0BD502080F31188BFF34F8FBFF303
:108D50006F8FFEE7502080F31188BFF34F8FBFF372
:108D60006F8FFEE70548416919B1006B18B100200B
:108D70007047012070470220704700006800002003
:108D80000148C06870470000680000202DE9F041EC
:108D90002E4C0027206B28B1A069401CA0613846EA
:108DA000BDE8F081E668761CE66013D1606B006870
:108DB00038B1502080F31188BFF34F8FBFF36F8F0E
:108DC000FEE7606BA16B6163A063206A401C2062B8
:108DD000FEF79AFEA06ADFF87880864209D3606BBE
:108DE0000068A0B1606BC068C5686868864211D22F
:108DF000A0622068C06A00EB800158F821000128B9
:108E000000D90127E0690028C9D00127C7E74FF042
:108E1000FF30EDE7281DFFF777F8A86A18B105F1D4
:108E20001800FFF771F8E86A2169884200D92061CB
:108E300000EB800108EB8100291DFFF7BDF8E86A0F
:108E40002168C96A8842CAD30127C8E768000020A0
:108E50009006002070B504004FF0000133D01B4D88
:108E60002868844207D0502080F31188BFF34F8FC9
:108E7000BFF36F8FFEE7206D38B1401E2065E36CB5
:108E8000E26A9A421FD040B11DE0502080F3118861
:108E9000BFF34F8FBFF36F8FFEE7201DFFF734F84E
:108EA000E06CE062C0F13800A061E06A29698842A4
:108EB00000D92861064900EB800001EB8000211DEC
:108EC000FFF77AF80121084670BD00006800002015
:108ED0009006002070B504004FF000002BD0194D13
:108EE000E16A2A68D26A914226D2A069002804DB8E
:108EF0002868C06AC0F13800A061134E01EB8101FF
:108F0000606906EB8101884211D1201DFEF7FCFF4C
:108F10002868C06AE0622969884200D9286100EBAC
:108F2000800006EB8000211DFFF746F802E028686C
:108F3000C06AE062012070BDE16C2A68D26A914289
:108F4000F8D370BD680000209006002070B5C0689E
:108F5000C46854B104F118000646FEF7D5FF144D5D
:108F6000286B50B13146134815E0502080F311882A
:108F7000BFF34F8FBFF36F8FFEE7201DFEF7C4FFD7
:108F8000E06A2969884200D928610B4900EB80001A
:108F900001EB8000211DFFF70FF8E06A2968C96A1C
:108FA000884202D90120E86170BD002070BD000038
:108FB00068000020180B0020900600202DE9F047E3
:108FC0002C4D00242746286B38B1FFF701F8286B99
:108FD000401E2863286B40B146E0502080F3118882
:108FE000BFF34F8FBFF36F8FFEE7A968224E0120BA
:108FF000D1B3A6F5916980463068E0B1F068C468E5
:1090000004F11800FEF780FF201DFEF77DFFE06AE7
:109010002969884200D9286100EB800109EB8100B1
:10902000211DFEF7C9FFE06A2968C96A8842E3D3B7
:10903000C5F81C80E0E70CB1FEF766FDAC694CB1E9
:109040004FEA0806FFF7A2FE00B1EE61641EF9D1F7
:109050000020A861E86938B108490127380708608D
:10906000BFF34F8FBFF36F8FFEF7D2FF3846BDE8D7
:10907000F087000068000020180B002004ED00E0DD
:109080002DE9FC4781461E46174688462C200A9D3E
:10909000FEF7FAFD04000AD0002084F82800CDE98C
:1090A000005433463A4641464846FEF7D7FB204631
:1090B000BDE8FC8710B586B0FEF774FA114C206845
:1090C000B8B100200390049005AA04A903A8FEF7F4
:1090D00041FFDDE9032102208DE8070000230AA1FA
:1090E0000B48059AFFF713FE606010B106B001202F
:1090F00010BD502080F31188BFF34F8FBFF36F8FE7
:10910000FEE70000A4000020546D72205376630037
:10911000F97B00082DE9FF411E46134602000A9D17
:109120004FF0000016D0144C2768002F0FD0CDE967
:1091300000130292062917DAFFF714FE02284FF0F7
:1091400000030FD0002269462068FFF7C3FA04B07D
:10915000BDE8F081502080F31188BFF34F8FBFF33B
:109160006F8FFEE72A46EEE700233246694638460F
:10917000FFF760FBEBE70000A400002010B504003F
:109180000AD0FEF725FF94F82800C0070CD0012470
:10919000FEF73EFF204610BD502080F31188BFF33C
:1091A0004F8FBFF36F8FFEE70024F1E7010002004D
:1091B0000400060008000A000C0010002000400017
:1091C00080000001010101030701000008040204FE
:1091D000080101010000000000000000010203047A
:1091E000060708090000000001020304001AB1B1DB
:1091F0000100C1814001C0804101C0804100C181A6
:109200004001C0804100C1814000C1814001C08057
:109210004101C0804100C1814000C1814001C08046
:109220004100C1814001C0804101C0804100C18135
:109230004001C0804100C1814000C1814001C08027
:109240004100C1814001C0804101C0804100C18115
:109250004000C1814001C0804101C0804100C18106
:109260004001C0804100C1814000C1814001C080F7
:109270004101C0804100C1814000C1814001C080E6
:109280004100C1814001C0804101C0804100C181D5
:109290004000C1814001C0804101C0804100C181C6
:1092A0004001C0804100C1814000C1814001C080B7
:1092B0004100C1814001C0804101C0804100C181A5
:1092C0004001C0804100C1814000C1814001C08097
:1092D0004101C0804100C1814000C1814001C08086
:1092E0004100C1814001C0804101C0804100C18175
:1092F0004000C0C101C30302C2C60607C705C5C4FA
:1093000004CC0C0DCD0FCFCE0E0ACACB0BC9090869
:10931000C8D81819D91BDBDA1A1EDEDF1FDD1D1CA9
:10932000DC14D4D515D71716D6D21213D311D1D039
:1093300010F03031F133F3F23236F6F737F53534D9
:10934000F43CFCFD3DFF3F3EFEFA3A3BFB39F9F8A9
:109350003828E8E929EB2B2AEAEE2E2FEF2DEDEC49
:109360002CE42425E527E7E62622E2E323E1212079
:10937000E0A06061A163A3A26266A6A767A5656479
:10938000A46CACAD6DAF6F6EAEAA6A6BAB69A9A8E9
:109390006878B8B979BB7B7ABABE7E7FBF7DBDBC29
:1093A0007CB47475B577B7B67672B2B373B17170B9
:1093B000B050909151935352929656579755959419
:1093C000549C5C5D9D5F9F9E5E5A9A9B5B99595829
:1093D00098884849894B8B8A4A4E8E8F4F8D4D4CC9
:1093E0008C448485458747468682424383418180F9
:1093F000400000006072D548409F9F4880CB704875
:10940000801F3748C05E0C4880D8D84700BBA847AB
:10941000CD398447B3A95047B3BC2547667C044780
:109420000020D546CD72AC469A578C4600B46546AE
:10943000CDFE3C4600401C4600E401468F10D94555
:10944000EC29B6459A91994500088245E1225D458F
:10945000E1CE3C4529D8214585430B45C38DF044D9
:10946000A480D0440060B544EC419E44148E8A44EC
:1094700000607344CD645644336B3D444AD4274462
:10948000391C15442FD5044425642C25640D0A523B
:109490005F543A256420A1E3432C20525F563A25BD
:1094A00064562C20525F493A2564412C2054587050
:1094B0006172616D657465722E73797374656D5F29
:1094C00073746174323A25640D0A0000EC9400084C
:1094D00000000020A00100003C06000814950008D0
:1094E000A0010020E0360000627200082112FF0394
:1094F00032E44B3210021701F918037924F41AAA46
:1095000001013803410F27051D1AB1B1011AFF01EE
:04951000091A08002C
:04000005080001D915
:00000001FF
