:020000040800F2
:10000000C8360020AD020008EB4D0008614300082F
:10001000E94D0008370E00088D610008000000005F
:10002000000000000000000000000000ED010008DA
:100030008D0F000800000000490200082554000848
:10004000C7020008C7020008C7020008C70200086C
:10005000C7020008C7020008C7020008C70200085C
:10006000C7020008C7020008C7020008C70200084C
:10007000C7020008C7020008C7020008C70200083C
:10008000C7020008C7020008C7020008C70200082C
:10009000C7020008C7020008C7020008C70200081C
:1000A000C7020008B9540008C7020008C7020008C8
:1000B000C5540008C7020008C7020008C7020008AC
:1000C000C7020008C7020008C7020008C7020008EC
:1000D000C7020008C7020008C7020008C7020008DC
:1000E000C7020008C7020008C7020008C7020008CC
:1000F000C7020008C7020008C7020008C7020008BC
:10010000C7020008C7020008C7020008C7020008AB
:10011000C7020008C7020008C7020008C70200089B
:10012000C7020008C7020008C7020008C70200088B
:10013000C7020008C7020008C7020008C70200087B
:10014000C7020008C7020008C7020008C70200086B
:10015000C7020008C7020008C7020008C70200085B
:10016000C7020008C7020008C7020008C70200084B
:10017000C7020008C7020008C7020008C70200083B
:10018000C7020008C7020008C7020008C70200082B
:10019000C702000800000000C7020008C7020008EC
:1001A000C7020008C7020008C7020008C70200080B
:1001B000C7020008C7020008C7020008C7020008FB
:1001C000C7020008C7020008C7020008C7020008EB
:1001D000C7020008C7020008DFF80CD000F078FB67
:1001E00000480047016C0008C83600202C4B1968F5
:1001F0000868B0E8F04F80F30988BFF36F8F4FF0C5
:10020000000080F311887047000000000848006873
:10021000006880F308884FF0000080F3148862B60D
:1002200061B6BFF34F8FBFF36F8F00DF00BF00BF1A
:1002300008ED00E0DFF80C00016841F47001016096
:10024000704700BF88ED00E0EFF30980BFF36F8FC8
:10025000134B1A681EF0100F08BF20ED108A20E91A
:10026000F04F106009B44FF0500080F31188BFF3D5
:100270004F8FBFF36F8F07F0FBFC4FF0000080F350
:10028000118809BC19680868B0E8F04F1EF0100F1B
:1002900008BFB0EC108A80F30988BFF36F8F7047F6
:1002A0003C000020EFF305807047000006488047BF
:1002B00006480047FEE7FEE7FEE7FEE7FEE7FEE74B
:1002C000FEE7FEE7FEE7FEE7A9540008D9010008B3
:1002D0002DE9F05F0546002092469B46884606467B
:1002E000814640241BE0284641464746224600F00E
:1002F00073F953465A46C01A914110D31146184615
:10030000224600F05AF92D1A67EB01084F462246A3
:100310000120002100F051F917EB00094E41201E89
:10032000A4F10104DFDC484631462A464346BDE8D5
:10033000F09F40EA01039B0703D009E008C9121FA0
:1003400008C0042AFAD203E011F8013B00F8013B8F
:10035000521EF9D27047D2B201E000F8012B491EBB
:10036000FBD270470022F6E710B513460A46044652
:100370001946FFF7F0FF204610BD2DE9FE4F81EA38
:10038000030404F0004421F0004100944FF0000BFE
:1003900023F0004350EA01045ED052EA03045BD02C
:1003A000C3F30A54C1F30A552C44A4F2F334019464
:1003B000A0FB0254C1F3130141F48011C3F31303F2
:1003C00043F4801301FB024400FB034E840A970AA6
:1003D00044EA815447EA8357A4FB076802958D0AD3
:1003E00005FB07854FEA932C04FB0C542705029D5F
:1003F0004FEA065847EA1637B5EB08056EEB070CCF
:10040000870E920E47EA811742EA8312A7FB020188
:10041000B6EB0B0164EB00042B0D43EA0C335E18C2
:1004200044EB1C50DA465146E7FB0201C5F31304C6
:100430004FEA0B3343EA14534FEA0432019C43EA78
:100440000603A4F10C040294009CCDE900B400F072
:1004500019F903B0BDE8F08F00200146F9E72DE956
:10046000F04D81EA030404F0004B21F000451446EE
:100470004FF0000A23F0004150EA050220D054EA70
:1004800001021DD0C5F30A570246C5F31303C1F399
:100490001300C1F30A5640F4801543F48013A7EB10
:1004A0000608101BD64608F2FD3873EB050002D390
:1004B00008F1010801E092185B41B8F1000F03DA7E
:1004C00000200146BDE8F08D00204FF48011064663
:1004D00084460EE0171B73EB050705D3121B63EB75
:1004E000050306434CEA010C49084FEA3000921814
:1004F0005B4150EA0107EDD152EA030012D082EAD3
:10050000040083EA0501084305D0101BAB4106D265
:100510000122002306E000224FF0004302E06FF0CA
:10052000010253101AEB06004CEB085110EB0A00C5
:1005300041EB0B01BDE8F04D00F095B80EB540F26F
:10054000334102910021CDE900110A460B4600F02B
:1005500099F803B000BD01F0004330B421F0004130
:1005600050EA010206D00A0DA2F56072C1F3130130
:10057000002A02DC30BC00207047440F44EAC1046A
:10058000C100E01830BC00EBC25000F035B830B507
:100590000B46014600202022012409E021FA02F541
:1005A0009D4205D303FA02F5491B04FA02F52844DB
:1005B000151EA2F10102F1DC30BD202A04DB203A35
:1005C00000FA02F1002070479140C2F1200320FAA6
:1005D00003F3194390407047202A04DB203A21FAA4
:1005E00002F00021704721FA02F3D040C2F120024C
:1005F00091400843194670470029A8BF7047401C26
:10060000490008BF20F00100704710B4B0FA80FC28
:1006100000FA0CF050EA010404BF10BC704749B165
:10062000CCF1200421FA04F411FA0CF118BF0121D5
:1006300021430843A3EB0C01CB1D4FEA00614FEAB5
:10064000102042BF002010BC704700EBC350104484
:100650000029A4BF10BC7047401C490008BF20F00F
:10066000010010BC704710B5141E73F1000408DAC5
:10067000401C41F1000192185B411A4301D120F066
:10068000010010BD2DE9F04D92469B4611B1B1FA23
:1006900081F202E0B0FA80F220329046FFF78DFF3F
:1006A00004460F4640EA0A0041EA0B0153465A4607
:1006B000084313D0114653EA010019D0C8F1400293
:1006C0005046FFF789FF05460E46504659464246BA
:1006D000FFF773FF084305D0012004E020463946A8
:1006E000BDE8F08D0020054346EAE0762C43374311
:1006F0000A986305E40AA0EB08000022FD0A44EA18
:1007000047540A3002D500200146E9E701051019D7
:100710006941DDE9084500196941BDE8F04DA2E7EE
:100720002DE9FE4F804681EA0300C00F0C46009081
:1007300021F0004123F00045B8EB0200A94105D2A9
:100740004046214690461C460B46024623F0004098
:10075000104347D0270DC7F30A00C3F30A51029094
:10076000401A019040286BDAC3F3130040F4801B59
:100770000098924620B10023D2EB030A63EB0B0BE7
:1007800001985946C0F140025046FFF716FF064651
:100790000D4650465946019A00F0ACF810EB08009F
:1007A0006141002487EA115284EAE7731A4340D07A
:1007B000009A62B3019A012A4FEA075215DC001B26
:1007C00061EB02014FF0004202EA0752CDE900421C
:1007D000001C41F5801132462B46FFF753FF03B052
:1007E000BDE8F08F40462146F9E7001B61EB0201AE
:1007F000001C41F5801300185B412018A2F500177A
:1008000047EB030140EAD570B6196D4111E06D0860
:100810004FEA360645EAC0754FEA0752001B61EB06
:100820000201001C41F5801149084FEA300000190F
:10083000514132462B4603B0BDE8F04FFFF713BFDE
:100840000098012240000023D0EB020263EBE0732A
:10085000009821464FEAE074B8EB000061EB040118
:10086000E9E783F000435BE781F0004158E7C1F31B
:100870000A52C1F3130140F2FF3341F480119A424E
:1008800002DA00200146704740F233439A42A2F256
:10089000334202DC5242FFF79FBEFFF78EBE0000DC
:1008A00030B5041E71F1000404DB4FF000444042F7
:1008B00064EB0101141E73F1000405DB1C464FF0CC
:1008C0000043524263EB0403994208BF904230BD9B
:1008D000064C074D06E0E06840F0010394E807008D
:1008E00098471034AC42F6D3FFF77AFC988C000896
:1008F000B88C0008202A06DBCB17203A41FA02F018
:1009000043EAE07306E041FA02F3D040C2F120026C
:100910009140084319467047F8B5044600200090FE
:100920002068816811F0010F4AD18168254A11427F
:1009300037D18168D5432940491C81602068B0F1D6
:10094000A04F02D02049884201D1204800E0204831
:10095000806800F0E07000020DD51E481E49006856
:10096000B0FBF1F0401C00EB4000800000E0401EB6
:1009700000900028FBD101F005FB06461BE08168D2
:1009800011F0010F03D181682940491C816001F0F9
:10099000F9FA801B02280ED920680068C043C007FE
:1009A00009D0E06D40F01000E065206E40F00100DD
:1009B00020660120F8BD20680168C943C907DED15F
:1009C0000020F8BD3F0000800001005000030050EF
:1009D0000007005038000020400D030010B514211E
:1009E0000F4800F055FB40F6E4414843000BCD2191
:1009F0000C4C4843322120600B4800F049FB40F684
:100A0000E44148430949000B4000C968884201D2CB
:100A1000002003E0401A00EB80004008606010BD39
:100A20000080F03E200100202000F014D4000020BF
:100A300010B506F001FF04480178491C0170BDE8BB
:100A4000104006F019BF0000D000002000F0CCB923
:100A5000094810B5017839B10021017000F0E0F9C2
:100A6000BDE8104000F0C5B90121017000F0D2F9D5
:100A7000BDE8104000F0C3B9FC00002000F0C5B98B
:100A800008B5BE480090002301224FF4FA71BCA0C3
:100A900007F0DCFEBD4D286107F058FD4FF000095E
:100AA0000246CDF800904B460121286907F018FF57
:100AB00004F0FEF904F09AF9DFF8D4A2DFF8D4B21A
:100AC000012690B3B4A000F063FA03245F468BF8CC
:100AD00000404FF47A7006F087FF04F087F950B3B6
:100AE00041F288383C70404606F07EFF04F07EF903
:100AF00008B33C7015208AF81300404606F074FFD6
:100B0000002004F0B9FF4FF4FA6006F06DFFDFF843
:100B1000A08244F6E4305746A8F80000387D01284A
:100B200068790AD0012876D023E1FFE7EE70A1A012
:100B300000F02EFAE4E7EE70E2E728BB04F00AFCCE
:100B4000DFF884A2012400BFDAF80020B8F8000022
:100B5000C2F89400C4F164034343642293FBF2F3AC
:100B6000DAF800C0CCF89C30604390FBF2F0DAF881
:100B70000010C1F8A800142006F036FF641C2E2CCB
:100B8000E2DB00F0A1FA6E71287928B18F4804F0F9
:100B9000E5F92870F0B3AFE06878002817D18B48EA
:100BA0000A3004F0F5F9A870202811D0B8F8001028
:100BB000A1F59642E43A02D1EA68521CEA60EC6878
:100BC0004FF4FA72B4FBF2F302FB134242B1BEE0FF
:100BD000002004F07DFB2E718BF800600A20B4E049
:100BE00046F6D77291421BD20A31774889B2A8F8EB
:100BF00000100268C2F89410362201FB02F364224E
:100C0000B3FBF2F30468C4F89C302E235943B1FBC4
:100C1000F2F101E017E09CE00068C0F8A81096E04F
:100C2000E888C821401C80B2B0FBF1F2E88001FBEB
:100C30001200002806D1C5F80C90A5F806906E7039
:100C400004F0B6FB83E0DFF884C1A5F808909CF8B7
:100C5000000020B101280AD0022810D01BE0B8F80B
:100C600000004FF4FA42904213D2401C0EE0B8F854
:100C7000000044F6E43290420BD9401E06E0B8F87A
:100C800000004FF4FA42904203D2401DA8F8000041
:100C900001E0A8F800204C48B8F800100268C2F83B
:100CA0009410362201FB02F36422B3FBF2F30468D2
:100CB000C4F89C302E235943B1FBF2F10068C0F810
:100CC000A8109CF80100F874052809D0032809D061
:100CD000042807D050B1012808D0022809D00BE021
:100CE000022107E003208BF8000005E08BF800608C
:100CF00002E004218BF8001028894FF47A74401C1C
:100D000080B2B0FBF4F2288104FB1200F8B944F67B
:100D1000E430A8F8000004F04BFB04F00DFB2D4973
:100D20002B4885F805900A68026009790171002056
:100D300004F0A2FE85F80490A5F80690C5F80C9082
:100D400085F801908BF80090204606F04DFE0120BA
:100D500010E020481E4985F8059002680A60007975
:100D600008714C46002004F087FE2C71EC80EC608A
:100D70006C70642006F038FED0E60000A16C00081C
:100D800070617273655F646174650000BC0000206F
:100D900020010020000000204E524632344C3031F9
:100DA0002020697320206572726F72210A0D000085
:100DB000020000204E524632344C303120206973FC
:100DC00020206F6B210A0D00B8020020B0320020F5
:100DD00014010020B889000800F028B80022202162
:100DE0004FF0904001F0C9B820214FF0904001F041
:100DF000BCB8002240214FF0904001F0BEB8012263
:100E000040214FF0904001F0B8B840214FF09040A1
:100E100001F0ABB8002280214FF0904001F0ADB856
:100E2000012280214FF0904001F0A7B880214FF0BF
:100E3000904001F09AB8FEE7064910B50020087509
:100E4000054944F6E430088004F0B2FABDE81040E9
:100E500004F072BA200100200200002010EE100AF7
:100E6000234910B5DFED230A884204DC10EE100A96
:100E70002149884202DAB0EE600A10BD0022242126
:100E80001E4B122003EB8004D4ED000AF4EEC00ADE
:100E9000F1EE10FA01D2014601E021DD0246881888
:100EA00040088C1A012CEDD103EB820203EB810187
:100EB000D2ED000A91ED001AF1EE041A30EE600A4C
:100EC00031EE601A00EB8000373820EE210AC0EEC8
:100ED000010A00EE100AB8EEC00A30EE800A10BD1A
:100EE00000EB8000373800EE100AB8EEC00A10BDE3
:100EF0006072D54800C079442FD50444C08B0008E7
:100F000019481A494279C9682AB10023012A16D022
:100F1000022A17D01BE0144A9279531CDBB25029E5
:100F200003DB032A09D3012205E011F1230F0EDCB4
:100F3000032A02D30222427109E0837107E03729B4
:100F400003DB04E011F11E0F01DD837143710848DA
:100F50001E29006802DB4FF47A7103E0192902DCD4
:100F600041F6902141637047D40000202001002009
:100F70001004002010B506F05FFC03490020087043
:100F8000BDE8104006F078BCD0000020704700009B
:100F90000FB410B5C0B043AB4FF480716846429AAD
:100FA00005F006F9094C4FF0FF31206807F072F99F
:100FB000694607A005F0ECF800231A461946206898
:100FC00006F0BCFF40B010BC5DF814FB240000200C
:100FD00025730000014900200870704700000020C0
:100FE00072B6FEE7044D4FF4FA74287804F0BAFDA7
:100FF000204606F0F9FCF8E70000002010B506F0E6
:101000001BFC0348047806F037FC204610BD0000A6
:10101000D000002010B504461B4888B0844209D196
:101020001A4800F0CBFD6421184800F027FD10BBE2
:10103000164825E020216846FFF794F90620CDE9FF
:101040000040022002907F200390042004900020A2
:1010500005900E4869466C3800F028F908B1FFF792
:10106000BFFF0A486C3800F0A9FD084864216C38BD
:1010700000F004FD10B1002008B010BD03486C382A
:1010800000F04AFB80B2F7E70080F03E4C020020FF
:101090002DE9F04100260F4680463546344609E0EA
:1010A0004046FFF7B7FF60B10644012006F09CFC04
:1010B000641CA4B2BC42F3D3781BB6FBF0F0BDE8CD
:1010C000F0816D1CEDB2F0E71D4810B50168001D00
:1010D0000268001D03681B480C0A017044700C0C68
:1010E0008470090EC1700271110A4171110C817175
:1010F000110EC1710372190A4172190C8172190E15
:10110000C1720C2103F0BEFF0F49020A48708A70B9
:10111000020CCA70000E0B4A08710968C2F816105A
:101120009076082102F1160006F00CFB054C000A2F
:10113000163408212072204606F004FB607210BDB0
:101140009075FF1FA4320020140100202DE9F04FFC
:10115000044690F858009BB00F464FF0000B012852
:1011600012D0012084F8580000261796189620689F
:101170004FF0A048DFF81C91DFF81CA1474D404517
:1011800006D12846009508E002201BB0BDE8F08F8C
:1011900048450AD15046CDF800A003F0F7F800907A
:1011A000206803F0F3F840B109E0E06D40F0200062
:1011B000E06584F858600120E7E7009850B1E06DE1
:1011C00040F02000E0654FF0010B00BF84F858604C
:1011D0005846DAE720684146884201D0A84201D14A
:1011E0002F4800E02F48D7F800C02F4B40F61F7261
:1011F000BCF1000F2DD0D0F808C094F838802CF442
:10120000604C4CEA483CD7F804804CEA080CC0F823
:1012100008C0D4F800C08C4501D0AC4504D1896821
:10122000AB6801F0010109E0D9F80810DAF80850BC
:1012300001F0010105F001059B68294303F001035A
:101240001943C3D1BB683968194383689343194371
:101250001DE0876827F46047876027688F4201D0C8
:10126000AF4204D18968AB6801F0010109E0D9F807
:101270000810DAF8085001F0010105F001059B683B
:10128000294303F001031943A0D181689143816090
:101290009CE70000000400500005005000010050D1
:1012A0000003005000070050000600502DE9F84FE1
:1012B00000270446009790F85800DFF81C840D467C
:1012C000B946012811D0012684F85860206803F03F
:1012D00059F860B1E06D40F02000E0655FF0010773
:1012E00084F858903846BDE8F88F0220FBE7D5E92E
:1012F00000210C23206803EA91131844036B01F0CA
:101300001F014FF01F0C0CFA01FCC2F3846223EAA8
:101310000C038A4013430363206803F033F88246CA
:10132000206803F02BF85AEA00003CD1AA6829682B
:101330002068B2F1004F37D003F034F820684169DB
:1013400021F00041416120686969C268C2F3C102AD
:10135000520091402A69042A31D000EB82002B68A8
:10136000026EDFF878C303F0F84302EA0C020B4385
:101370001A4342F00041016622682869A96902EB1C
:101380008000026E22F080720A430266297F226882
:101390002869012910D0002102EB8000026E22F0A2
:1013A00000720A4302667DE0002202F0FBFF206823
:1013B000416941F00041C5E74FF00071ECE70021C1
:1013C00002F0D6FF400320684FF0000172D002F017
:1013D000CFFF90FAA0F0B0FA80F1286842036ED0F7
:1013E00090FAA0F0B0FA80F0814204D100221146B8
:1013F000206802F0E6FF0121206802F0B9FF4003F7
:1014000020684FF001015DD002F0B2FF90FAA0F029
:10141000B0FA80F12868420359D090FAA0F0B0FAEF
:1014200080F0814204D100220121206802F0C9FF2E
:101430000221206802F09CFF400320684FF0020167
:1014400048D002F095FF90FAA0F0B0FA80F1286839
:10145000420344D090FAA0F0B0FA80F0814204D167
:1014600000220221206802F0ACFF0321206802F074
:101470007FFF400320684FF0030133D002F078FF74
:1014800090FAA0F0B0FA80F1286842032FD090FAC9
:10149000A0F0B0FA80F0814204D10022032120683C
:1014A00002F08FFF2068816811F0010F22D0ACE0BC
:1014B00000E004E002F05CFFC0F384618DE7C0F35C
:1014C000846091E702F054FFC0F38461A2E7C0F3A7
:1014D0008460A6E702F04CFFC0F38461B7E7C0F375
:1014E0008460BBE702F044FFC0F38461CCE7C0F343
:1014F0008460D0E72A7B296850F8B03FC1F3120C12
:1015000023EA0C0302F0180C754A22FA0CF20A4086
:1015100013430360E968414577D1286841031CD033
:1015200090FAA0F1B1FA81F1491C01F01F010929DB
:101530004FEA403132D8002912D000BF90FAA0F112
:10154000B1FA81F101F1010101F01F0106FA01F682
:1015500009D100BFC0F3846109E0C0F38461E3E70F
:10156000C0F38461EEE790FAA0F1B1FA81F101F1E4
:10157000010101F01F0146EA816102D1C0F38460DC
:1015800003E090FAA0F0B0FA80F000F1010000F062
:101590001F0000EB400041EA005132E000290ED06C
:1015A00090FAA0F1B1FA81F101F1010101F01F01FE
:1015B00006FA01F606D100BFC0F3846106E0C0F36D
:1015C0008461F1E790FAA0F1B1FA81F101F1010132
:1015D00001F01F0146EA816102D1C0F3846003E09B
:1015E00090FAA0F0B0FA80F000F1010000F01F00C6
:1015F0003C4A00EB400002EB005041EA000141F0A0
:101600000071AA68206802F0CDFE37482B680342BB
:101610003FF466AE21684FF0A04C3448344E354D4F
:10162000614501D0A94201D1024600E032469268EC
:10163000DFF8C48002F0E072434503D0DFF8BC80DD
:10164000434521D15FEA02281ED4614506D02C4BC8
:1016500099427FF445AEA94200D0304642F40001E1
:10166000826822F0E0720A438260264826490068B8
:10167000B0FBF1F0401C00EB4000800000E0401E99
:1016800000900028FBD12BE6DFF8808043450FD186
:101690005FEAC2180CD4A94202D11D4B9942F2D084
:1016A000614502D0A94200D0304642F080710CE082
:1016B000DFF860804345E6D15302E4D4A942E2D08A
:1016C000614500D0304642F48001826822F0E07229
:1016D0000A43826004E6000000007F4000F0FF0340
:1016E000FFFF0700000020FE0000088000030050FC
:1016F0000007005000010050000021C31000C090FE
:101700000006005038000020400D0300000052C7C2
:1017100000050050000084CB0068006C704700009A
:10172000F8B54FF0000504002E46009502D0E06D9C
:1017300010B107E00120F8BD204600F009F9266647
:1017400084F8586020688168C1F3407119B18168DC
:10175000734A1140816020688168C1F3007189B9C2
:101760008168704A114041F0805181606E486F4934
:101770000068B0FBF1F04000801C00E0401E0090CB
:101780000028FBD120688168C1F3007141B9E16D87
:1017900041F01001E165216E41F001012166012552
:1017A00002F0F0FDE16DC90600D430B1E06D40F00B
:1017B0001000E06501252846F8BDE06D20F480703A
:1017C00040F00200E0652068816811F0010F27D128
:1017D0004FF0A043564A984201D0904204D19968F4
:1017E000966801F001010AE052498968524E01F001
:1017F0000101B66806F001063143504EB66806F0A6
:10180000010631430CD1984201D0904201D14C489D
:1018100000E04C486168826822F47C120A438260CE
:10182000E168E06B627F0843A16841EA4231084306
:1018300094F8241040EA0140012904D1218D424A44
:1018400002EB41410843E16A29B101F47871226B4E
:10185000014342EA01002268D1683C4B1940014330
:10186000D16020680169626B21F040611143016120
:10187000206802F083FD70BB207F94F83810226846
:10188000800340EA4100D16844F2020399430143D6
:10189000D16020690028206801690AD041F48031B4
:1018A0000161206850F8C01F22696FF30D011143D8
:1018B00007E021F480310161206850F8C01F6FF308
:1018C0000D01016094F8400001280CD020680169E6
:1018D00021F001010161606901282068016B21F09C
:1018E0000F0111D013E0D4E911010843D4E9131218
:1018F0001143084321680A6940F2FC739A4310437C
:1019000040F001000861E6E7226A521E11430163BC
:10191000E06D20F0020040F00100E0654BE70000C0
:10192000C0FFFF5FC0FFFF7F38000020400D0300B5
:101930000001005000040050000500500006005057
:1019400000030050000700500000FEFF0740F0FFBA
:101950002DE9F0439BB00446142115A8FEF702FDC3
:1019600054216846FEF7FEFC4FF000512068002528
:101970003D4F0326DFF8F4908A133D4CB0F1A04FA1
:1019800011D03C4B98426CD1904668460092119120
:1019900000F04AFF08B1FFF723FB3868401C3860AD
:1019A000012846D04DE068460092119100F03CFFBE
:1019B00008B1FFF715FB3868401C3860012807D1D3
:1019C000E06C40F40050E064E06C00F400501A90C9
:1019D000E06C40F00400E064E06C00F004001A9059
:1019E000E06C40F00200E064E06C00F002001A904D
:1019F000E06C40F00100E064E06C179500F001003D
:101A00001A900220CDE9150615A91B4800F084F9AB
:101A10004FF480401795CDE9150615A9484600F00A
:101A20007BF906201795CDE9150615A94FF09040D2
:101A300015E0E06C40F40050E064E06C00F400500D
:101A40001A90E06C40F00200E064E06CCDF8548045
:101A500000F00200CDE916651A9015A9484600F07D
:101A60005BF91BB0BDE8F0832800002000040048AB
:101A70000010024000010050000800482DE9F04726
:101A80000446884600684FF0A0454749474BDFF8B9
:101A90002091A84201D0484501D10A4600E01A46EB
:101AA000926802F01F06A269082A14D0AEB1052E72
:101AB00013D0092E11D0A84202D0484500D01946B3
:101AC000886800F4604058B1E06D40F02000E065A7
:101AD0000120BDE8F087082703E0C068C007F2E7EF
:101AE000042700F04FFA824619E000BFB8F1FF3F2B
:101AF00015D000F047FAA0EB0A01414502D8B8F131
:101B0000000F0CD120680068384208D1E06D40F029
:101B10000400E065002084F858000320D9E720681D
:101B200000683842E2D0E06D40F40070E065206863
:101B300002F030FC80B1607F70B920680068000757
:101B40000AD5E06D20F48070E065E06DC00403D438
:101B5000E06D40F00100E0652068164A164B4845EC
:101B600001D12C4604E0904201D11C4600E004461D
:101B700084420AD04EB1052E07D0092E05D0484523
:101B800006D0904203D11D4602E0C16801E005463F
:101B9000E968082F05D0490401D40C210160002018
:101BA00097E70821FAE70000000300500007005003
:101BB0000001005000050050000400502DE9F041E4
:101BC000044600684FF0A045444FA84201D0B842F7
:101BD00001D1434900E04349896801F01F0602F042
:101BE000D1FB18B102210846BDE8F08194F85800F5
:101BF00001280CD0012084F858002046FEF78CFE06
:101C000001004FF0000204D084F85820EBE70220D6
:101C1000EAE7E06D40F60163984340F48070E065C8
:101C20002068314BDFF8C4C0B84201D1AE4604E0B1
:101C3000984201D1E64600E08646864500D02EB99E
:101C4000D4F85CE02EF4801EC4F85CE0D4F85CE0CC
:101C50005FEACE4E06D5D4F860E02EF0060EC4F84A
:101C600060E000E022664FF01C0EC0F800E084F84F
:101C700058202068B84201D12A4604E0984201D198
:101C8000624600E0024682420ED06EB1052E0BD0B5
:101C9000092E09D0E26D42F48012E265B84213D0F9
:101CA000984210D165460FE0C268920105D5E26DF9
:101CB00022F4005242F48052E26582680C4B1A40D2
:101CC000121D82608FE70546E86880018BD5E06DC4
:101CD00020F4005040F48050E06584E7000100509B
:101CE00000030050000700500005005000040050A1
:101CF000C0FFFF7F70B5044600F044F90546601C44
:101D000002D004484068044400F03CF9401BA04263
:101D1000FAD370BD2C0000202DE9F04FDFF820929F
:101D2000002301260324A9F1040B85B00F2709F134
:101D3000040AABF1040EFAE006FA03F52A407CD05F
:101D400091F804C00CF0030CBCF1010F02D0BCF1FF
:101D5000020F26D1D0F808C0CDF800C04FEA430CDE
:101D600004FA0CF8CDF810C0DDF800C02CEA080C1D
:101D7000CDF800C0D1F80C80DDF810C008FA0CF8DE
:101D8000DDF800C048EA0C08C0F80880D0F804C0AC
:101D90002CEA050C0D79C5F300159D4045EA0C05AC
:101DA00045600D79ED43AD070ED0C5684FEA430895
:101DB00004FA08FC25EA0C05D1F808C00CFA08FC66
:101DC0004CEA050CC0F80CC00D7905F00305022D96
:101DD00016D1DD0800EB850CCDF808C0DCF82080BA
:101DE0005D074FEAD56C07FA0CF528EA05080D697E
:101DF00005FA0CF5DDF808C045EA0805CCF82050D6
:101E000005684FEA430CCDF808C004FA0CFC25EA3B
:101E10000C0591F804C00CF00308DDF808C008FABE
:101E20000CF848EA0508C0F800804D6815F4403FFA
:101E30007CD0444DD5F860C000E077E04CF0010C58
:101E4000C5F860C02D6E23F0030C05F00105009568
:101E50003D4D65440295AD684FEA837C4FEA1C789E
:101E600007FA08FC25EA0C05B0F1904F06D0DFF820
:101E7000DCC0604505D14FF0010C20E04FF0000CB4
:101E80001DE0DFF8CCC0604502D14FF0020C16E037
:101E9000DFF8C0C0604502D14FF0030C0FE0DFF85F
:101EA000B8C0604502D14FF0040C08E0DFF8ACC0C8
:101EB000604502D14FF0050C01E04FF0060C0CFA22
:101EC00008FC4CEA050C029DC5F808C0D9F8005082
:101ED000CC46D1F8048095435FEAC82800D5154365
:101EE000CCF80050DAF80050D446D1F8048095437D
:101EF0005FEA882800D51543CCF80050DBF8005085
:101F0000DC46D1F8048095435FEA883800D5154354
:101F1000CCF80050DEF80050F446D1F80480954328
:101F20005FEAC83800D51543CCF800505B1C0A683E
:101F300032FA03F57FF400AF05B0BDE8F08F000082
:101F40000804014000100240000001400004004865
:101F500000080048000C0048001000480014004829
:101F60000069084000D001207047426921EA02035D
:101F70000A4043EA0241816170470AB181617047BA
:101F80008162704701488068704700002C00002083
:101F900030B590F8DD20022A37D090F8DC20012AF5
:101FA00033D0012480F8DC40022280F8DD20036871
:101FB000D3F8A02322F002050A7802F002022A4395
:101FC00022F03C050A7902F03C022A4322F47075A3
:101FD0008A682A4322F480658A8902F480622A434F
:101FE0000D69C3F8A45305684B69C5F8A8330368A5
:101FF0008969C3F8AC130168C1F8A02380F8DD40FB
:10200000002180F8DC10084630BD022030BD10B53C
:1020100090F8DD20022A16D090F8DC20012A12D098
:10202000012200F8DC2F0223437050F8DC3CD3F887
:10203000A04324F001040C43C3F8A04342700021E4
:102040000170084610BD022010BD10B590F8DC20CC
:10205000012A21D0012280F8DC20022380F8DD3023
:102060004B1C1BD00368D3F8CC4344F00204C3F8E4
:10207000CC430368D3F8CC4324F00C040C43C3F8DE
:10208000CC430168D1F8CC3343F00103C1F8CC3321
:1020900080F8DD20002010BD022010BD0168D1F8BD
:1020A000CC3323F00203C1F8CC33EAE738B504009F
:1020B00056D0022084F8DD000025C4F8E050C4F8B2
:1020C000E450C4F8E850C4F8EC50C4F8F050C4F838
:1020D000F450C4F8F850207AC0071BD0214920687A
:1020E000884208D12048016E41F080610166006E8F
:1020F00000F0806000902168086820F44042208A47
:1021000000F44040104320F44052A08A00F44050B4
:1021100010430860204600F029F8207A800708D58F
:102120002168086820F44072A08900F440701043D0
:102130000860012084F8DD0084F8DC505FF00001C5
:10214000C1EBC10004EB8000491C8561C5610562DB
:1021500045628562C9B205630629F1D9002038BD00
:10216000012038BD006801400010024008B5006839
:102170000649884208D10648016E41F08061016637
:10218000006E00F08060009008BD00000068014013
:102190000010024070B50D460446FFF7F3FE0646F8
:1021A00007E0681C05D0FFF7EDFE801BA8420DD8A4
:1021B00065B12068D0F88803C043C003F1D4012082
:1021C00084F8DD00002084F8DC0070BD072084F86E
:1021D000DD00032070BD70B590F8DD30022B1DD0FE
:1021E00090F8DC30012B19D0012380F8DC30022478
:1021F00080F8DD40EC25046805EBC1156159CE0679
:1022000005D54FF6C076B14332400A43625180F89B
:10221000DD30002180F8DC10084670BD022070BD62
:1022200070B590F8DD30022B23D0022380F8DD302A
:10223000062920D08023046803EBC115635923F0DD
:1022400007069368334323F01806D368334363517A
:102250009425046805EBC11513686351982403683D
:1022600004EBC11152685A50012180F8DD100020A2
:1022700070BD022070BD0368196821F007049168E1
:10228000214321F01804D1682143196003681168C3
:102290005961516802689161E6E72DE9F04F90F8C5
:1022A000DD40022C25D090F8DC40012C21D04FF0ED
:1022B000010980F8DC90022480F8DD4000274FF00F
:1022C000070C062918D09C2404EBC116012A39D02A
:1022D0008024A8254FF4005A4FF4405B05EBC1154C
:1022E00004EBC114022A2FD0042A45D0082A0BD1AE
:1022F00044E00220BDE8F08F012A0AD0022A0CD067
:10230000042A0ED0082A10D080F8DDC080F8DC70D6
:102310000EE002681968D1610AE00268196851622A
:1023200006E002681968916202E002681968D162E9
:1023300090F8DD10072948D080F8DD9080F8DC7037
:102340000020D7E7196835E04FF0A408D0F800C0A6
:1023500008EBC1111A684CF801205968002901687E
:102360000A5922F440522ED00A5101680A59D3F872
:1023700004C042EA0C0218E0196821E04FF0AC08F2
:10238000D0F800C008EBC1111A684CF80120596858
:10239000002901680A5922F4404214D00A51016808
:1023A0000A59D3F804C042EA8C020A5159685145CF
:1023B00003D1996802689151BAE75945B8D1996833
:1023C00002685151B4E70A51B2E7012092E710B513
:1023D00090F8DC20012A0ED0012200F8DC2F022325
:1023E000437050F8DC3C1C680C431C6042700021B8
:1023F0000170084610BD022010BD70B5044690F86B
:10240000DD00022811D094F8DC0001280ED001254F
:1024100084F8DC50022084F8DD00204601F063FEE1
:1024200084F8DD50002084F8DC0070BD022070BD0F
:1024300010B590F8DC20012A10D0012200F8DC2F22
:102440000223437050F8DC3CD3F894430C43C3F8A8
:102450009443427000210170084610BD022010BD57
:102460002DE9F041044690F8DD0015460E4602289D
:1024700026D094F8DC00012821D0012784F8DC70F4
:10248000022084F8DD00062E1CD0204601F09AFEC2
:10249000C6EBC60004EB80002968016269684162EE
:1024A000A9688162E968C1622969016331462046F1
:1024B00001F09BFD062E15D0E86A40B112E0022023
:1024C000BDE8F0811146204601F0C4FDE0E780211F
:1024D000206801EBC6114258EB6D22F4007242EA0B
:1024E0004322425084F8DD70002084F8DC00E7E7E6
:1024F0002DE9F041044690F8DD00022824D094F83C
:10250000DC0001281FD0012584F8DC50022084F86B
:10251000DD00EC20266800EBC113F058176820F0AE
:10252000100040EA071020F480175068384320F468
:102530008037D068384320F4003790683843976973
:10254000012F03D00CE00220BDE8F08120F0040749
:102550001069384320F002075069384340F0010009
:10256000F050204601F041FD84F8DD50002084F851
:10257000DC00E9E770B5040011D021684CF6CC40CE
:102580000860216845F255500860D4E900014160B7
:102590002168A0688860FFF7F5FC05460DE0012082
:1025A00070BD00BFFFF7EEFC401B312805D9206845
:1025B000C068400701D0032070BD2068C068400794
:1025C000F0D120680269E1688A4201D0016102E02D
:1025D0004AF6AA210160002070BD00684AF6AA21CF
:1025E0000160002070470000024881684268114481
:1025F000816070472C00002010B50024032000F0FB
:102600009BF80F2000F008F808B1012401E000F069
:1026100047F8204610BD000030B505461B4887B07E
:10262000016E41F400610166006E06A900F40060CD
:10263000009001A800F066FB00F096FB1449154AD3
:10264000B0FBF1F11448491E0260416040F2E732EC
:102650000021C0E90321816000F08BFE040012D14B
:102660000D4800F0FDFE04000DD1192000F036F8F1
:10267000102D07D200222946192000F03DF8074806
:10268000056000E0012407B0204630BD0010024084
:1026900040420F00002C0140840500202C00002047
:1026A0000D4808B5016E41F001010166016E01F0AF
:1026B00001010091816D41F080518165806D0022A2
:1026C00000F0805000900F21901E00F015F8BDE83A
:1026D000084000F0A1B8000000100240002809DB0B
:1026E00000F01F02012191404009800000F1E0202C
:1026F000C0F8001170470000F0B40E4B1B680C4688
:10270000C3F30223C3F10705042D00D90425191DC5
:10271000072901D2002300E0DB1E012606FA05F19D
:10272000491E214099409E40761E16403143F0BC20
:1027300003F054BD0CED00E0064900F00702086804
:102740004FF6FF03184040EA0220034A1043086096
:10275000704700000CED00E00000FA052B492C4BFF
:102760000A6832214A432B4940B1B0F5007F08681E
:1027700029D020F4C06040F480602CE00868C0F3E9
:102780004120022804D051F8800F20F4807022E00C
:10279000D1F8800020F48070C1F88000086820F42F
:1027A000C06040F400700860B2FBF3F0401C00E031
:1027B000401E4A69520501D50028F9D148694005F3
:1027C0000AD503207047C0F34120022806D051F8F3
:1027D000800F40F48070086000207047D1F88000BE
:1027E00040F48070C1F88000086820F4C06040F4B4
:1027F00000700860B2FBF3F0401C00E0401E4A6924
:102800005205DBD50028F9D1D8E7000038000020B8
:1028100040420F00007000400248816841F480414E
:1028200081607047007000402DE9F843044600685D
:102830000026BB4D00035ED5A86D0027C00008D45C
:10284000A86D40F08050A865A86D012700F0805069
:102850000090DFF8D092D9F8001041F48071C9F8E7
:102860000010FFF78FFB804606E000BFFFF78AFBF2
:10287000A0EB080002282BD8D9F80000C005F5D538
:10288000D5F8900010F4407014D0216D814211D021
:10289000D5F89000D5F8901020F4407041F48031C4
:1028A000C5F89010D5F8901021F48031C5F890103B
:1028B000C5F89000C00711D0FFF764FB804641F2D5
:1028C000883907E0FFF75EFBA0EB0801494501D915
:1028D00003260BE0D5F890008007F3D5D5F89000DB
:1028E000216D20F440700843C5F890001FB1A86D19
:1028F00020F08050A8652078C00707D0D5F8880060
:10290000616820F003000843C5F88800207880073C
:1029100007D5D5F88800A16820F00C000843C5F859
:1029200088002078400707D5D5F88800E16820F0B6
:1029300030000843C5F888002078000707D5D5F88F
:102940008800216920F0C0000843C5F8880020787D
:10295000C00607D5D5F88800616920F440700843A7
:10296000C5F888002078800607D5D5F88800A169C9
:1029700020F440600843C5F888002078400607D559
:10298000D5F88800E16920F440500843C5F8880074
:102990002078000607D5D5F88800216A20F4404049
:1029A0000843C5F888002088C00507D5D5F88800F9
:1029B000616A20F440300843C5F88800206880032D
:1029C00007D5D5F89C00A16A20F003000843C5F89C
:1029D0009C002088800507D5D5F88800E16A20F49E
:1029E00040200843C5F88800208840050FD5D5F859
:1029F0008800216B20F440100843C5F88800206B44
:102A0000B0F5801F03D1E86840F48010E8602088AA
:102A100000050FD5D5F88800616B20F4400008430D
:102A2000C5F88800606BB0F5800F03D1E86840F40A
:102A30008010E8602088C0040FD5D5F88800A16B0D
:102A400020F040700843C5F88800A06BB0F1807F8B
:102A500003D1E86840F48010E86020884FF00061FE
:102A600080040ED5D5F88800E26B20F0406010435A
:102A7000C5F88800E06B884203D1E86840F4801014
:102A8000E860208840040ED5D5F88800226C20F03C
:102A900040601043C5F88800206C884203D1E86884
:102AA00040F48010E860208800040FD5D5F8880035
:102AB000616C20F040500843C5F88800606CB0F1AC
:102AC000805F03D1E86840F48030E8602068C0038C
:102AD0000FD5D5F88800A16C20F040400843C5F818
:102AE0008800A06CB0F1804F03D1E86840F48030DA
:102AF000E860206840030FD5D5F89C00E16C20F415
:102B000040100843C5F89C00E06CB0F5001F03D1ED
:102B1000E86840F48010E8603046BDE8F8830000C3
:102B200000100240007000402DE9F0470E460500FD
:102B30004FF0000725D0DFF8AC81D8F8000000F096
:102B40000F00B0420CD2D8F8001021F00F01314331
:102B5000C8F80010D8F8000000F00F00B04210D103
:102B60002968614CC80741F2883A5AD06868DFF892
:102B70007C91032808D0022820682DD04005002829
:102B80002CDB0120BDE8F08720688001F9D5E068E2
:102B900000F00302E068C0F30310401C032A19D0C0
:102BA000534A00BFB2FBF0F0E268C2F30622504382
:102BB000E268C2F34162521C5200B0FBF2F0484599
:102BC00017D9A06810F0F00F0CD0880711D5A868AD
:102BD00040B10EE0474AE5E78003D0E700F0D6F8C1
:102BE000484506D9A06820F0F00040F08000A060C1
:102BF0008027A068696820F003000843A060FFF701
:102C0000C1F9814606E000BFFFF7BCF9A0EB09015E
:102C100051453AD8A068696800F00C00B0EB810F0C
:102C2000F2D12868810714D5400703D5A06840F485
:102C3000E060A0602878000705D5A06820F4605007
:102C400040F4E060A060A068A96820F0F0000843AC
:102C500004E0802F03D1A06820F0F000A060D8F835
:102C60000010404601F00F01B14216D9016821F071
:102C70000F0131430160FFF785F9074607E000BF08
:102C8000FFF780F9C11B514501D903207AE7D8F835
:102C9000000000F00F00B042F2D12878400705D5BF
:102CA000A068E96820F4E0600843A0602878000785
:102CB00006D5A068296920F4605040EAC100A060F0
:102CC00000F064F8A1680C4AC1F30311515C01F0F3
:102CD0001F01C8400949086009480068BDE8F0477D
:102CE000FFF79ABC002002400010024000B4C40468
:102CF0000024F400001BB700A08900083800002061
:102D00002C0000200F2202600C4A936803F003039A
:102D10004360936803F0F0038360936803F4E06317
:102D2000C36092684FF4E06303EAD2020261044890
:102D3000006800F00F0008607047000000100240BB
:102D4000002002400548064900688968054AC1F329
:102D50000221515C01F01F01C8407047380000207B
:102D600000100240B08900080548064900688968DB
:102D7000054AC1F3C221515C01F01F01C8407047F0
:102D80003800002000100240B0890008184910B532
:102D90008868C0F381021748012A0BD08A68164B55
:102DA000C2F38102022A06D08A68C2F38102032A92
:102DB00003D0002010BD184610BDCA6802F00304FD
:102DC000CA68C2F30312521C032C02D0B0FBF2F00B
:102DD00001E0B3FBF2F0CA68C968C2F306225043AF
:102DE000C1F34161491C4900B0FBF1F010BD000086
:102DF000001002400024F400001BB7002DE9F84346
:102E000004007AD02078F84DC00747D0A868E96858
:102E100000F00C0001F003010C2802D0082817D0A4
:102E200001E0032914D06068B0F5803F17D0B0F5F9
:102E3000A02F286817D020F480302860286820F45C
:102E4000802028606068E0B1FFF79CF8064614E037
:102E50002868800322D560680028D2D01EE0286848
:102E600040F48030EDE740F480202860F7E700BFB1
:102E7000FFF788F8801B642870D828688003F7D58E
:102E80000CE0FFF77FF8064605E000BFFFF77AF891
:102E9000801B6428F0D828688003F7D42078800746
:102EA0004CD5A868E96800F00C0001F003010C287B
:102EB00002D004280DD001E002290AD0E0680028E1
:102EC00028682BD040F480702860FFF75BF8064636
:102ED00019E02868400502D5E068002891D06868AC
:102EE000217C20F0FE4040EA01606860BF48006835
:102EF000FFF792FB002800D120E072E1FFF742F8D3
:102F0000801B0228B8D828684005F7D56868217C5E
:102F100020F0FE4040EA016068600FE020F480701D
:102F20002860FFF72FF8064605E000BFFFF72AF8F4
:102F3000801B0228A0D828684005F7D42078000715
:102F400029D560690028D5F8940013D040F001001D
:102F5000C5F89400FFF716F8064606E090E000BFBB
:102F6000FFF710F8801B022886D8D5F89400800758
:102F7000F6D510E020F00100C5F89400FFF702F844
:102F8000064604E0FEF7FEFF801B022878D8D5F83D
:102F900094008007F6D42078400761D5A86D0026FC
:102FA000C00008D4A86D40F08050A865A86D012627
:102FB00000F0805000908E480168C90511D4016866
:102FC000804641F480710160FEF7DCFF074604E0B3
:102FD000FEF7D8FFC01B022852D8D8F80000C00561
:102FE000F6D5A068012815D00528D5F8900016D090
:102FF00020F00100C5F89000D5F8900020F0040002
:10300000C5F89000A06841F28838B8B1FEF7BAFF61
:1030100007460EE0D5F8900040F00100F0E740F0E0
:103020000400C5F89000F5E7FEF7ACFFC11B414571
:1030300026D8D5F890008007F6D50CE0FEF7A2FF61
:10304000074604E0FEF79EFFC11B414518D8D5F89E
:1030500090008007F6D41EB1A86D20F08050A865BE
:103060002078800629D5A0690028D5F8980013D0CB
:1030700040F00100C5F89800FEF784FF064606E020
:1030800075E000BFFEF77EFF801B02286FD8D5F8E1
:1030900098008007F6D510E020F00100C5F89800F0
:1030A000FEF770FF064604E0FEF76CFF801B022867
:1030B0005DD8D5F898008007F6D4E069F0B3A96828
:1030C000C1F3810103295DD00228286820F08070B7
:1030D000286003D0FEF756FF04464BE0FEF752FF90
:1030E000064604E0FEF74EFF801B02283FD8286802
:1030F0008001F7D4F4E908016FF00F0202EB01112F
:103100000843218A5204490802EB4151A26841EA6E
:1031100002210843217D4FF07E42490802EB4161C4
:103120000843217B40EAC160E968324A1140084304
:10313000E860286840F08070286000E05EE0E868A1
:1031400040F08070E860FEF71DFF044605E000BF18
:10315000FEF718FF001B022809D828688001F7D560
:103160004CE000BFFEF70EFF001B022802D903202F
:10317000BDE8F88328688001F4D4E8681E49084057
:10318000E8603BE00128F3D0E868226A00F0030120
:10319000914226D1616A00F0F00209011039914292
:1031A0001FD1A26A00F4FE41B1EB022F19D194F8AD
:1031B0002C2000F07841B1EBC26F12D1218E00F4C7
:1031C000C00249084905A1F50011914209D194F8BE
:1031D000341000F0C06049084906A1F10071814235
:1031E0000CD00120C4E70000001002402C00002099
:1031F000007000400C809F01FCFFEEFE0020B7E74E
:10320000704770477047000030B590F83C20012AA5
:1032100045D0012280F83C20CA688B6822F44072B5
:103220001A434B6822F480621A430B6822F400624E
:103230001A430B6922F480521A434B6922F400525C
:103240001A430B6B22F480421A430B8B22F4702238
:1032500042EA0342CB6922F080521A43114D0368BF
:103260000024AB4205D0104DAB4202D00F4DAB4213
:1032700010D10D8D22F4700242EA05520D6A22F03F
:1032800080722A434D6A22F000722A43C96A22F0F2
:1032900000520A435A6480F83C40002030BD0220AE
:1032A00030BD0000002C01400034014000500140BE
:1032B0007047704770470000F0B590F83C20012A35
:1032C00043D0012580F83C50022280F83D2003685D
:1032D0005A689C681E4E1F4FDFF87CC0B34203D073
:1032E000BB4201D0634504D122F4700E4A6842EA21
:1032F0000E02DFF868E002EA0E02D1F800E04EEAC2
:10330000020EC3F804E00268B24212D0B2F1804F5C
:103310000FD0134B9A420CD0124B9A4209D0124B49
:103320009A4206D0BA4204D0104B9A4201D062456C
:1033300004D1896824F080031943916080F83D50DE
:10334000002180F83C100846F0BD0220F0BD0000CE
:10335000002C014000340140005001408FFFFFFD70
:103360000004004000080040000C00400040014004
:10337000704710B5040003D094F83D0010B107E089
:10338000012010BD002084F83C00204600F022F807
:10339000022084F83D00211D206802F099F80120E8
:1033A00084F8480084F83E0084F83F0084F8400028
:1033B00084F8410084F8420084F8430084F8440013
:1033C00084F8450084F8460084F8470084F83D00FE
:1033D000002010BD10B586B0044614216846FCF7E5
:1033E000C1FF21681B48B1F1804F0CD01A4A9142AD
:1033F00007D1016E41F400510166006E00F40050E7
:10340000059006B010BD816D41F001018165816DAF
:1034100001F001010591C16C41F00201C164C06C71
:10342000694600F0020005900820009002200190FB
:10343000002002900390012004900848FEF76CFCE5
:10344000002208211C20FFF757F91C20FFF746F93E
:10345000D7E700000010024000340140000400489B
:1034600090F83D10012901D001207047022180F819
:103470003D100168CA6842F00102CA600068134941
:10348000884214D0B0F1804F11D0114988420ED03B
:10349000104988420BD01049884208D00F49884211
:1034A00005D00F49884202D00E49884207D1816871
:1034B0000D4A1140062906D0B1F5803F03D00168BE
:1034C00041F001010160002070470000002C014024
:1034D0000004004000080040000C0040003401409F
:1034E00000400140005001400700010070B5044653
:1034F00090F83C00002501281CD0012684F83C608F
:10350000022084F83D0022689068334B184020F474
:103510007F4090600868B0F5005F2ED016DC402830
:1035200049D009DCD0B1102818D0202816D0302876
:1035300049D113E0022070BD50282AD0602830D035
:1035400070280FD0B0F5805F3DD13DE010F00F0F37
:1035500039D10111A1F58031072934D822680146FB
:10356000104625E0CB68D1E90121206802F02FF850
:103570002068816841F0770109E0CB68D1E9012139
:10358000206802F024F82068816841F4804181605D
:103590001AE0CA684968206802F0EEF950212068F4
:1035A00006E0CA684968206802F038FA602120689D
:1035B00002F018F808E0CA684968206802F0DCF9EF
:1035C00040212068F4E7012584F83D60002084F85C
:1035D0003C00284670BD000088FFCEFF2DE9F04179
:1035E0000068B0F1804F53D12A4C2068C068C043B6
:1035F00080074DD4DFF8A08008214046FEF7B0FCDC
:103600000026264D012708B1E87828B10821404658
:10361000FEF7A6FC60B10DE0EF702068016A21F0B2
:10362000A00101622068016A41F02001016229E0E5
:10363000287940B108214046FEF792FC20B3287952
:1036400001280FD020E00421124800F041FB6861FE
:103650002068016A21F0A00101622068016A01620C
:103660002F7111E004210B4800F032FB2861206823
:10367000016A21F0A00101622068016A41F0200185
:1036800001622E712068466221686FF004000861B3
:10369000BDE8F081C403002000040048D4000020ED
:1036A0002DE9F041054690F83C0000260C46012823
:1036B00010D0012085F83C0072B1042A1CD0082AE1
:1036C0002CD00C2A50D00126002085F83C00304632
:1036D000BDE8F0810220FBE7D4E90012E368286826
:1036E00002F05CF92868816921F00C018161286889
:1036F0008169A26811430FE0D4E90012E3682868E9
:1037000002F09EF92868816921F44061816128688E
:103710008169A26841EA02218161D5E72868D4E97C
:10372000002C277B036A016A21F480710162C16960
:1037300023F4206321F0030141EA0C0121F0F00C95
:1037400039074FF420674CEA116107EA02221A4355
:10375000C16102622868C16921F00C01C161286859
:10376000C169A26811432BE02868D4E90021E76809
:10377000036AD0F820C02CF4805CC0F820C0D0F8D8
:103780001CC023F420432CF4407C4CEA012121F49A
:10379000704C4FF6FF7101EA07314FF4204741EAC0
:1037A0000C0107EA02321A43C16102622868C1694A
:1037B00021F44061C1612868C169A26841EA02211F
:1037C000C16181E710B5040003D094F83D0010B149
:1037D00007E0012010BD002084F83C00204600F0E6
:1037E00022F8022084F83D00211D206801F070FEBF
:1037F000012084F8480084F83E0084F83F0084F8F3
:10380000400084F8410084F8420084F8430084F8C2
:10381000440084F8450084F8460084F8470084F8A2
:103820003D00002010BD70472DE9F04104460068BE
:10383000C66805694FF00007A90713D5B10711D570
:10384000F91E0161012020772068806980072046E9
:1038500002D0FFF7C3FE04E000F0E0F8204600F0DD
:10386000A2F92777680716D5700714D521686FF07D
:1038700004000861022020772068806910F4407FEE
:10388000204602D0FFF7AAFE04E000F0C7F8204669
:1038900000F089F92777280715D5300713D5216857
:1038A0006FF008000861042020772068C069800755
:1038B000204602D0FFF792FE04E000F0AFF8204669
:1038C00000F071F92777E80616D5F00614D52168BF
:1038D0006FF010000861082020772068C06910F49C
:1038E000407F204602D0FFF779FE04E000F096F812
:1038F000204600F058F92777E80708D0F00706D0EF
:1039000021686FF001000861204600F0D7F9280611
:1039100001D4A80408D5300606D521686FF40250FA
:1039200008612046FFF76DFCE80508D5300606D58E
:1039300021686FF4807008612046FFF761FC68061B
:1039400008D5700606D521686FF040000861204652
:1039500000F0D3F9A80608D5B00606D521686FF0A7
:10396000200008612046FFF74DFCE80208D5F00270
:1039700006D521686FF4801008612046FFF799FC96
:10398000A80208D5B00206D521686FF400100861BE
:103990002046FFF78DFC680208D5700206D5216825
:1039A0006FF4800008612046FFF784FC28020AD5E6
:1039B000300208D521686FF4000008612046BDE898
:1039C000F041FFF7D5BCBDE8F081000010B586B02E
:1039D000044614216846FCF7C5FC0E49206888425D
:1039E00016D10D48C16C41F00101C164C06C0021C9
:1039F00000F0010005904FF4004000900220CDE956
:103A00000101CDE9031069464FF09040FEF784F9BB
:103A100006B010BD0034014000100240704770B580
:103A2000044690F83C0000260D4601280BD00120EA
:103A300084F83C000C2A4AD007DC82B1042A20D04A
:103A4000082A06D131E0022070BD102A53D0142A72
:103A500063D00126002084F83C00304670BD206809
:103A600001F0CAFD2068816941F008018161206888
:103A7000816921F004018161206881692A6911430B
:103A800011E0206801F00EFE2068816941F40061B8
:103A900081612068816921F4806181612068816988
:103AA0002A6941EA02218161D4E7206801F04AFED7
:103AB0002068C16941F00801C1612068C16921F035
:103AC0000401C1612068C1692A69114311E02068BD
:103AD00001F088FE2068C16941F40061C16120687D
:103AE000C16921F48061C1612068C1692A6941EA24
:103AF0000221C161AEE7206801F0C4FE2068016DBB
:103B000041F0080101652068016D21F004010165A3
:103B10002068016D2A69114311E0206801F0EEFE72
:103B20002068016D41F4006101652068016D21F498
:103B3000806101652068016D2A6941EA0221016501
:103B400088E710B5040003D094F83D0010B107E0F9
:103B5000012010BD002084F83C00204600F022F82F
:103B6000022084F83D00211D206801F0B1FC0120F5
:103B700084F8480084F83E0084F83F0084F8400050
:103B800084F8410084F8420084F8430084F844003B
:103B900084F8450084F8460084F8470084F83D0026
:103BA000002010BD7047704770B50446022269B10D
:103BB000042912D0082917D00C291CD0102921D093
:103BC00094F84300012824D0012070BD94F83E00F1
:103BD0000128F9D184F83E201DE094F83F00012827
:103BE000F2D184F83F2016E094F840000128EBD190
:103BF00084F840200FE094F841000128E4D184F8D3
:103C0000412008E094F842000128DDD184F84220E8
:103C100001E084F843200122206801F0CBFC1D491B
:103C200020681D4A1D4B1E4D88420BD0904209D082
:103C3000984207D01B4EB04204D01B4EB04201D078
:103C4000A84203D1466C46F4004646642068884288
:103C500011D0B0F1804F0ED0144988420BD01449D6
:103C6000884208D01349884205D0904203D0984238
:103C700001D0A84207D181680F4A1140062906D019
:103C8000B1F5803F03D0016841F0010101600020DF
:103C900070BD0000002C0140003401400040014094
:103CA0000050014000440140004801400004004031
:103CB00000080040000C00400700010000680349B4
:103CC000884201D1FEF790BC70470000002C0140F3
:103CD0000246002041B1042909D008290AD00C2944
:103CE00001D11068006C70471068406B7047106815
:103CF000806B70471068C06B7047704790F88410F5
:103D0000012918D0012180F884102421C0F88810DE
:103D100001680A680B6823F001030B6022F0005170
:103D200000224266036819602021C0F8881080F8DC
:103D30008420104670470220704770B5044690F802
:103D4000840001281DD0012084F884002420C4F8B8
:103D5000880020680568026822F00102026020687D
:103D6000826822F060620A438260204601F072FF9E
:103D7000206805602020C4F88800002084F88400B2
:103D800070BD022070BD70B5044690F88400012813
:103D90001DD0012084F884002420C4F88800206805
:103DA0000568026822F0010202602068826822F041
:103DB00060420A438260204601F04CFF20680560A3
:103DC0002020C4F88800002084F8840070BD022000
:103DD00070BD10B5040003D0D4F8880010B107E01E
:103DE000012010BD002084F88400204600F026F851
:103DF0002420C4F888002068016821F001010160D6
:103E0000A06A10B1204601F047FF204602F028F8D2
:103E10000128E6D02068416821F490414160206883
:103E2000816821F02A0181602068016841F0010168
:103E300001602046BDE8104001F092BF2DE9F0413D
:103E40009CB00446142115A8FCF78CFA542168464E
:103E5000FCF788FA34492068344C0226DFF8D08019
:103E600004270025884234D110200595009068462B
:103E7000FEF7DAFC08B1FDF7B3F8A06D40F480104E
:103E8000A065A06D00F480101A90E06C40F0040072
:103E9000E064E06C00F004001A90E06C40F0080070
:103EA000E064E06C052400F008001A904FF48050A4
:103EB000CDE91665CDE91854159015A94046FDF7D2
:103EC0002BFFCDE91665CDE91854159715A91948AA
:103ED00024E01949884223D1684600970395FEF7EC
:103EE000A3FC08B1FDF77CF8A06D40F48020A0652C
:103EF000A06D00F480201A90E06C40F00400E064B3
:103F0000E06CCDE9166500F004001A904FF44060B3
:103F100015900720CDE9185015A94046FDF7FCFE85
:103F20001CB0BDE8F08100000050004000100240CD
:103F300000080048000C0048004800402DE9F84304
:103F40000446D0F88800984616460D46202802D030
:103F50000220BDE8F883A5B19EB10020C4F890000E
:103F60002120C4F888001834FEF70CF8A687814693
:103F7000E68754F8100C2027183CB0F5805F02D07B
:103F800003E00120E5E7206910B12E46002510E08E
:103F900000260EE08021204602F0AEF8C0B9DEB166
:103FA00016F8010B21688862B4F85600401EA4F888
:103FB0005600B4F856004B464FF00002CDF8008092
:103FC0000028E7D14FF04001204602F095F840B1BB
:103FD000C4F888700320BCE735F8020BC0F3080072
:103FE000E0E7C4F888700020B3E7072930D2DFE8A3
:103FF00001F00A10161C222804000068D0F884136F
:1040000041F0010122E00068D0F8841341F0020180
:104010001CE00068D0F8841341F0040116E0006849
:10402000D0F8841341F0080110E00068D0F8841340
:1040300041F010010AE00068D0F8841341F020013B
:1040400004E00068D0F8841341F04001C0F8841304
:104050007047000070B503681A68D3F8A0534C6924
:1040600022F020022646144324F0C002202E2BD03A
:104070008C69022C28D0032C2BD0042C2ED022F0BB
:10408000E00200BF22F40064CA69224322F4806483
:104090000A6A224322F0C0644A6A224322F0006482
:1040A0008A6A2243CC6A22F0404242EA840222F029
:1040B00000544A6B096B224325F4803421431A6073
:1040C0000068C0F8A01370BD22F0C00242F02002C8
:1040D000D8E722F0800242F04002D3E722F040020B
:1040E00042F08002CEE7F0B50024E426056806EB36
:1040F000C11755F807C0B82606EBC116AE59402ABD
:1041000020D00EDC082A2CD006DC012A1AD0022A84
:1041100027D0042A31D115E0102A13D0202A2CD11F
:104120001FE0B2F5007F1CD005DC802A19D0B2F563
:10413000807F22D106E0B2F5806F03D0B2F5006F28
:104140001BD10EE04FF0BC0E0EEBC11E5A6845F8B5
:104150000E204FF0C00E05680EEBC1119A686A5030
:104160000BE0C42404EBC1145A682A51C825046822
:1041700005EBC1119A6862501024FE21A1401A6813
:104180002CEA010CA240D96842EA0C02A14011437A
:104190001A69D3F814C01546A2400A430CFA04FC6D
:1041A00099694CEA020CA14041EA0C01082D06D1A4
:1041B000B20504D4B20102D4DA69A2401143006806
:1041C000C151F0BD2DE9F04F8024036804EBC11705
:1041D000DC5924F07044DC510568EC59E82303EB0A
:1041E000C1139E4655F803C0E42303EBC1139B465D
:1041F00055F803A0D5F8A033566924F020043443C1
:10420000202E24D09669022E21D0032E24D0042EF5
:1042100027D024F4D07400BF24F40066D46934435A
:1042200024F48066146A344324F0C066546A34432C
:1042300024F00066946A344324F07046D46A344310
:10424000566B24F40034B6F1005F0FD010E024F474
:10425000C07444F02004DFE724F4807444F0800448
:10426000DAE724F0800444F48074D5E744F40034A1
:1042700024F04008946B2CF03F0C264644EA0804D6
:1042800024F48028946D44EA0804DFF8D08004EA1E
:104290000804D2F8508048EA040992F83C40D2F869
:1042A000408004F03F0444EA0C0424F0004448EA4F
:1042B0000408546C2AF4807C44EA0C04D2F848C008
:1042C000BCF5606F02D0BCF5F05F01D1402E03D188
:1042D00024F4F0544CEA040424F48046D46C3443AF
:1042E000566D062927D2DFE801F003090F151B21BF
:1042F000126B23F4003343EA42031CE0126B23F4F5
:10430000802343EA820316E0126B23F4002343EA7E
:10431000C20310E0126B23F4801343EA02130AE095
:10432000126B23F4001343EA421304E0126B23F4EC
:10433000800343EA821345F80790056845F80E802C
:10434000056845F80B40D424026804EBC1115650AF
:104350000068C0F8A033BDE8F08F0000FFFF06FE44
:10436000FEE700000148FEF738B90000B403002062
:1043700000EB8100006E00F0F84070478068C0F3E9
:10438000C00070478068C0F3800070478068C0F349
:1043900080007047C06810F4406F01D00020704763
:1043A00001207047042303EAD15310B51844436930
:1043B000C1F3045107248C40A3438A401343436153
:1043C00010BD00EB8100016E21F000411143016638
:1043D0007047000008B5AE480090FF24002301227A
:1043E0006421ACA004F032FADFF8B0924FF47A7690
:1043F0004D46C9F80400AA48009000230122314626
:10440000A8A004F023FAA860AA4800900023012283
:10441000C821A9A004F01AFAE860AA480090002375
:1044200001223146A8A004F011FA2861AA480090A0
:10443000002301223146A9A004F008FA686104F0C3
:1044400085F84FF0000A0246CDF800A0534601213E
:10445000686804F045FAA548006803F09DF9014634
:10446000A3A0FCF795FDA9A1ABA0FCF791FDAEA11F
:10447000B0A0FCF78DFDB34EDFF8CC824FF4FA7B91
:1044800003F0DAF9377898F8105003F0F5F9FCF7F3
:10449000B5FD0146ADA0FCF77BFD2946AFA0FCF7BA
:1044A00077FD2146B4A0FCF773FD3946B7A0FCF7B1
:1044B0006FFDAC4252D02C46062D4FD2DFE805F0FE
:1044C00003284F769BBE0023CDF800A055461A4620
:1044D00003214F46D9F80C0004F002FA002300959E
:1044E0001A460321386904F0FBF9002300951A46A7
:1044F0000321786904F0F4F9FCF78CFCFCF779FCF3
:1045000004F024F80246002300950121B868B9E0C0
:104510000023CDF800A055461A4603214F46D9F88E
:10452000080004F0DDF9002300951A460321F8681D
:1045300004F0D6F9002300951A460321386904F0E7
:10454000CFF9002300951A460321786904F0C8F9D1
:10455000FCF744FCFCF74DFCFCF762FC94E0002304
:10456000CDF800A055461A4603214F46D9F8080059
:1045700004F0B6F9002300951A460321F86804F008
:10458000AFF9002300951A460321386904F0A8F911
:10459000002300951A460321786904F0A1F9FCF77D
:1045A0001DFCFCF737FCFCF72AFC6DE00023CDF87E
:1045B00000A055461A4603214F46D9F8080004F0DA
:1045C0008FF9002300951A460321386904F088F911
:1045D000002300951A460321786904F081F9FCF75D
:1045E000FDFBFCF706FC03F0B1FF0246002300953B
:1045F0000121F86846E00023CDF800A055461A4690
:1046000003214F46D9F8080004F06AF90023009509
:104610001A460321F86804F063F9002300951A464E
:104620000321386904F05CF9FCF7D8FB03F08EFF36
:104630000246002300950121786923E00023CDF88C
:1046400000A055461A4603214F46D9F8080004F049
:1046500047F9002300951A460321F86804F040F951
:10466000002300951A460321786904F039F9FCF714
:10467000B5FBFCF7CFFB03F069FF02460095002372
:104680000121386904F02CF9584603F0ADF9F7E63A
:1046900065430008494F5F4C45440000FC00002082
:1046A0004D0A0008424C455F424C55455F4C45441D
:1046B00000000000D90D0008424C455F5245445FA0
:1046C0004C4544007D0A0008424C455F4752454531
:1046D0004E5F4C4544000000510A000847524545D2
:1046E0004E5F5245445F4C454400000008000020E6
:1046F0004C656450726F635461736B5F48616E64A4
:104700006C65723A256C642E0D0A00004A756C20A7
<<<<<<< HEAD
:1047100031362032303235005F444154455F2069E4
:10472000733A25730D0A000031353A35363A303781
=======
:1047100031382032303235005F444154455F2069E2
:10472000733A25730D0A000030393A30343A353186
>>>>>>> 7333de6952446f8274de7a0a72425d392f4c1a38
:10473000000000005F54494D455F2069733A2573BE
:104740000D0A00000000002020010020476574458C
:104750007272436E743A25642E0D0A0054587061CB
:1047600072616D657465722E6C65645F73746174DB
:104770003A25642E0D0A0000496E69745F6C656409
:104780005F737461743A25642E0D0A00675F747854
:104790005F73797374656D5F737461743A25642E09
:1047A0000D0A000030B58BB0002408940994202134
:1047B00068460A94FBF7D6FD1D484FF0A04104253A
:1047C00001604FF44031C0E90114C4600461C0E9E4
:1047D0000545047744770121016280F82440C462D2
:1047E000046380F83840C46380F84040FCF798FFC9
:1047F00008B1FCF7F5FB08A90D480894FCF7A6FCE6
:1048000008B1FCF7EDFB0B48009006200190072053
:1048100002907F200594CDE9030569460448FCF722
:1048200045FD002801D0FCF7DBFB0BB030BD0000DC
:10483000E00100200200300430B589B02021684634
:10484000FBF790FD19481849002401604FF44031EE
:10485000C0E90114C46004250461C0E9054504777A
:1048600044770121016280F82440C462046380F827
:104870003840C46380F84040FCF752FF08B1FCF7B1
:10488000AFFB0B4800900620CDE901047F20059482
:10489000CDE9030569460548FCF708FD002801D06D
:1048A000FCF79EFB09B030BD000100504C02002017
:1048B0000080F03E1CB505490120CDE90001002330
:1048C000322203A1054803F0DBFD1CBD04000020DB
:1048D00073746172745F7461736B000039760008E1
:1048E00070B586B014216846FBF73CFD2D48C16CBD
:1048F00041F00401C164C16C01F004010591C16C77
:1049000041F02001C164C16C01F020010591C16C2E
:1049100041F00101C164C16C01F001010591C16C5C
:1049200041F00201C164C16C01F002010591C16C4A
:1049300041F00801C164C06C012200F0080095023A
:104940004FF09046059029463046FDF716FB0022B1
:10495000E0213046FDF711FB00244FF44050CDE933
:104960000004694610480294FDF7D6F90095012528
:10497000CDE90254694630460195FDF7CDF9E020B6
:10498000CDE90005CDE9025469463046FDF7C4F98A
:104990001020CDE90004694604480294FDF7BCF9F3
:1049A00006B070BD00100240000400480008004836
:1049B0002DE9F043B5B000242E942F9430941C219F
:1049C00027A83194FBF7CEFC60216846FBF7CAFCB0
:1049D00032943394202118A83494FBF7C3FC1C2193
:1049E00020A8FBF7BFFC5E485C49C0E90014846066
:1049F000FDF75CFB08B1FCF7F3FA0C215848FDF712
:104A000024FB08B1FCF7ECFA0A215548FDF7C2FB7C
:104A100008B1FCF7E5FA02274FF004092097CDE929
:104A2000219401268020CDE92406239420A94C4816
:104A30002696FDF7ADFA08B1FCF7D2FADFF824812B
:104A400008252EAAB8F80000CDE92E04002144481C
:104A5000CDE93045FDF7E4FB08B1FCF7C1FA299434
:104A60002A9427AA00213E4827962D94FDF740FD61
:104A700008B1FCF7B5FA4AF6802200213848FDF764
:104A8000AAFB08B1FCF7ACFA009401940294CDE9BA
:104A900003460594069407944FF000600894CDE90E
:104AA0000940C012CDE90B404003CDE90D040F943D
:104AB0001094119412941494159416946A4600213B
:104AC00027481794FDF7CCFC08B1FCF789FAB8F831
:104AD000000032AB50383290012200212048FDF70F
:104AE000DCFB08B1FCF77CFA5020329032AB042298
:104AF00000211B48FDF7D1FB08B1FCF771FACDE9A5
:104B00001875CDE91A541C941D941E9418AB0122FB
:104B1000002113481F94FDF770FC08B1FCF760FA00
:104B20002020CDE91840CDE91A091C9518AB0222C6
:104B300000210B48FDF761FC08B1FCF751FA00F0C9
:104B400037FC03210648FDF773FC4FF4003104489D
:104B5000FDF73DFC35B0BDE8F08300000068014082
:104B6000B8020020020000200B4810B5094901607E
:104B70000421416040F6FF71C1604FF4FA71816019
:104B8000FDF7F8FC002803D0BDE81040FCF728BA78
:104B900010BD000000300040B403002010B58CB000
:104BA00000240594224804940694079408940A94D7
:104BB00009940094019402944FF0804103940160A1
:104BC000A921C0E901144FF6FF71C0E90314846103
:104BD000FEF7CFFB08B1FCF703FA4FF480500490C6
:104BE00004A91348FEF782FC08B1FCF7F9F9104854
:104BF000FEF7E8FD08B1FCF7F3F92020089008A9BA
:104C00000A940B48FEF758FB08B1FCF7E9F90120BC
:104C1000CDE9004002940422694605480394FEF75A
:104C20003FFD002801D0FCF7DBF90CB010BD0000FF
:104C3000C403002030B59BB0002419941A94179433
:104C40001894149415941C210DA81694FBF78AFB54
:104C500034216846FBF786FB2E482D4941F68F2507
:104C6000C0E90014C0E9024580210461C0E90541A2
:104C7000FEF77FFB08B1FCF7B3F94FF480501790B3
:104C800017A92448FEF732FC08B1FCF7A9F921481E
:104C9000FEF757FF08B1FCF7A3F91494159414A973
:104CA0001C481694FEF708FB08B1FCF799F9602040
:104CB000CDE90E540D9010941194129400220DA978
:104CC00014481394FEF7ABFE08B1FCF789F9009481
:104CD0004FF40050CDE9044003940003CDE90840AF
:104CE00001940294069407940A940B946946094827
:104CF0000C94FEF789FA08B1FCF772F90548FEF743
:104D000065FE00210348FEF74FFF1BB030BD0000D9
:104D10000034014010040020184810B51649016005
:104D20004FF416514160002181600C22C160C0E93E
:104D300004128161C161016241628162FFF749F839
:104D400008B1FCF74DF900210C48FFF71CF808B139
:104D5000FCF746F900210948FEF7EFFF08B1FCF720
:104D60003FF90648FEF7CAFF002803D0BDE810400F
:104D7000FCF736B910BD0000005000405C04002074
:104D8000184810B5164901604FF4E1314160002127
:104D900081600C22C160C0E904128161C1610162BD
:104DA00041628162FFF715F808B1FCF719F900219B
:104DB0000C48FEF7E8FF08B1FCF712F9002109489A
:104DC000FEF7BBFF08B1FCF70BF90648FEF796FFAC
:104DD000002803D0BDE81040FCF702B910BD000068
:104DE00000480040F0040020FEE7FEE71FB50FA1D9
:104DF0000522D1E90001CDE9020102A9302000F02D
:104E0000FDF805226946102000F068F80020694688
:104E10000A5CA52A03D1401CC0B20528F8D3052896
:104E200002D0012004B010BD0020FBE7A5A5A5A578
:104E3000A500000070B51B4886B0C16C41F00201AE
:104E4000C164C06C4FF4005500F0020005900120D1
:104E50000024CDE90050CDE90204134E69463046E6
:104E6000FCF75AFF012229463046FDF786F810204C
:104E7000CDE9000402940D4C69462046FCF74CFF36
:104E8000012220212046FDF778F8002229463046ED
:104E9000FDF773F8012251022046FDF76EF806B0C7
:104EA00070BD0000001002400008004800040048E7
:104EB00010B500224FF400510648FDF75EF80122BC
:104EC00051020548FDF759F8BDE810400A20FCF7EB
:104ED00011BF000000080048000400482DE9F04719
:104EE000DFF8409015460F4604464FF40078002244
:104EF00041464846FDF741F8204601F031FE06469E
:104F0000002405E0FF2001F02BFE3855641CE4B2BC
:104F1000AC42F7D3012241464846FDF72EF8304611
:104F2000BDE8F0870004004870B50B4E04464FF40E
:104F30000075002229463046FDF71FF8204601F093
:104F40000FFEFF2001F00CFE0446012229463046E8
:104F5000FDF713F8204670BD0004004870B5054603
:104F60000720FFF7E1FF04460146272000F06CF818
:104F700060060AD50A2229466120FFF7AFFFFF210C
:104F8000E22000F061F8002070BD012070BD00003B
:104F900070B5184E04464FF400550022294630469D
:104FA000FCF7EBFF0A222146A02000F027F801229F
:104FB00029463046FCF7E1FF0F4C10212046FCF754
:104FC000CFFF0028F9D10720FFF7AEFF04460146C6
:104FD000272000F039F8E00605D5FF21E12000F098
:104FE00033F8102070BDA00601D5202070BDFF2031
:104FF00070BD000000080048000400482DE9F0479B
:10500000DFF8409015460F4604464FF40078002222
:1050100041464846FCF7B1FF204601F0A1FD064697
:10502000002404E0385D01F09BFD641CE4B2AC4256
:10503000F8D3012241464846FCF79FFF3046BDE8C1
:10504000F0870000000400482DE9F0410C4E0F46A7
:1050500004464FF40075002229463046FCF78DFFC8
:10506000204601F07DFD0446384601F079FD01221D
:1050700029463046FCF781FF2046BDE8F08100005C
:105080000004004810B50446002002460AE0A35C74
:1050900003EB001010F0704302D080EA1360584018
:1050A000521CD2B28A42F2D310BD000008B53C486F
:1050B000002300901A4647F230513AA003F0C6FB95
:1050C000DFF8F49000234C46C9F81C003B480090E0
:1050D0001A4641F288313AA003F0B8FB20626420FE
:1050E00002F082FC14213A48FBF7D2FF40F6E4417B
:1050F0004843000B00EB40004008E060354E364C62
:10510000364D4CF24F374FF0030800BF00F0ECFC77
:10511000FBF764FC21688819B84236D8DFF8C0A0D4
:105120004FF480515046FCF71BFF83464FF400516B
:105130005046FCF715FF0246BBF1010F01D1012AD1
:1051400008D00B20E07485F80080594625A0FBF7B5
:105150001FFF21E0E068A0F54071E73904D028483E
:105160000078012805D006E01620E07485F800805C
:1051700012E000F055F8FBF7C3FE99F8050058B1AE
:105180001120E0740420287006E085F800800A20D1
:10519000E0741CA0FBF7FCFE642002F025FCB5E7E0
:1051A000595B000854656D70657261747572652095
:1051B00054696D654F757400D4000020D50F000848
:1051C0004572726F72205374617475730000000031
:1051D00004006008BF81FAFF2001002000000020C9
:1051E000000400485F7265616479312025642C5F9A
:1051F0006661756C7431202025640D0A0000000082
:10520000BF0000205458706172616D657465722E24
:1052100054785F555F504643A3BA2564200D0A00B9
:10522000F8B510212448FCF79BFE244F244E254C52
:10523000012170B100252448257061700078C0B14B
:105240000A206072A078617A884214D2401CA07053
:10525000F8BD2170A1706078052802D2401C6070F2
:10526000F8BD38780028FBD1307D0028F8D13175A1
:10527000F8BD0320E5E7FBF7DFFD14480570757402
:10528000FBF778FE3D70E06903F05EFB30B1002370
:1052900000951A460321E06903F022FB206A03F01F
:1052A00053FB0028E4D0002300951A460321206A0E
:1052B00003F016FBF8BD00000008004800000020C5
:1052C00020010020D4000020C000002001000020A8
:1052D00070B51749174D4FF400540870002221464D
:1052E0002846FCF74AFE052211492A20FFF786FED0
:1052F00001212120FFF7A8FE01212220FFF7A4FEB3
:1053000028212520FFF7A0FE0A213120FFF79CFE6F
:1053100008212620FFF798FE0F212020FFF794FE9A
:1053200021462846BDE870400122FCF726BE000059
:10533000140100200008004804490020086048606B
:105340008860C8600249487488747047440100202E
:105350002001002000B587B0FFF72AFB1248C16C7E
:1053600041F00101C164C06C142100F001000590FE
:105370006846FAF7F7FF00210C48FCF748FE4FF4A7
:10538000FA70FCF7B7FC4FF44070009002200190D7
:105390000290002003900D20049069464FF0904049
:1053A000FCF7BAFC07B000BD00100240B8020020B4
:1053B00030B587B014216846FAF7D4FF1748C16C9E
:1053C00041F00101C164C06C4FF4407400F0010071
:1053D00005900120CDE900400020029003204FF00D
:1053E0009045039069462846FCF796FC002221462A
:1053F0002846FCF7C2FD0A4844F694310268C2F818
:105400009C1000685021C0F8A81001210448FCF746
:10541000FEFD6420FCF76EFC07B030BD00100240BA
:10542000B802002010B54FF0E020006903F080F8CA
:10543000012803D0BDE8104002F0C6BC10BD10B575
:1054400094B038216846FAF78DFF14210EA8FAF7B8
:1054500089FF0020FDF782F9092000904FF4803089
:1054600001900120059002200324CDE90704552175
:10547000CDE90A100C900D9009946846FDF7BEFC2A
:1054800008B172B6FEE70F20CDE90E04002010909F
:105490001190129004210EA8FDF746FB002801D0C0
:1054A00072B6FEE714B010BD0248016841F4700105
:1054B0000160704788ED00E00148FEF7B5B90000D3
:1054C000840500200148FEF7AFB90000C4030020A6
:1054D0002DE9F04F02682E4B2E4E2F4FDFF8BCC047
:1054E0002F4C304D4FF0804B98420BD0584509D08F
:1054F000B04207D0B84205D0604503D0A04201D0E9
:10550000A84204D122F070084A6842EA0802DFF893
:105510009880DFF89890DFF898A0984211D058450D
:105520000FD0B0420DD0B8420BD0604509D0A04298
:1055300007D0404505D0484503D0504501D0A8428A
:1055400003D122F44076CA6832434E6922F08002C9
:10555000324302608A68C2620A688262984209D055
:10556000A04207D0404505D0484503D0504501D062
:10557000A84201D109690163012141610169C9079B
:1055800003D0016921F001010161BDE8F08F000045
:10559000002C01400004004000080040000C0040C6
:1055A00000340140005001400040014000440140EF
:1055B0000048014010B501F01F030121046A994021
:1055C0008C430462016A9A401143016210BD10B518
:1055D000846842EA032224F47F440A43224382601F
:1055E00010BD00008268034B1A400A4342F00701D5
:1055F000816070478FFFCFFF2DE9F047056A026A8F
:1056000022F001020262436882691F4C25F0020504
:1056100022400C6822F0030214438A681C4E2A437D
:105620001A4D1C4FDFF870C0DFF87090DFF870A0E3
:10563000A84209D0B04207D0B84205D0604503D097
:10564000484501D0504506D122F00808CA6842EA10
:10565000080222F00402A84209D0B04207D0B842A2
:1056600005D0604503D0484501D0504505D14D696E
:1056700023F440731D438B692B4343608461496865
:1056800041630262BDE8F0878FFFFEFF002C0140FE
:105690000034014000400140004401400048014006
:1056A00000500140F0B5056A026A22F01002026261
:1056B000426883691C4C1E4E23400C6823F44073DF
:1056C00043EA042425F020038D681A4F43EA0513AA
:1056D000164DA84203D0B04201D0B84207D1D1F84C
:1056E0000CC023F0800343EA0C1323F04003A842CC
:1056F0000CD0B0420AD0104DA84207D00F4DA8429E
:1057000004D00F4DA84201D0B84207D14D6922F410
:10571000406242EA85028D6942EA85024260846104
:10572000496881630362F0BDFF8FFFFE002C0140DA
:10573000003401400050014000400140004401405D
:1057400000480140F0B5056A026A22F480720262E4
:105750004368C2691C4C1E4E22400C6822F00302B2
:10576000144325F400728D681A4F42EA0522174D42
:10577000A84203D0B04201D0B84207D1D1F80CC042
:1057800022F4006242EA0C2222F48062A8420CD089
:10579000B0420AD0104DA84207D0104DA84204D004
:1057A0000F4DA84201D0B84207D14D6923F44053B0
:1057B00043EA05138D6943EA05134360C4614968F0
:1057C000C1630262F0BD00008FFFFEFF002C0140AC
:1057D00000340140005001400040014000440140BD
:1057E00000480140F0B5056A026A22F48052026264
:1057F0004268C3691C4C1E4E23400C6823F440735E
:1058000043EA042425F400538D681A4F43EA053314
:10581000164DA84203D0B04201D0B84207D1D1F80A
:105820000CC023F4004343EA0C3323F48043A84222
:105830000CD0B0420AD0104DA84207D00F4DA8425C
:1058400004D00F4DA84201D0B84207D14D6922F4CF
:10585000404242EA85128D6942EA85124260C46183
:10586000496801640362F0BDFF8FFFFE002C014018
:10587000003401400050014000400140004401401C
:105880000048014030B5056A026A22F480320262A3
:105890004268036D124C23400C681C4325F400330E
:1058A0000D8943EA05430F4DA8420ED00E4DA84284
:1058B0000BD00E4DA84208D00D4DA84205D00D4D7D
:1058C000A84202D00C4DA84204D14D6922F4803286
:1058D00042EA05224260046549688164036230BD82
:1058E0008FFFFEFF002C01400034014000400140CA
:1058F00000440140004801400050014030B5046AB6
:10590000026A22F4801202624268036D134D24F48D
:1059100000142B400D6843EA05230D8944EA055421
:105920000F4DA8420ED00F4DA8420BD00E4DA842ED
:1059300008D00E4DA84205D00D4DA84202D00D4D05
:10594000A84204D14D6922F4802242EA85224260B5
:1059500003654968C164046230BD0000FF8FFFFE2B
:10596000002C01400034014000400140004401404F
:10597000004801400050014010B5036A046A24F059
:1059800001040462846924F0F00444EA021423F060
:105990000A020A438461026210BD000070B5056A04
:1059A000046A24F0010404628469154EB04214D0E4
:1059B000B0F1804F11D0134EB0420ED0124EB04213
:1059C0000BD0124EB04208D0114EB04205D0114E4D
:1059D000B04202D0104EB04203D124F0030414436D
:1059E00001E044F001041A0724F0F00444EA1262D2
:1059F00025F00A0301F00A0119438261016270BDBA
:105A0000002C01400004004000080040000C004051
:105A100000340140004001400050014010B5036ACD
:105A2000046A24F010040462846923F0A00324F4BF
:105A3000704444EA023243EA01118261016210BDFE
:105A400030B5046A056A25F010050562856925F4FC
:105A5000407545EA022222F470454FF6FF7202EAD1
:105A6000033224F0A0032A43A02404EA01111943BD
:105A70008261016230BD000070B51949194D4FF4C3
:105A800000540870002221462846FCF776FA0522C9
:105A900013493020FFF7B2FA052211492A20FFF7F7
:105AA000ADFA01212120FFF7CFFA01212220FFF7D3
:105AB000CBFA1A212420FFF7C7FA28212520FFF767
:105AC000C3FA08212620FFF7BFFA0E212020FFF796
:105AD000BBFA21462846BDE870400122FCF74DBACA
:105AE000140100200008004810B514211348FBF7EA
:105AF000CFFAFAF723FD9FED121B53EC112BFAF7A7
:105B00003CFC9FED111B53EC112BFAF736FCFAF716
:105B100022FD00EE900AB1EE040A9FED0D1A30EE60
:105B2000600A20EE011A81EE200AFBF797F9BDEE1C
:105B3000C00A084880ED030A10BD00008000501D17
:105B40006666666666660A40000000000000303F38
:105B500000007A44200100200149002008707047AD
:105B600000000020F8B5364C0025364EE17C0528B3
:105B70001CD2DFE800F0034B1C2052000B2912D18D
:105B80000A2001F031FF304F4FF480660022314689
:105B90003846FCF7F2F9642001F026FF0122314675
:105BA0003846FCF7EAF92574FF20E074F8BD274871
:105BB0000570022011E0306802F0C6FE30B100230B
:105BC00000951A460321306802F08AFEFBF734F98B
:105BD000FBF714FA032802D303202074F8BD1C4EEF
:105BE000306802F0B1FE0028F8D1FAF721FFFBF788
:105BF00005FA0328F2D202F0A9FC02460095002320
:105C00000121306802F06CFE2574F8BD01200029E6
:105C1000E3D00129E1D10520DFE7FBF70DF90420EE
:105C20002074306802F090FE0028EED102F08EFC65
:105C30000246009500230121306802F051FEF8BDB4
:105C400020010020F000002000080048D0000020C3
:105C5000F400002030B5416EB9B1026891689268D5
:105C6000C1F342610B4B520F9C5CE50003F1080449
:105C7000A25CB5FBF2F2A0F86A205A5C615CD2002B
:105C8000B2FBF1F1A0F8681030BD0121A0F86A1054
:105C9000F8E700009089000890F82810090706D559
:105CA00001684A68836B22F400421A434A6090F804
:105CB0002810C90706D001684A68C36A22F4003276
:105CC0001A434A6090F82810890706D501684A6887
:105CD000036B22F480321A434A6090F82810490777
:105CE00006D501684A68436B22F480221A434A6051
:105CF00090F82810C90606D501688A68C36B22F49B
:105D000080521A438A6090F82810890606D50168E7
:105D10008A68036C22F400521A438A6090F82810B3
:105D2000490611D501684A68436C22F480121A436F
:105D30004A60416CB1F5801F06D101684A68836CE6
:105D400022F4C0021A434A6090F82810090606D5CA
:105D500001684A68C06C22F4002202434A6070471E
:105D60002DE9F84300260446C0F89060FCF70AF9D4
:105D70008046206800684FF0200500076FF07E47DE
:105D800013D54346002229042046009700F0B4F9B9
:105D900058B1216851E8000F20F0800041E800026E
:105DA000002AF6D1C4F8885021E020680068400736
:105DB00022D5434600224FF480012046009700F090
:105DC0009BF9C8B1216851E8000F20F4907041E8B8
:105DD0000002002AF6D12068083050E8001F21F0A8
:105DE000010140E80012002AF5D1C4F88C5084F873
:105DF00084600320BDE8F883C4F88850C4F88C5050
:105E000044F86C6F666026760020F3E710B50268F0
:105E100052E8001F21F4907142E80013002BF6D1E4
:105E20000E4B0268083252E8001F194042E8001485
:105E3000002CF6D1C16E012908D1016851E8002F6C
:105E400022F0100241E80023002BF6D12021C0F8F7
:105E50008C100021C166416710BD0000FEFFFFEFFE
:105E60002DE9F0410446016880682269E369104326
:105E7000626900251A431043DFF84CC20A68934B4D
:105E80001A4002430A6020684168E26821F44051E8
:105E9000114341602168A069614501D0226A104325
:105EA0008A688B4B1A4002438A602068C16A626A22
:105EB00021F00F011143C1628649236886488B4255
:105EC0000DD1D0F8880010F0030006D0012867D06B
:105ED000022854D0032851D164E001204FE07F49CB
:105EE0008B420BD1D0F8880010F00C0047D004286A
:105EF00045D0082852D00C2840D153E078498B4235
:105F00000BD1D0F8880010F0300038D0102847D0DE
:105F1000202843D0302831D144E072498B420BD144
:105F2000D0F8880010F0C00029D0402838D0802850
:105F300034D0C02822D135E06B498B420ED1D0F845
:105F4000880010F440701AD0B0F5807F28D0B0F5EA
:105F5000007F23D0B0F5407F10D123E063450DD101
:105F6000D0F8880010F4406009D0B0F5806F17D0E9
:105F7000B0F5006F12D0B0F5406F13D010205B4A1F
:105F80005B4F00264FF40041634539D160B10228D0
:105F90000DD004280DD0082831D10EE00220EEE704
:105FA0000420ECE70820EAE7FCF7CCFE03E011460A
:105FB00003E0FCF7EBFE01007BD0606A37F81020AD
:105FC0006768B1FBF2F007EB4703834269D8B0EB97
:105FD000073F66D8002308461946FAF779F90902FF
:105FE00041EA106102027808101871413A46002314
:105FF000FAF76EF93F4AA0F54071914257D950E047
:10600000E3694FF6EF788B422BD1092849D2DFE8BC
:1060100000F005080D48254848480E00FCF792FEA0
:1060200001E0FCF7A1FE010001D142E01146606AE7
:1060300037F81000B1FBF0F04100606801EB50014F
:10604000B1FBF0F1A1F1100040452AD84FF6F072F3
:1060500001EA0200C1F34201084328E0FCF796FE82
:10606000E1E709281DD2DFE800F005080D1C1E1C21
:106070001C1C0E00FCF766FE01E0FCF775FE01003B
:1060800001D116E01146606A37F81000B1FBF0F15B
:10609000606801EB5001B1FBF0F0A0F11001414547
:1060A00004D9012505E0FCF771FEE8E780B221681C
:1060B000C8600120A4F86A0024F8680F2846E6604A
:1060C0002661BDE8F081000000800040F369FFCF49
:1060D000FFF4FF110038014000100240004400406E
:1060E00000480040004C0040005000400024F400F4
:1060F00078890008FFFC0F002DE9F0479946174604
:106100000D4604464FF00008089E33E0701C31D065
:10611000FBF738FFA0EB0900B04218D8BEB12068E9
:106120000168490726D5802D24D0402D22D0C16991
:10613000C94309070DD4082505622046FFF766FE0E
:10614000C4F8905084F884800120BDE8F0870320D3
:10615000FBE7C069C04300050CD421684FF4006020
:1061600008622046FFF752FE2020C4F8900084F811
:106170008480ECE72068C06935EA000004D0002084
:10618000B842C3D00020E0E70120F9E7FEE70000B5
:106190000FB4054B10B503A9044A029800F000F9AA
:1061A00010BC5DF814FB0000E96B00081C01002026
:1061B0007CB5044600201D46164600290BD0491E1A
:1061C000CDE90041044B6A462946304600F0E8F824
:1061D000009A002111707CBDCF6A00080907090EE2
:1061E000002804DB00F1E02080F80014704700F084
:1061F0000F0000F1E02080F8141D704702E008C88D
:10620000121F08C1002AFAD170477047002001E030
:1062100001C1121F002AFBD1704700002DE9FF5F6A
:1062200082B00021DDE90430020DDDF840B0034307
:1062300018D044F61050A2F2FF32424315141198C0
:1062400001281FD0A5EB0B00401C5FEA000A4FF0AD
:1062500000064E4FDFF83891B046504615D5CAF1CA
:10626000000413E0119801244AA3012801D16FEA28
:106270000B010298119AC0E90031C0E9024206B050
:10628000BDE8F09FCBF10000DFE704460021404A63
:10629000491842EB0450CDE9001012E0E00707D0A6
:1062A00032463B4640464946FAF767F880468946FB
:1062B00032463B4610461946FAF75FF806460F4647
:1062C0006410002CEAD1DDE90401DDE90023BAF114
:1062D000000F06DAFAF751F842464B46FAF74DF846
:1062E00005E0FAF7BCF842464B46FAF7B8F8044620
:1062F0000E460022284BFAF7D3FA03D84FF0FF30AE
:10630000014607E00022254B20463146FAF708FAFD
:10631000FAF7ADFA102409E0002C0ADB0A22002368
:10632000F9F7D6FF039B30321A55641E50EA01027A
:10633000F2D1641C039AC4F111031444119A012A86
:1063400003D0012208430DD10AE0084304D0002005
:106350004FF0110B119072E7A3EB0B056D1E0DE0D2
:106360005B4504DD4FF0000205F1010504E003DAAE
:106370004FF00002A5F10105002AECD00298119916
:10638000C0E90231C0E9004579E70000000014408F
:106390000000F03F300000000000F0430000E03F4C
:1063A0002DE9FF4F95B09B468946064600250FE232
:1063B000252877D100242746F84A0121059400E0DA
:1063C000044316F8013F203B01FA03F01042F7D1D5
:1063D00030782A2811D06FF02F033078A0F13002E6
:1063E000092A16D8059A44F0020402EB820203EB54
:1063F00042021044761C0590EFE759F8042B0592F1
:10640000002A03DA504244F40054059044F0020498
:10641000761C30782E2816D116F8010F44F00404AB
:106420002A280DD06FF02F023078A0F13003092B0D
:1064300009D807EB870302EB4303C718761CF3E781
:1064400059F8047B761C30786C280FD006DC4C2879
:1064500017D068280DD06A2814D104E0742810D011
:106460007A280FD10DE044F400140AE044F48014BB
:1064700001E044F440147278824202D104F58014A1
:10648000761C761C307866280BD013DC582877D021
:1064900009DC002875D04528F6D04628F4D04728D6
:1064A0001AD19DE118E0632835D0642879D0652899
:1064B00012D195E1702873D008DC6728F1D06928E3
:1064C0006FD06E280DD06F2806D1B5E073282CD080
:1064D000752875D0782874D05A46179990476D1C46
:1064E00075E1C4F30250022809D003280DD0D9F871
:1064F000001004280DD00D6009F1040967E1D9F8F6
:106500000010EA17C1E90052F6E7D9F800100D8033
:10651000F2E70D70F0E719F8041B8DF80010002069
:106520008DF80100EA46012003E059F804AB4FF072
:10653000FF3061074FF0000102D40DE008F10101C6
:106540008846B9420FDA8045F8DB1AF808100029AE
:10655000F4D108E008F1010188468142FADB1AF81B
:1065600008100029F6D105985B46A0EB08072146E4
:106570003846179A00F094FA284400EB080507E023
:106580004DE029E10DE01AF8010B5A4617999047A2
:10659000B8F10108F7D25B4621463846179A13E155
:1065A00042E00A220092C4F302524FF0000A022A8B
:1065B00008D059F804CB032A4FEAEC710AD00DE059
:1065C00029E02AE009F1070121F00702F2E802C1FF
:1065D000914609E00FFA8CFC4FEAEC71042A03D1D2
:1065E0004FFA8CFC4FEAEC71002907DA0A460021C9
:1065F000DCF1000C61EB02012D2202E0220504D542
:106600002B228DF80420012203E0E20701D0202292
:10661000F7E7904659E00A2102E010220DE0102130
:106620004FF0000A00910BE010224FF0000A44F0F6
:1066300004040827009203E008224FF0000A0092A9
:10664000C4F30252022A05D059F804CB0021032AD0
:1066500008D009E009F1070121F00702F2E802C1C0
:10666000914605E01FFA8CFC042A01D10CF0FF0CC6
:106670004FF00008220728D5702806D0009B83F031
:10668000100353EA0A0305D00EE040228DF80420DF
:10669000012208E05CEA010206D030228DF80420D5
:1066A0008DF8050002229046009B83F0080353EA10
:1066B0000A030AD15CEA010201D1620705D5302242
:1066C0008DF804204FF001087F1E582804D034A014
:1066D00003900EA802900DE036A0F9E753466046FD
:1066E000009AF9F7F5FD84460398825C0298401EF3
:1066F000029002705CEA0100F0D1029806A9081A23
:1067000000F1200A600702D524F4803400E001275C
:10671000574502DDA7EB0A0000E0002000EB0A016C
:10672000009005984144401A0590E00306D45B466A
:106730002146179A059800F0B3F90544002706E0B2
:1067400001A85A46C05D179990476D1C7F1C4745AC
:10675000F6DBE0030CD55B462146179A059800F05E
:106760009FF9054404E030205A46179990476D1C64
:106770000099481E00900029F5DC08E00298029973
:106780005A460078491C0291179990476D1CBAF13E
:106790000001AAF1010AF1DC65E10000092801000D
:1067A0003031323334353637383961626364656687
:1067B0000000000030313233343536373839414249
:1067C000434445460000000000F058F90544761C9B
:1067D000307800287FF4ECAD19B02846BDE8F08F82
:1067E000620700D4062709F1070222F0070CFCE833
:1067F0000223E14603F000485FEA080C02D00FF2E2
:10680000702C0DE05FEA045C02D50FF2682C07E003
:106810005FEAC47C02D00FF2602C01E0AFF2700C92
:106820004FF0FF3823F00043CDF850C065280CD05E
:1068300006DC452809D046281DD047283DD13DE03B
:10684000662818D067287ED138E00021112F01DB9F
:10685000112000E0781CCDE9000106A90EA8FFF781
:10686000DDFCDDE90F010E9A03910021009207F192
:10687000010A04914DE04FF000400097CDE901106E
:1068800006A90EA8FFF7CAFCDDE90F0203920E9BD2
:1068900011990022DDF80CA00093049211B9791C23
:1068A00000EB010AB7EB0A0004D4C0F1FF3007F196
:1068B000010A0490AAEB0700019044E0012F00DADE
:1068C00001270021112F01DD112000E03846CDE91C
:1068D000000106A90EA8FFF7A1FCDDE90F010E9A41
:1068E0000391002104910092BA4621070CD4039928
:1068F000514500DA8A46BAF1010F05DD009AAAF186
:106900000101515C302908D0B84202DA10F1040FBD
:1069100006DA0121CDE9011015E0AAF10101E9E74C
:10692000002805DC049901440491AAEB000102E06F
:10693000411C514500DD8A460499401A401C0190D3
:106940004FF000400290200704D40198504501DB2D
:10695000CDF8048000208DF84F0002980DF14F070C
:10696000B0F1004F25D02B200E9002984FF0020876
:1069700000280CDA404202902D200E9007E00A21F8
:106980000298F9F704FE3031029007F8011DB8F1C2
:106990000001A8F10108F2DC02980028EFD1791E6D
:1069A0000E980870307800F0200040F0450007F89D
:1069B000020D12A8C01B00F107081498007800B15E
:1069C000012000EB0A01019801EBE07105984144B8
:1069D000401A401E0590E00306D45B462146179AF4
:1069E000059800F05DF805441498007818B15A46EF
:1069F000179990476D1CE00324D55B462146179AF2
:106A0000059800F04DF805441CE00498002807DBC9
:106A1000DDE90301884203DD0098405C179901E03D
:106A2000179930205A469047049805F10105401CFB
:106A300004900198401E019004D12E205A461799C7
:106A400090476D1CBAF10001AAF1010ADDDC05E0F6
:106A500017F8010B5A46179990476D1CB8F10001C1
:106A6000A8F10108F4DC5B462146179A0598ABE6CD
:106A70002D0000002B000000200000002DE9F04157
:106A8000044600251E461746880404D405E039460E
:106A90002020B0476D1C641EF9D52846BDE8F08162
:106AA0002DE9F041044600251E469046C80301D555
:106AB000302700E02027880404D505E04146384609
:106AC000B0476D1C641EF9D52846BDE8F0814A68C0
:106AD000002A06D00A68531C0B6010704868401EDC
:106AE0004860704730B587B014216846F9F73AFC22
:106AF0001948C16C41F00201C164C06C174D00F02F
:106B000002000590002280212846FBF736FA012278
:106B100040212846FBF731FA012251022846FBF7B3
:106B20002CFA012100244FF43070CDE90214CDE994
:106B3000000169462846FBF7EFF82020CDE9000464
:106B4000694628460294FBF7E7F8012220212846EF
:106B5000FBF713FA07B030BD0010024000040048F4
:106B60002DE9F04100251F4F06462C462A4680217C
:106B70003846FBF702FA300601D5012200E0002278
:106B800040213846FBF7F9F97006060E01228021F4
:106B90003846FBF7F2F900BF00BF00BF00BF00BFDF
:106BA00000BF00BF00BF6006040E20213846FBF77F
:106BB000D7F9012801D144F0010400228021384690
:106BC000FBF7DBF900BF00BF00BF00BF00BF00BF85
:106BD00000BF00BF6D1CEDB2082DCCD32046BDE830
:106BE000F08100000004004813B54FF6FF73012246
:106BF00069460248FDF7A2F900981CBD5C0400201C
:106C000010B5FBF7F9FCFEF71AFCFDF769FEFDF77E
:106C1000C9FDFDF711FEFEF70DF8FDF7BFFFFEF70A
:106C2000AFF8FEF779F8FDF79FFFFFF75BFFFEF780
:106C300001F900F007F8FDF73DFE00F015F800201F
:106C400010BD0000EFF3058010B16FF00500704734
:106C50000448016811B14FF0FF3070470121016015
:106C6000002070478C00002010B5EFF3058010B1B4
:106C70006FF0050010BD08480168012902D04FF0EF
:106C8000FF3010BD054A002182F8141D0221016069
:106C900000F0A2FF002010BD8C0000200BE000E0FF
:106CA0003EB5134C2079012820D10821114800F06D
:106CB00049FD104960810A8953BA0F4A834208D1BD
:106CC000888840BA5060C88840BA1060488840BA86
:106CD000D0600A4BD2E90010DB7C8DE80B0008483D
:106CE000D368217902880748FAF752F93EBD0000BF
:106CF000BC000020B0320020440100202001002010
:106D000002000020548C00082DE9F041134C0F467E
:106D10000546E6682068001D00F02AFD681C07D1C2
:106D200037B12168BDE8F0410D48091D00F078BD7C
:106D300020683544B5424560216805D2A06BBDE8A6
:106D4000F041091D00F054BD606B091D00F050FDBD
:106D5000A06A854200D2A562BDE8F0813C00002017
:106D6000C00A00202DE9F041054600F065FD2D4CDC
:106D7000A068401CA06020682B4F10B1606930B340
:106D80002BE02560A068012827D1002606EB8600AD
:106D900007EB800000F01EFD761C382EF6D323484A
:106DA00000F018FD2148143000F014FD1F48283071
:106DB00000F010FD1D483C3000F00CFD1B48503029
:106DC00000F008FD194860631430A06305E02068F6
:106DD000E96AC06A884200D82560606A401C606227
:106DE0006864E86A2169884200D9206100EB80006C
:106DF00007EB8000291D00F013FD00F03DFD6069E8
:106E000000280CD02068E96AC06A884207D2084985
:106E10004FF080500860BFF34F8FBFF36F8FBDE816
:106E2000F08100003C00002010060020700A0020C5
:106E300004ED00E038B500F0FFFC104C2068C8B944
:106E40000F4800F0C7FC0E48143000F0C3FC0C489B
:106E5000E060143020610A4B0020F03B009003F109
:106E6000500210210A2000F0F1FF206010B105A1AE
:106E700000F084FDBDE8384000F0FEBC7800002042
:106E8000C40B0020546D72510000000030B4026C3D
:106E90000B46002A0BD0C1681144C1608468A1422E
:106EA00001D30168C16030BC1846F9F742BA30BC62
:106EB00070472DE9F041856B174604460026026CA9
:106EC00082B1C7B1E068F9F734FAE168206C091AB9
:106ED000E1602268914202D2A168081AE060022FA4
:106EE00016D017E02068A8B9A06801F099FB064603
:106EF0000020A0600EE06068F9F71BFA216C606862
:106F000008446060A168884204D32068606001E0A2
:106F100005B16D1E6D1CA5633046BDE8F08110B54E
:106F2000044690F8590058B101280CD002280FD01F
:106F3000502080F31188BFF34F8FBFF36F8FFEE7B0
:106F4000206B00F0ADFC2046BDE8104000F0A8BC6E
:106F500010BD000010484FF40051420706D0C01D7C
:106F60000D4920F00700411AC1F500510B4A0023DA
:106F70000144C2E900030839183A21F00701116001
:106F80004B600B600B1AC0E9001393604FF0004098
:106F90005360506170470000A4120020A800002038
:106FA000144E154CA6F29C474FF08058DFF84C90D9
:106FB00012E000BF00F040FCF068C568281D00F03A
:106FC000D7FBA068401EA0606068401E606000F0B3
:106FD00053FC2846FFF7A3FF60680028EAD1386811
:106FE0000128F9D9C9F80080BFF34F8FBFF36F8F25
:106FF000F2E70000AC0A00203C00002004ED00E0B5
:10700000002807D00021816001600B460A46C1605C
:1070100000F094BF7047000070B51D46049C51B14C
:10702000C4F80020C4E90F010121204600F042FF0E
:1070300084F84C5070BD2460F4E700002DE9F05F47
:107040008846DDE90B941546834691009A460A9ED0
:10705000A522206BF9F77FF96FF00301206B01EB9C
:107060008501084420F00707780707D0502080F3F7
:107070001188BFF34F8FBFF36F8FFEE70025B8F184
:10708000000F0FD05FF00000221818F8001082F8EF
:10709000341018F8001011B1401C1028F4D384F8F3
:1070A000435001E084F83450382E00D33726E6628E
:1070B000C4E91365201D00F098FB04F1180000F0EE
:1070C00094FB2461C6F138006462A061656584F8B0
:1070D000585052465946384600F098FA2060B9F1A7
:1070E000000F01D0C9F80040BDE8F09F2DE9F0473E
:1070F0001E46DDE9089417460D00804615D0002C89
:1071000011D0FFF797FE04F11801C4F8008081E860
:107110006002201D00F069FB002F04D014F8280F36
:1071200040F004002070BDE8F087502080F3118803
:10713000BFF34F8FBFF36F8FFEE7000030B51149EB
:1071400000E011460A688242FBD34B685C18844217
:1071500003D1406818444860084643681C189442AC
:1071600009D1084C183C2468A24209D052681A443C
:1071700042600A6812680260814200D0086030BD37
:107180000460F9E7A800002070B5002441600B4DB1
:107190000061914206D8D11A8269914206D2011D3E
:1071A000286907E09A4203D2994201D3012403E0FF
:1071B000011DE86800F01CFB204670BD780000202F
:1071C00010B5044600F038FBA06B28B15FF0000456
:1071D00000F052FB204610BD0124F9E730B589B01C
:1071E0003C4D6EE00498002806DADDE90601059AB8
:1071F00090470498002864DB069C606910B1201D4C
:1072000000F0B6FA03A800F0D7F8024604980A285E
:1072100057D2DFE800F00505052D334A05052D336B
:1072200094F8280040F0010084F828000599A0692E
:10723000059B01442046FFF7A7FF68B3216A20465B
:10724000884794F8280040073BD500200090059817
:10725000A169002342181946204601F041FBD8B924
:10726000502080F31188BFF34F8FBFF36F8FFEE77D
:1072700014F8280F20F00100207022E094F8280074
:1072800040F0010084F828000598A06128B1811819
:1072900013462046FFF778FF13E0502080F3118853
:1072A000BFF34F8FBFF36F8FFEE794F8280081077D
:1072B00003D4204600F0F4FA03E020F0010084F843
:1072C0002800002204A9286800F048FF002889D17E
:1072D00009B030BD780000202DE9FC410F4605467D
:1072E00000F0BEFC01A800F067F80446019818B150
:1072F00001F04AFABDE8FC81254EAFB13069006863
:10730000D0B30027291B3A46306800F04BFB01F050
:107310003BFA0028EED11F494FF080500860BFF3C0
:107320004F8FBFF36F8FE5E7A542EBD801F02CFA42
:10733000F0682746C068C468201D00F019FA94F868
:107340002800410719D5A0692B4641193A46204625
:10735000FFF71AFFA8B100200346014600902A4615
:10736000204601F0BDFA60B9502080F31188BFF3C8
:107370004F8FBFF36F8FFEE707E020F0010084F826
:107380002800216A20468847B4E70127BAE70000B1
:107390007800002004ED00E00648416B096829B13F
:1073A000416BC968C9684968816270474FF0FF3115
:1073B000FAE700003C00002070B5054601F0C6F871
:1073C000064E0446B068844203D200F009F801205A
:1073D00000E0002028602046B46070BD78000020E6
:1073E000F8B5194D20E0C068C4680668201D00F09B
:1073F000BFF9216A2046884794F82800400713D532
:10740000A0693044B04206D924616060211DE8685B
:1074100000F0EEF908E000200346014600903246F5
:10742000204601F05DFA38B1E86801680029DAD138
:107430002969C5E90310F8BD502080F31188BFF316
:107440004F8FBFF36F8FFEE778000020002101E02F
:10745000401C491C0278A52AFAD0C1F38F0070475E
:1074600008484068401C4FF0500080F3118804D059
:10747000BFF34F8FBFF36F8FFEE7BFF34F8FBFF3A5
:107480006F8FFEE7B0000020074CE068016841B153
:10749000C0680021D0F80000FFF71EFFFFF79EFE36
:1074A000F3E701210020F7E7780000202DE9F04103
:1074B000044600F0C1F994F9455004F1240609E0AE
:1074C000606A48B1304601F027F908B100F002FBCC
:1074D0006D1E6DB2002DF3DC4FF0FF3684F8456071
:1074E00000F0CAF900F0A8F994F9445004F110072B
:1074F00009E0206948B1384601F00EF908B100F002
:10750000E9FA6D1E6DB2002DF3DC84F84460BDE82D
:10751000F04100F0B1B900002DE9F0410546002727
:1075200000F09EFB324E306808B9FFF713FD70691A
:1075300005424ED1C5B3083568070ED005F00700E7
:10754000C0F108000544680707D0502080F3118877
:10755000BFF34F8FBFF36F8FFEE72DB37068854287
:1075600037D82348183001460C6801E020460C4605
:107570006168A94202D221680029F7D131688C42A2
:1075800027D007682168016060680837411B10290F
:107590000FD96019420708D0502080F31188BFF33B
:1075A0004F8FBFF36F8FFEE713E041606560FFF719
:1075B000C5FD61687068401A7060B268904200D280
:1075C000B060706901430020C4E90001F068401C0C
:1075D000F06001F0D9F8780707D0502080F31188C7
:1075E000BFF34F8FBFF36F8FFEE73846BDE8F081E2
:1075F000900000200449086818B10868026D521C08
:1076000002650868704700003C00002010B5031FA9
:107610004FF080741C601B1F21F001011960191FBD
:10762000044B0B6014390A60091F6FF002024438E2
:107630000A6010BD617400081CB500F0FDF8254912
:107640000420CDE900010023C82223A1264800F030
:1076500017FF26490820CDE900010023FA2224A1C2
:10766000264800F00DFF26490620CDE90001002341
:10767000FA2224A1284800F003FF28490F20CDE971
:1076800000010023FA2226A1284800F0F9FE032277
:107690000021012000F0B9FB2549032208600021E8
:1076A000012000F0B2FB23490322086000210120E1
:1076B00000F0ABFB20490860012000F09BFB1F4954
:1076C00008601F48006800F0B5F9BDE81C4000F0F4
:1076D000D3B80000080000204C656450726F635FEF
:1076E0007461736B00000000D54300080C0000209B
:1076F000506572696F645F7461736B00AD50000810
:10770000100000204661756C7448616E646C65728F
:107710005F7461736B000000E50F00081400002027
:10772000426C6550726F5F7461736B00810A000870
:1077300018000020200000201C0000202400002051
:107740000400002070B5094DFF231A4605F5807628
:1077500006E000BF10F8014B54402A5D5A40335DEB
:10776000491E89B2F6D242EA032070BDBD890008E5
:10777000D0E9013201699A60D0E901235A604A6870
:10778000824201D182684A60002202610868401E7C
:10779000086008687047000008B902480068006B7C
:1077A000FFF754BE3C000020034B036003F15C0074
:1077B0000860802010607047EC0B0020044B0360D1
:1077C00003F15C0008604FF48070106070470000A7
:1077D000480E002000F108014FF0FF32C0E901120D
:1077E000C1600161002101607047002101617047A3
:1077F00030B50B685A1C02D000F1080202E00269A1
:1078000004E02246546825689D42FAD953684B60CB
:1078100099608A60516008610168491C016030BD4F
:1078200042684A6093688B60936859609160086110
:107830000168491C01607047502080F31188BFF334
:107840004F8FBFF36F8F0A494868401C486001287A
:107850000CD10848006810F0FF0F07D0502080F3CB
:107860001188BFF34F8FBFF36F8FFEE770470000A3
:10787000B000002004ED00E00849486828B1401E2F
:10788000486001D180F311887047502080F311883F
:10789000BFF34F8FBFF36F8FFEE70000B0000020F3
:1078A00070B500282AD0164DA0F1080460686969F7
:1078B000084207D1502080F31188BFF34F8FBFF3E8
:1078C0006F8FFEE722683AB1502080F31188BFF332
:1078D0004F8FBFF36F8FFEE78843606000F0C0F901
:1078E00060686968084468602046FFF727FC2869DB
:1078F000401C2861BDE8704000F046BF70BD00002C
:10790000900000204FF0E0200021016181610549D5
:107910004FF47A720968B1FBF2F1491E4161072107
:10792000016170473800002010B5F8F7BBFC114921
:1079300010280ED300F1E02090F8F0030A7890426E
:1079400007D2502080F31188BFF34F8FBFF36F8FA2
:10795000FEE709480068896800F4E060884207D9BA
:10796000502080F31188BFF34F8FBFF36F8FFEE776
:1079700010BD0000B00000200CED00E010B5084B79
:10798000002200BF53F832401CB1521C082AF9D320
:1079900010BD43F8321003EBC201486010BD000077
:1079A000D005002070B515460E460446FFF744FF8B
:1079B00094F944100020491C01D184F8440094F942
:1079C0004510491C01D184F84500FFF755FFA06B15
:1079D00028B92A46314604F1240000F099F82046DF
:1079E000BDE87040FFF762BD10B5020014D00F482B
:1079F000006B38B1502080F31188BFF34F8FBFF375
:107A00006F8FFEE700F02CF900211046FFF77CF99C
:107A100000F0BAFE002807D105494FF080500860F9
:107A2000BFF34F8FBFF36F8F10BD00003C000020ED
:107A300004ED00E070B50546FFF7FEFE1E4C05B9EB
:107A40002568281DFFF794FEA86A18B105F11800F3
:107A5000FFF78EFE606A401C60622068854207D195
:107A6000291D1648FFF7DCFE6068401C606007E0D7
:107A7000A068401EA0602846FFF751FAFFF78CFC73
:107A8000FFF7FAFE6069002814D02068854211D102
:107A9000206B38B1502080F31188BFF34F8FBFF3B4
:107AA0006F8FFEE706494FF080500860BFF34F8F9D
:107AB000BFF36F8F70BD00003C000020AC0A0020B7
:107AC00004ED00E002490A6A0260C968416070473B
:107AD0003C00002001490120C86170473C000020A3
:107AE00010B50C4650B1094909681831FFF780FEFE
:107AF0002046BDE810400121FFF706B9502080F371
:107B00001188BFF34F8FBFF36F8FFEE73C0000205B
:107B100070B514460D4668B10A4909681831FFF777
:107B20007FFE0CB14FF0FF3521462846BDE870407E
:107B3000FFF7EAB8502080F31188BFF34F8FBFF3EF
:107B40006F8FFEE73C00002070B504003ED0226D30
:107B5000A2B1E06C884200D30146E06A884235D089
:107B6000012A33D11A4D2A6894420FD1502080F354
:107B70001188BFF34F8FBFF36F8FFEE7502080F364
:107B80001188BFF34F8FBFF36F8FFEE7E162A269E9
:107B9000002A02DBC1F13801A1610E4E00EB80002A
:107BA000616906EB8000814210D1201DFFF7E0FDE6
:107BB000E06A2969884200D9286100EB800006EB61
:107BC0008000211DBDE87040FFF72ABE70BD000097
:107BD0003C0000201006002030B587B0002403943C
:107BE00005AA04A903A80494FFF7DEFDDDE903015B
:107BF0000094CDE90110002315A11748059A00F063
:107C00006CFC164D0028E8621FD000F039FE0128F8
:107C100009D0401C19D1502080F31188BFF34F8F39
:107C2000BFF36F8FFEE7502080F31188BFF34F8FB3
:107C3000BFF36F8F4FF0FF30A86201206861EC60E6
:107C400007B0BDE8304000F045B807B030BD0000D7
:107C500049444C4500000000A16F00083C00002092
:107C60000248016B491C0163704700003C00002082
:107C7000164810B5016B11B10121C16110BD002181
:107C8000C1610169124A01E0B9B1491E01EB8103EA
:107C900052F82330002BF7D001EB810302EB830273
:107CA00002F1080453685B685360A34201D15B682A
:107CB0005360DA680260016110BD502080F31188C2
:107CC000BFF34F8FBFF36F8FFEE700003C00002033
:107CD000100600201CB537480168374A914207D189
:107CE000502080F31188BFF34F8FBFF36F8FFEE7F3
:107CF00000683149491E884207D1502080F311881D
:107D0000BFF34F8FBFF36F8FFEE72C4908780190C8
:107D1000FF20087008788DF800009DF800009DF89D
:107D2000002000F0F000904207D0502080F311882E
:107D3000BFF34F8FBFF36F8FFEE79DF80000204C1D
:107D400000F0500020700720A06005E09DF80020A2
:107D500052008DF80020401E9DF800201206F5D438
:107D6000A060032807D0502080F31188BFF34F8F05
:107D7000BFF36F8FFEE74FF44070A060019808706A
:107D80000C482030016841F470010160016841F045
:107D900070410160FFF7B6FD00206060F8F74AFA15
:107DA0000848016841F040410160F8F72FFA0020CF
:107DB0001CBD000000ED00E071C20F4100E400E0D6
:107DC000B000002034EF00E010B5502080F311889F
:107DD000BFF34F8FBFF36F8F00F0BEFB18B10449A4
:107DE0004FF080500860002080F3118810BD000023
:107DF00004ED00E010B502460021012000F005F876
:107E00000446FFF7FDF8204610BDF8B517460E46AC
:107E1000050013D005FB06F05030FFF77DFB040092
:107E20000AD0002084F8460004F150023B46314657
:107E300028460094FFF7F0F82046F8BD502080F364
:107E40001188BFF34F8FBFF36F8FFEE738B5049DE6
:107E500018B153B1CAB181B120E0502080F311882C
:107E6000BFF34F8FBFF36F8FFEE7502080F3118871
:107E7000BFF34F8FBFF36F8FFEE7502080F3118861
:107E8000BFF34F8FBFF36F8FFEE739B1502080F300
:107E90001188BFF34F8FBFF36F8FFEE750241C464E
:107EA000012384F846302B460094FFF7B5F82046AE
:107EB00038BD000070B50D46040025D0FFF7BCFCAE
:107EC000D4E90F20216802FB0011A1600021A16309
:107ED000216861600A46D4E90F01401E00FB0121C0
:107EE000E16021464FF0FF3001F8440F487004F183
:107EF00010008DB1FFF76EFC04F12400FFF76AFC5F
:107F0000FFF7BAFC012070BD502080F31188BFF349
:107F10004F8FBFF36F8FFEE721690029F0D000F08B
:107F2000FBFB0028ECD004494FF080500860BFF301
:107F30004F8FBFF36F8FE3E704ED00E02DE9FF47BC
:107F400082B01D468A464FF00008040003D0BAF103
:107F5000000F08D011E0502080F31188BFF34F8F3D
:107F6000BFF36F8FFEE7206C38B1502080F311888B
:107F7000BFF34F8FBFF36F8FFEE7022D0AD1E06B87
:107F8000012807D0502080F31188BFF34F8FBFF333
:107F90006F8FFEE700F0CCFA3F4F4FF000094FF033
:107FA000805648B9049838B1502080F31188BFF347
:107FB0004F8FBFF36F8FFEE7FFF73EFCA06BE16BC7
:107FC000884207D3022D05D00498D0B1B8F1000F34
:107FD0001AD01EE02A4651462046FEF76AFF616A23
:107FE00019B104F1240000F097FB20B13E60BFF30B
:107FF0004F8FBFF36F8FFFF73FFC012006B0BDE846
:10800000F087FFF739FC22E06846FFF75BFD4FF091
:108010000108FFF731FCFFF723FEFFF70DFC94F991
:108020004400401C01D184F8449094F94500401C60
:1080300001D184F84590FFF71FFC04A9684600F0C1
:10804000E5F930B12046FFF731FA00F09DFB002042
:10805000D4E7FFF7F1FBA06BE16B884213D1FFF788
:108060000BFC04F110000499FFF73AFD2046FFF7DE
:108070001DFA00F089FB00289ED13E60BFF34F8FB0
:10808000BFF36F8F98E7FFF7F7FB2046FFF70EFA75
:1080900000F07AFB90E7000004ED00E02DE9F047E6
:1080A0001F4690468946040003D0B9F1000F08D05E
:1080B00011E0502080F31188BFF34F8FBFF36F8F13
:1080C000FEE7206C38B1502080F31188BFF34F8F4A
:1080D000BFF36F8FFEE7022F0AD1E06B012807D0B4
:1080E000502080F31188BFF34F8FBFF36F8FFEE7EF
:1080F000FFF71AFC5020EFF3118680F31188BFF3CD
:108100004F8FBFF36F8FA06BE16B884206D3022FB6
:1081100004D0002086F31188BDE8F08794F945501B
:10812000A06B3A4649462046FEF7C3FE681C04D0C1
:108130006D1C84F845500120ECE7606A0028FAD0F5
:1081400004F1240000F0E8FA0028F4D0B8F1000FA0
:10815000F1D00121C8F80010EDE700002DE9F74744
:10816000002683B08A46040003D0BAF1000F08D07D
:1081700011E0502080F31188BFF34F8FBFF36F8F52
:10818000FEE7206C38B1502080F31188BFF34F8F89
:10819000BFF36F8FFEE700F0CBF9DFF8F4804FF00C
:1081A00000094FF0805748B9059838B1502080F346
:1081B0001188BFF34F8FBFF36F8FFEE7FFF73CFBD4
:1081C000A56BC5B151462046FEF760FE6D1EA56346
:1081D000206950B104F1100000F09EFA28B1C8F8EF
:1081E0000070BFF34F8FBFF36F8FFFF745FB012088
:1081F00006B0BDE8F087059808B11EB106E0FFF7AC
:108200003BFB27E06846FFF75DFC0126FFF734FBE8
:10821000FFF726FDFFF710FB94F94400401C01D145
:1082200084F8449094F94500401C01D184F84590AD
:10823000FFF722FB05A9684600F0E8F80028204671
:108240000AD0FFF733F900F09FFA2046FEF7B8FF97
:108250000028B3D00020CBE7FEF7B2FF90B104F1C5
:1082600024000599FFF73CFC2046FFF71FF900F0BA
:108270008BFA0028A2D1C8F80070BFF34F8FBFF36C
:108280006F8F9BE72046FFF711F900F07DFA95E725
:1082900004ED00E02DE9F343002683B004003546E9
:1082A00009D0206C78B1502080F31188BFF34F8F34
:1082B000BFF36F8FFEE7502080F31188BFF34F8F1D
:1082C000BFF36F8FFEE700F033F9DFF83C814FF02A
:1082D00000094FF0805748B9049838B1502080F316
:1082E0001188BFF34F8FBFF36F8FFEE7FFF7A4FA3C
:1082F000A06BC8B1401EA063206810B9FFF77AF9DF
:10830000A060206950B104F1100000F005FA28B116
:10831000C8F80070BFF34F8FBFF36F8FFFF7ACFA51
:10832000012005B0BDE8F083049808B166B10FE004
:108330003DB1502080F31188BFF34F8FBFF36F8F93
:10834000FEE7FFF799FA5DE06846FFF7BBFB012601
:10835000FFF792FAFFF784FCFFF76EFA94F94400F6
:10836000401C01D184F8449094F94500401C01D18F
:1083700084F84590FFF780FA04A9684600F046F8B3
:108380000028204612D0FFF791F800F0FDF92046B2
:10839000FEF716FF0028A9D09DB3FFF74DFA606ADB
:1083A00050B3206B0068C0F1380126E0FEF708FFEB
:1083B000E0B1206838B9FFF73FFAA06800F070F923
:1083C0000546FFF759FA04F124000499FFF788FBEA
:1083D0002046FFF76BF800F0D7F9002886D1C8F8DF
:1083E0000070BFF34F8FBFF36F8F7FE72046FFF71B
:1083F0005DF800F0C9F979E70021A068FFF7A4FB58
:108400009FE7FFE700208CE704ED00E02DE9F04155
:108410000C46050011D0C4B1FFF70EFA174BDA680D
:108420006E682068911B471C17D02F681B6A9F42FB
:1084300019D0964217D8012410E0502080F31188FB
:10844000BFF34F8FBFF36F8FFEE7502080F311888B
:10845000BFF34F8FBFF36F8FFEE70024FFF70CFAD7
:108460002046BDE8F081884205D9401A20602846A0
:10847000FFF728FBF1E700202060DCE73C0000204C
:108480002DE9FF5F8346DDE90E87994616468A4649
:108490009000FFF741F805001CD05C20FFF73CF886
:1084A000040014D00020256384F85900CDE902406F
:1084B000CDE900874B46324651465846FEF7BEFD91
:1084C0002046FEF74FFC012004B0BDE8F09F28468F
:1084D000FFF7E6F94FF0FF30F6E7F0B585B0DDE9DC
:1084E0000B640A9DA6B1DCB15C27009726630226C7
:1084F00084F85960002604AFCDE90246CDE9005763
:10850000FEF79CFD2046FEF72DFC049805B0F0BD5B
:10851000502080F31188BFF34F8FBFF36F8FFEE7BA
:10852000502080F31188BFF34F8FBFF36F8FFEE7AA
:108530000548416919B1006B18B10020704701204E
:1085400070470220704700003C0000200148C068CE
:10855000704700003C0000202DE9F0412E4C002720
:10856000206B28B1A069401CA0613846BDE8F081AD
:10857000E668761CE66013D1606B006838B1502065
:1085800080F31188BFF34F8FBFF36F8FFEE7606BEF
:10859000A16B6163A063206A401C2062FEF7FCFEB1
:1085A000A06ADFF87880864209D3606B0068A0B1CA
:1085B000606BC068C5686868864211D2A062206896
:1085C000C06A00EB800158F82100012800D901277A
:1085D000E0690028C9D00127C7E74FF0FF30EDE779
:1085E000281DFFF7C5F8A86A18B105F11800FFF7B4
:1085F000BFF8E86A2169884200D9206100EB800158
:1086000008EB8100291DFFF70BF9E86A2168C96AA8
:108610008842CAD30127C8E73C000020100600208A
:1086200070B504004FF0000133D01B4D2868844220
:1086300007D0502080F31188BFF34F8FBFF36F8FA7
:10864000FEE7206D38B1401E2065E36CE26A9A4275
:108650001FD040B11DE0502080F31188BFF34F8F31
:10866000BFF36F8FFEE7201DFFF782F8E06CE0623A
:10867000C0F13800A061E06A2969884200D9286108
:10868000064900EB800001EB8000211DFFF7C8F8D0
:108690000121084670BD00003C00002010060020AB
:1086A00070B504004FF000002BD0194DE16A2A6824
:1086B000D26A914226D2A069002804DB2868C06AE9
:1086C000C0F13800A061134E01EB8101606906EB37
:1086D0008101884211D1201DFFF74AF82868C06A3D
:1086E000E0622969884200D9286100EB800006EB2E
:1086F0008000211DFFF794F802E02868C06AE0625C
:10870000012070BDE16C2A68D26A9142F8D370BD35
:108710003C0000201006002070B5C068C46854B149
:1087200004F118000646FFF723F8144D286B50B1EA
:108730003146134815E0502080F31188BFF34F8F66
:10874000BFF36F8FFEE7201DFFF712F8E06A29697B
:10875000884200D928610B4900EB800001EB8000C2
:10876000211DFFF75DF8E06A2968C96A884202D9CD
:108770000120E86170BD002070BD00003C000020B9
:10878000980A0020100600202DE9F0472C4D002407
:108790002746286B38B1FFF74FF8286B401E286337
:1087A000286B40B146E0502080F31188BFF34F8F13
:1087B000BFF36F8FFEE7A968224E0120D1B3A6F563
:1087C000916980463068E0B1F068C46804F118002F
:1087D000FEF7CEFF201DFEF7CBFFE06A2969884235
:1087E00000D9286100EB800109EB8100211DFFF712
:1087F00017F8E06A2968C96A8842E3D3C5F81C8083
:10880000E0E70CB1FEF7C8FDAC694CB14FEA0806D1
:10881000FFF7A2FE00B1EE61641EF9D10020A8614D
:10882000E86938B10849012738070860BFF34F8F5E
:10883000BFF36F8FFFF720F83846BDE8F0870000E0
:108840003C000020980A002004ED00E02DE9FC47E0
:1088500081461E46174688462C200A9DFEF75CFE80
:1088600004000AD0002084F82800CDE900543346E3
:108870003A4641464846FEF739FC2046BDE8FC87AB
:1088800010B586B0FEF7D6FA114C2068B8B10020BA
:108890000390049005AA04A903A8FEF78FFFDDE961
:1088A000032102208DE8070000230AA10B48059A46
:1088B000FFF713FE606010B106B0012010BD50201C
:1088C00080F31188BFF34F8FBFF36F8FFEE7000077
:1088D00078000020546D722053766300897400087C
:1088E0002DE9FF411E46134602000A9D4FF000008D
:1088F00016D0144C2768002F0FD0CDE90013029238
:10890000062917DAFFF714FE02284FF000030FD0F4
:10891000002269462068FFF711FB04B0BDE8F08132
:10892000502080F31188BFF34F8FBFF36F8FFEE7A6
:108930002A46EEE70023324669463846FFF7AEFB8B
:10894000EBE700007800002010B504000AD0FEF725
:1089500073FF94F82800C0070CD00124FEF78CFFA9
:10896000204610BD502080F31188BFF34F8FBFF316
:108970006F8FFEE70024F1E701000200040006000B
:1089800008000A000C0010002000400080000001D8
:1089900001010103070100000804020408010101AC
:1089A000000000000000000001020304060708099F
:1089B0000000000001020304001AB1B10100C181EE
:1089C0004001C0804101C0804100C1814001C080A0
:1089D0004100C1814000C1814001C0804101C0808F
:1089E0004100C1814000C1814001C0804100C1817E
:1089F0004001C0804101C0804100C1814001C08070
:108A00004100C1814000C1814001C0804100C1815D
:108A10004001C0804101C0804100C1814000C1814E
:108A20004001C0804101C0804100C1814001C0803F
:108A30004100C1814000C1814001C0804101C0802E
:108A40004100C1814000C1814001C0804100C1811D
:108A50004001C0804101C0804100C1814000C1810E
:108A60004001C0804101C0804100C1814001C080FF
:108A70004100C1814000C1814001C0804100C181ED
:108A80004001C0804101C0804100C1814001C080DF
:108A90004100C1814000C1814001C0804101C080CE
:108AA0004100C1814000C1814001C0804100C181BD
:108AB0004001C0804101C0804100C1814000C0C16F
:108AC00001C30302C2C60607C705C5C404CC0C0D0A
:108AD000CD0FCFCE0E0ACACB0BC90908C8D81819BA
:108AE000D91BDBDA1A1EDEDF1FDD1D1CDC14D4D51A
:108AF00015D71716D6D21213D311D1D010F03031AA
:108B0000F133F3F23236F6F737F53534F43CFCFD49
:108B10003DFF3F3EFEFA3A3BFB39F9F83828E8E9D9
:108B200029EB2B2AEAEE2E2FEF2DEDEC2CE4242559
:108B3000E527E7E62622E2E323E12120E0A06061C9
:108B4000A163A3A26266A6A767A56564A46CACAD89
:108B50006DAF6F6EAEAA6A6BAB69A9A86878B8B939
:108B600079BB7B7ABABE7E7FBF7DBDBC7CB4747599
:108B7000B577B7B67672B2B373B17170B0509091E9
:108B8000519353529296565797559594549C5C5DC9
:108B90009D5F9F9E5E5A9A9B5B9959589888484959
:108BA000894B8B8A4A4E8E8F4F8D4D4C8C448485D9
:108BB00045874746868242438341818040000000CA
:108BC0006072D548409F9F4880CB7048801F3748CF
:108BD000C05E0C4880D8D84700BBA847CD39844731
:108BE000B3A95047B3BC2547667C04470020D5464F
:108BF000CD72AC469A578C4600B46546CDFE3C46D5
:108C000000401C4600E401468F10D945EC29B645CA
:108C10009A91994500088245E1225D45E1CE3C45A7
:108C200029D8214585430B45C38DF044A480D04409
:108C30000060B544EC419E44148E8A440060734445
:108C4000CD645644336B3D444AD42744391C154403
:108C50002FD5044425642C25640D0A525F543A250F
:108C60006420A1E3432C20525F563A2564562C2001
:108C7000525F493A2564412C205458706172616DED
:108C8000657465722E73797374656D5F7374617446
:108C9000323A25640D0A0000B88C0008000000205C
:108CA00020010000FC610008D88D00082001002090
:108CB000A83500000C6200080000E44B0000000032
:108CC00000000000000000000000000000000000A4
:108CD0000000000000000000000000000000000094
:108CE0000000000010000000010000000000000073
:108CF0000024F4000000000000000000000000005C
:108D00000000000000000000000000000000000063
:108D10000000000000000000000000000000000053
:108D20000000000000000000000000000000000043
:108D30000000000000000000000000000000000033
:108D40000000000000000000000000000000000023
:108D50000000000000000000000000000000000013
:108D6000000000000000000000000000AAAAAAAA5B
:108D700000000000000000000000000000000000F3
:108D800000000000000000000000000000000000E3
:108D900000000000000000000000000000000000D3
:108DA000000000000F27000000000000000000008D
:108DB00000000000000000000000000000000000B3
:108DC000000000000000000000000000001AB1B127
:088DD00001000000000000009A
:04000005080001D915
:00000001FF
