:020000040800F2
:10000000C8360020AD020008E34D0008594300083F
:10001000E14D00082F0E0008B1610008000000004B
:10002000000000000000000000000000ED010008DA
:10003000850F00080000000049020008495400082C
:10004000C7020008C7020008C7020008C70200086C
:10005000C7020008C7020008C7020008C70200085C
:10006000C7020008C7020008C7020008C70200084C
:10007000C7020008C7020008C7020008C70200083C
:10008000C7020008C7020008C7020008C70200082C
:10009000C7020008C7020008C7020008C70200081C
:1000A000C7020008DD540008C7020008C7020008A4
:1000B000E9540008C7020008C7020008C702000888
:1000C000C7020008C7020008C7020008C7020008EC
:1000D000C7020008C7020008C7020008C7020008DC
:1000E000C7020008C7020008C7020008C7020008CC
:1000F000C7020008C7020008C7020008C7020008BC
:10010000C7020008C7020008C7020008C7020008AB
:10011000C7020008C7020008C7020008C70200089B
:10012000C7020008C7020008C7020008C70200088B
:10013000C7020008C7020008C7020008C70200087B
:10014000C7020008C7020008C7020008C70200086B
:10015000C7020008C7020008C7020008C70200085B
:10016000C7020008C7020008C7020008C70200084B
:10017000C7020008C7020008C7020008C70200083B
:10018000C7020008C7020008C7020008C70200082B
:10019000C702000800000000C7020008C7020008EC
:1001A000C7020008C7020008C7020008C70200080B
:1001B000C7020008C7020008C7020008C7020008FB
:1001C000C7020008C7020008C7020008C7020008EB
:1001D000C7020008C7020008DFF80CD000F078FB67
:1001E00000480047256C0008C83600202C4B1968D1
:1001F0000868B0E8F04F80F30988BFF36F8F4FF0C5
:10020000000080F311887047000000000848006873
:10021000006880F308884FF0000080F3148862B60D
:1002200061B6BFF34F8FBFF36F8F00DF00BF00BF1A
:1002300008ED00E0DFF80C00016841F47001016096
:10024000704700BF88ED00E0EFF30980BFF36F8FC8
:10025000134B1A681EF0100F08BF20ED108A20E91A
:10026000F04F106009B44FF0500080F31188BFF3D5
:100270004F8FBFF36F8F07F00DFD4FF0000080F33D
:10028000118809BC19680868B0E8F04F1EF0100F1B
:1002900008BFB0EC108A80F30988BFF36F8F7047F6
:1002A0003C000020EFF305807047000006488047BF
:1002B00006480047FEE7FEE7FEE7FEE7FEE7FEE74B
:1002C000FEE7FEE7FEE7FEE7CD540008D90100088F
:1002D0002DE9F05F0546002092469B46884606467B
:1002E000814640241BE0284641464746224600F00E
:1002F00073F953465A46C01A914110D31146184615
:10030000224600F05AF92D1A67EB01084F462246A3
:100310000120002100F051F917EB00094E41201E89
:10032000A4F10104DFDC484631462A464346BDE8D5
:10033000F09F40EA01039B0703D009E008C9121FA0
:1003400008C0042AFAD203E011F8013B00F8013B8F
:10035000521EF9D27047D2B201E000F8012B491EBB
:10036000FBD270470022F6E710B513460A46044652
:100370001946FFF7F0FF204610BD2DE9FE4F81EA38
:10038000030404F0004421F0004100944FF0000BFE
:1003900023F0004350EA01045ED052EA03045BD02C
:1003A000C3F30A54C1F30A552C44A4F2F334019464
:1003B000A0FB0254C1F3130141F48011C3F31303F2
:1003C00043F4801301FB024400FB034E840A970AA6
:1003D00044EA815447EA8357A4FB076802958D0AD3
:1003E00005FB07854FEA932C04FB0C542705029D5F
:1003F0004FEA065847EA1637B5EB08056EEB070CCF
:10040000870E920E47EA811742EA8312A7FB020188
:10041000B6EB0B0164EB00042B0D43EA0C335E18C2
:1004200044EB1C50DA465146E7FB0201C5F31304C6
:100430004FEA0B3343EA14534FEA0432019C43EA78
:100440000603A4F10C040294009CCDE900B400F072
:1004500019F903B0BDE8F08F00200146F9E72DE956
:10046000F04D81EA030404F0004B21F000451446EE
:100470004FF0000A23F0004150EA050220D054EA70
:1004800001021DD0C5F30A570246C5F31303C1F399
:100490001300C1F30A5640F4801543F48013A7EB10
:1004A0000608101BD64608F2FD3873EB050002D390
:1004B00008F1010801E092185B41B8F1000F03DA7E
:1004C00000200146BDE8F08D00204FF48011064663
:1004D00084460EE0171B73EB050705D3121B63EB75
:1004E000050306434CEA010C49084FEA3000921814
:1004F0005B4150EA0107EDD152EA030012D082EAD3
:10050000040083EA0501084305D0101BAB4106D265
:100510000122002306E000224FF0004302E06FF0CA
:10052000010253101AEB06004CEB085110EB0A00C5
:1005300041EB0B01BDE8F04D00F095B80EB540F26F
:10054000334102910021CDE900110A460B4600F02B
:1005500099F803B000BD01F0004330B421F0004130
:1005600050EA010206D00A0DA2F56072C1F3130130
:10057000002A02DC30BC00207047440F44EAC1046A
:10058000C100E01830BC00EBC25000F035B830B507
:100590000B46014600202022012409E021FA02F541
:1005A0009D4205D303FA02F5491B04FA02F52844DB
:1005B000151EA2F10102F1DC30BD202A04DB203A35
:1005C00000FA02F1002070479140C2F1200320FAA6
:1005D00003F3194390407047202A04DB203A21FAA4
:1005E00002F00021704721FA02F3D040C2F120024C
:1005F00091400843194670470029A8BF7047401C26
:10060000490008BF20F00100704710B4B0FA80FC28
:1006100000FA0CF050EA010404BF10BC704749B165
:10062000CCF1200421FA04F411FA0CF118BF0121D5
:1006300021430843A3EB0C01CB1D4FEA00614FEAB5
:10064000102042BF002010BC704700EBC350104484
:100650000029A4BF10BC7047401C490008BF20F00F
:10066000010010BC704710B5141E73F1000408DAC5
:10067000401C41F1000192185B411A4301D120F066
:10068000010010BD2DE9F04D92469B4611B1B1FA23
:1006900081F202E0B0FA80F220329046FFF78DFF3F
:1006A00004460F4640EA0A0041EA0B0153465A4607
:1006B000084313D0114653EA010019D0C8F1400293
:1006C0005046FFF789FF05460E46504659464246BA
:1006D000FFF773FF084305D0012004E020463946A8
:1006E000BDE8F08D0020054346EAE0762C43374311
:1006F0000A986305E40AA0EB08000022FD0A44EA18
:1007000047540A3002D500200146E9E701051019D7
:100710006941DDE9084500196941BDE8F04DA2E7EE
:100720002DE9FE4F804681EA0300C00F0C46009081
:1007300021F0004123F00045B8EB0200A94105D2A9
:100740004046214690461C460B46024623F0004098
:10075000104347D0270DC7F30A00C3F30A51029094
:10076000401A019040286BDAC3F3130040F4801B59
:100770000098924620B10023D2EB030A63EB0B0BE7
:1007800001985946C0F140025046FFF716FF064651
:100790000D4650465946019A00F0ACF810EB08009F
:1007A0006141002487EA115284EAE7731A4340D07A
:1007B000009A62B3019A012A4FEA075215DC001B26
:1007C00061EB02014FF0004202EA0752CDE900421C
:1007D000001C41F5801132462B46FFF753FF03B052
:1007E000BDE8F08F40462146F9E7001B61EB0201AE
:1007F000001C41F5801300185B412018A2F500177A
:1008000047EB030140EAD570B6196D4111E06D0860
:100810004FEA360645EAC0754FEA0752001B61EB06
:100820000201001C41F5801149084FEA300000190F
:10083000514132462B4603B0BDE8F04FFFF713BFDE
:100840000098012240000023D0EB020263EBE0732A
:10085000009821464FEAE074B8EB000061EB040118
:10086000E9E783F000435BE781F0004158E7C1F31B
:100870000A52C1F3130140F2FF3341F480119A424E
:1008800002DA00200146704740F233439A42A2F256
:10089000334202DC5242FFF79FBEFFF78EBE0000DC
:1008A00030B5041E71F1000404DB4FF000444042F7
:1008B00064EB0101141E73F1000405DB1C464FF0CC
:1008C0000043524263EB0403994208BF904230BD9B
:1008D000064C074D06E0E06840F0010394E807008D
:1008E00098471034AC42F6D3FFF77AFCBC8C000872
:1008F000DC8C0008202A06DBCB17203A41FA02F0F4
:1009000043EAE07306E041FA02F3D040C2F120026C
:100910009140084319467047F8B5044600200090FE
:100920002068816811F0010F4AD18168254A11427F
:1009300037D18168D5432940491C81602068B0F1D6
:10094000A04F02D02049884201D1204800E0204831
:10095000806800F0E07000020DD51E481E49006856
:10096000B0FBF1F0401C00EB4000800000E0401EB6
:1009700000900028FBD101F001FB06461BE08168D6
:1009800011F0010F03D181682940491C816001F0F9
:10099000F5FA801B02280ED920680068C043C00702
:1009A00009D0E06D40F01000E065206E40F00100DD
:1009B00020660120F8BD20680168C943C907DED15F
:1009C0000020F8BD3F0000800001005000030050EF
:1009D0000007005038000020400D030010B514211E
:1009E0000F4800F051FB40F6E4414843000BCD2195
:1009F0000C4C4843322120600B4800F045FB40F688
:100A0000E44148430949000B4000C968884201D2CB
:100A1000002003E0401A00EB80004008606010BD39
:100A20000080F03E200100202000F014D4000020BF
:100A300010B506F013FF04480178491C0170BDE8A9
:100A4000104006F02BBF0000D000002000F0C8B915
:100A5000094810B5017839B10021017000F0DCF9C6
:100A6000BDE8104000F0C1B90121017000F0CEF9DD
:100A7000BDE8104000F0BFB9FC00002000F0C1B993
:100A800008B5BC480090002301224FF4FA71BAA0C7
:100A900007F0EEFEBB4D286107F06AFD4FF000093C
:100AA0000246CDF800904B460121286907F02AFF45
:100AB00004F0FAF904F096F9DFF8CCA2DFF8CCB232
:100AC000012690B3B2A000F05FFA03275C468BF8D2
:100AD00000704FF47A7006F099FF04F083F950B378
:100AE00041F288382770404606F090FF04F07AF90A
:100AF00008B3277015218AF81310404606F086FFC8
:100B0000002004F0CBFF4FF4FA6006F07FFFDFF81F
:100B1000988244F6E4305746A8F80000387D012852
:100B200068790AD0012876D020E1FFE7EE709FA017
:100B300000F02AFAE4E7EE70E2E728BB04F01CFCC0
:100B4000DFF87CA2012400BFDAF80020B8F800002A
:100B5000C2F89400C4F164034343642293FBF2F3AC
:100B6000DAF800C0CCF89C30604390FBF2F2DAF87F
:100B70000000C0F8A820142006F048FF641C2E2CAA
:100B8000E2DB00F09DFA6E71287928B18D4804F0FF
:100B9000E1F92870F0B3AFE06878002817D18948F0
:100BA0000A3004F0F1F9A870202811D0B8F800003C
:100BB000A0F59641E43902D1E968491CE960EB6887
:100BC0004FF4FA71B3FBF1F401FB143141B1BBE016
:100BD000002004F08FFB2E718BF800600A20B1E03A
:100BE00046F6402188421BD20A30754A80B2A8F8E6
:100BF00000001168C1F89400362100FB01F3642164
:100C0000B3FBF1F31468C4F89C302E235843B0FBB7
:100C1000F1F001E017E099E01168C1F8A80093E055
:100C2000E888C821401C80B2B0FBF1F2E88001FBEB
:100C30001200002806D1C5F80C90A5F806906E7039
:100C400004F0C8FB80E05F4AA5F80890107820B156
:100C500001280AD0022812D01DE0B8F8000047F69B
:100C6000BD03984215D2401C10E0B8F8001044F6BD
:100C7000E43399420DD9491EA8F800100BE0B8F8EA
:100C8000000047F6BD03984203D2401DA8F80000BB
:100C900001E0A8F800304A49B8F800000B68C3F832
:100CA0009400362300FB03F46423B4FBF3F4D1F87F
:100CB00000C0CCF89C402E246043B0FBF3F00968E0
:100CC000C1F8A8005078F874052809D0032809D085
:100CD000042807D050B1012808D0022809D00BE021
:100CE000022107E003208BF8000005E08BF800608C
:100CF00002E004218BF8001028894FF47A7A401C16
:100D000080B2B0FBFAF228810AFB1200E0B944F687
:100D1000E430A8F8000004F05DFB04F01FFB2B4852
:100D2000294985F8059002680A60007908714C46E7
:100D3000002004F0B3FE2C71EC80EC606C708BF83A
:100D40000040504606F062FE012010E01F491E4898
:100D500085F805900A680260097901714C46002007
:100D600004F09CFE2C71EC80EC606C70642006F04A
:100D70004DFED3E6C56C000870617273655F6461F7
:100D800074650000BC00002020010020000000204D
:100D90004E524632344C3031202069732020657227
:100DA000726F72210A0D0000020000204E5246327E
:100DB000344C30312020697320206F6B210A0D00E4
:100DC000B8020020B032002014010020DC890008A5
:100DD00000F028B8002220214FF0904001F0C9B85F
:100DE00020214FF0904001F0BCB8002240214FF08C
:100DF000904001F0BEB8012240214FF0904001F038
:100E0000B8B840214FF0904001F0ABB800228021EB
:100E10004FF0904001F0ADB8012280214FF090409A
:100E200001F0A7B880214FF0904001F09AB8FEE79A
:100E3000064910B500200875054944F6E4300880DD
:100E400004F0C8FABDE8104004F088BA2001002080
:100E50000200002010EE100A234910B5DFED230A2E
:100E6000884204DC10EE100A2149884202DAB0EE12
:100E7000600A10BD002224211E4B122003EB8004C7
:100E8000D4ED000AF4EEC00AF1EE10FA01D20146E8
:100E900001E021DD0246881840088C1A012CEDD1B2
:100EA00003EB820203EB8101D2ED000A91ED001AFF
:100EB000F1EE041A30EE600A31EE601A00EB8000A9
:100EC000373820EE210AC0EE010A00EE100AB8EE13
:100ED000C00A30EE800A10BD00EB8000373800EE0B
:100EE000100AB8EEC00A10BD6072D54800C079443F
:100EF0002FD50444E48B000819481A494279C9687F
:100F00002AB10023012A16D0022A17D01BE0144A66
:100F10009279531CDBB2502903DB032A09D3012247
:100F200005E011F1230F0EDC032A02D302224271E5
:100F300009E0837107E0372903DB04E011F11E0F9C
:100F400001DD8371437108481E29006802DB4FF4FC
:100F50007A7103E0192902DC41F690214163704760
:100F6000D4000020200100201004002010B506F05D
:100F700075FC034900200870BDE8104006F08EBCE7
:100F8000D0000020704700000FB410B5C0B043ABD4
:100F90004FF480716846429A05F01CF9094C4FF0F5
:100FA000FF31206807F088F9694607A005F002F9CB
:100FB00000231A461946206806F0D2FF40B010BC44
:100FC0005DF814FB24000020257300000149002077
:100FD000087070470000002072B6FEE7044D4FF421
:100FE000FA74287804F0D0FD204606F00FFDF8E7EB
:100FF0000000002010B506F031FC0348047806F02C
:101000004DFC204610BD0000D000002010B5044665
:101010001B4888B0844209D11A4800F0CBFD6421F6
:10102000184800F027FD10BB164825E0202168462F
:10103000FFF798F90620CDE90040022002907F20BA
:10104000039004200490002005900E4869466C38F7
:1010500000F028F908B1FFF7BFFF0A486C3800F02C
:10106000A9FD084864216C3800F004FD10B100208F
:1010700008B010BD03486C3800F04AFB80B2F7E7B7
:101080000080F03E4C0200202DE9F04100260F4682
:1010900080463546344609E04046FFF7B7FF60B169
:1010A0000644012006F0B2FC641CA4B2BC42F3D397
:1010B000781BB6FBF0F0BDE8F0816D1CEDB2F0E7F7
:1010C0001D4810B50168001D0268001D03681B481B
:1010D0000C0A017044700C0C8470090EC17002710E
:1010E000110A4171110C8171110EC1710372190A3B
:1010F0004172190C8172190EC1720C2103F0BEFFEE
:101100000F49020A48708A70020CCA70000E0B4A1E
:1011100008710968C2F816109076082102F11600CD
:1011200006F022FB054C000A1634082120722046E6
:1011300006F01AFB607210BD9075FF1FA4320020EC
:10114000140100202DE9F04F044690F858009BB0A0
:101150000F464FF0000B012812D0012084F85800F0
:1011600000261796189620684FF0A048DFF81C91CB
:10117000DFF81CA1474D404506D12846009508E000
:1011800002201BB0BDE8F08F48450AD15046CDF88B
:1011900000A003F0F7F80090206803F0F3F840B1E6
:1011A00009E0E06D40F02000E06584F8586001201F
:1011B000E7E7009850B1E06D40F02000E0654FF0A7
:1011C000010B00BF84F858605846DAE720684146B2
:1011D000884201D0A84201D12F4800E02F48D7F81B
:1011E00000C02F4B40F61F72BCF1000F2DD0D0F87D
:1011F00008C094F838802CF4604C4CEA483CD7F88E
:1012000004804CEA080CC0F808C0D4F800C08C4533
:1012100001D0AC4504D18968AB6801F0010109E057
:10122000D9F80810DAF8085001F0010105F00105BD
:101230009B68294303F001031943C3D1BB68396894
:1012400019438368934319431DE0876827F4604777
:10125000876027688F4201D0AF4204D18968AB68AC
:1012600001F0010109E0D9F80810DAF8085001F09E
:10127000010105F001059B68294303F001031943AF
:10128000A0D18168914381609CE700000004005078
:1012900000050050000100500003005000070050FE
:1012A000000600502DE9F84F00270446009790F8FB
:1012B0005800DFF81C840D46B946012811D00126DC
:1012C00084F85860206803F059F860B1E06D40F090
:1012D0002000E0655FF0010784F858903846BDE8CB
:1012E000F88F0220FBE7D5E900210C23206803EAF0
:1012F00091131844036B01F01F014FF01F0C0CFAFF
:1013000001FCC2F3846223EA0C038A4013430363A3
:10131000206803F033F88246206803F02BF85AEA7D
:1013200000003CD1AA6829682068B2F1004F37D08C
:1013300003F034F82068416921F0004141612068E0
:101340006969C268C2F3C102520091402A69042A45
:1013500031D000EB82002B68026EDFF878C303F017
:10136000F84302EA0C020B431A4342F000410166C3
:1013700022682869A96902EB8000026E22F080725F
:101380000A430266297F22682869012910D00021BA
:1013900002EB8000026E22F000720A4302667DE0DA
:1013A000002202F0FBFF2068416941F00041C5E7DF
:1013B0004FF00071ECE7002102F0D6FF40032068F7
:1013C0004FF0000172D002F0CFFF90FAA0F0B0FA17
:1013D00080F1286842036ED090FAA0F0B0FA80F055
:1013E000814204D100221146206802F0E6FF01216B
:1013F000206802F0B9FF400320684FF001015DD082
:1014000002F0B2FF90FAA0F0B0FA80F1286842032F
:1014100059D090FAA0F0B0FA80F0814204D10022B5
:101420000121206802F0C9FF0221206802F09CFF20
:10143000400320684FF0020148D002F095FF90FA77
:10144000A0F0B0FA80F12868420344D090FAA0F0EE
:10145000B0FA80F0814204D100220221206802F01B
:10146000ACFF0321206802F07FFF400320684FF0AB
:10147000030133D002F078FF90FAA0F0B0FA80F1C7
:10148000286842032FD090FAA0F0B0FA80F0814291
:1014900004D100220321206802F08FFF20688168B8
:1014A00011F0010F22D0ACE000E004E002F05CFF9C
:1014B000C0F384618DE7C0F3846091E702F054FFCC
:1014C000C0F38461A2E7C0F38460A6E702F04CFF9A
:1014D000C0F38461B7E7C0F38460BBE702F044FF68
:1014E000C0F38461CCE7C0F38460D0E72A7B29682D
:1014F00050F8B03FC1F3120C23EA0C0302F0180CB1
:10150000754A22FA0CF20A4013430360E968414528
:1015100077D1286841031CD090FAA0F1B1FA81F18B
:10152000491C01F01F0109294FEA403132D8002936
:1015300012D000BF90FAA0F1B1FA81F101F10101DE
:1015400001F01F0106FA01F609D100BFC0F3846162
:1015500009E0C0F38461E3E7C0F38461EEE790FA49
:10156000A0F1B1FA81F101F1010101F01F0146EA98
:10157000816102D1C0F3846003E090FAA0F0B0FA78
:1015800080F000F1010000F01F0000EB400041EA94
:10159000005132E000290ED090FAA0F1B1FA81F1A9
:1015A00001F1010101F01F0106FA01F606D100BFA9
:1015B000C0F3846106E0C0F38461F1E790FAA0F122
:1015C000B1FA81F101F1010101F01F0146EA8161E7
:1015D00002D1C0F3846003E090FAA0F0B0FA80F08A
:1015E00000F1010000F01F003C4A00EB400002EB5C
:1015F000005041EA000141F00071AA68206802F041
:10160000CDFE37482B6803423FF466AE21684FF0A9
:10161000A04C3448344E354D614501D0A94201D12A
:10162000024600E032469268DFF8C48002F0E072C1
:10163000434503D0DFF8BC80434521D15FEA02284F
:101640001ED4614506D02C4B99427FF445AEA94289
:1016500000D0304642F40001826822F0E0720A4372
:101660008260264826490068B0FBF1F0401C00EB80
:101670004000800000E0401E00900028FBD12BE6D7
:10168000DFF8808043450FD15FEAC2180CD4A9422D
:1016900002D11D4B9942F2D0614502D0A94200D03F
:1016A000304642F080710CE0DFF860804345E6D1BF
:1016B0005302E4D4A942E2D0614500D0304642F45E
:1016C0008001826822F0E0720A43826004E6000032
:1016D00000007F4000F0FF03FFFF0700000020FE36
:1016E0000000088000030050000700500001005077
:1016F000000021C31000C0900006005038000020F8
:10170000400D0300000052C700050050000084CBCC
:101710000068006C70470000F8B54FF00005040049
:101720002E46009502D0E06D10B107E00120F8BD13
:10173000204600F009F9266684F858602068816820
:10174000C1F3407119B18168734A1140816020680A
:101750008168C1F3007189B98168704A114041F014
:10176000805181606E486F490068B0FBF1F0400025
:10177000801C00E0401E00900028FBD1206881689A
:10178000C1F3007141B9E16D41F01001E165216ED5
:1017900041F001012166012502F0F0FDE16DC9066D
:1017A00000D430B1E06D40F01000E065012528461E
:1017B000F8BDE06D20F4807040F00200E065206824
:1017C000816811F0010F27D14FF0A043564A98428B
:1017D00001D0904204D19968966801F001010AE0B5
:1017E00052498968524E01F00101B66806F00106BF
:1017F0003143504EB66806F0010631430CD1984291
:1018000001D0904201D14C4800E04C4861688268A8
:1018100022F47C120A438260E168E06B627F084335
:10182000A16841EA4231084394F8241040EA01409B
:10183000012904D1218D424A02EB41410843E16A6A
:1018400029B101F47871226B014342EA0100226858
:10185000D1683C4B19400143D16020680169626B3B
:1018600021F0406111430161206802F083FD70BBEB
:10187000207F94F838102268800340EA4100D16844
:1018800044F2020399430143D16020690028206893
:1018900001690AD041F480310161206850F8C01F0D
:1018A00022696FF30D01114307E021F480310161DA
:1018B000206850F8C01F6FF30D01016094F84000DC
:1018C00001280CD02068016921F0010101616069E3
:1018D00001282068016B21F00F0111D013E0D4E939
:1018E00011010843D4E913121143084321680A691E
:1018F00040F2FC739A43104340F001000861E6E7B0
:10190000226A521E11430163E06D20F0020040F094
:101910000100E0654BE70000C0FFFF5FC0FFFF7FF5
:1019200038000020400D030000010050000400506A
:101930000005005000060050000300500007005052
:101940000000FEFF0740F0FF2DE9F0439BB0044686
:10195000142115A8FEF706FD54216846FEF702FD86
:101960004FF00051206800253D4F0326DFF8F4902A
:101970008A133D4CB0F1A04F11D03C4B98426CD132
:10198000904668460092119100F04AFF08B1FFF7B7
:1019900023FB3868401C3860012846D04DE068467B
:1019A0000092119100F03CFF08B1FFF715FB386879
:1019B000401C3860012807D1E06C40F40050E0641E
:1019C000E06C00F400501A90E06C40F00400E06419
:1019D000E06C00F004001A90E06C40F00200E0645B
:1019E000E06C00F002001A90E06C40F00100E0644E
:1019F000E06C179500F001001A900220CDE9150661
:101A000015A91B4800F084F94FF480401795CDE9E3
:101A1000150615A9484600F07BF906201795CDE973
:101A2000150615A94FF0904015E0E06C40F4005009
:101A3000E064E06C00F400501A90E06C40F00200AA
:101A4000E064E06CCDF8548000F00200CDE916654A
:101A50001A9015A9484600F05BF91BB0BDE8F08369
:101A6000280000200004004800100240000100503F
:101A7000000800482DE9F0470446884600684FF00A
:101A8000A0454749474BDFF82091A84201D048457F
:101A900001D10A4600E01A46926802F01F06A269C8
:101AA000082A14D0AEB1052E13D0092E11D0A842A9
:101AB00002D0484500D01946886800F4604058B10B
:101AC000E06D40F02000E0650120BDE8F0870827C8
:101AD00003E0C068C007F2E7042700F04FFA82462F
:101AE00019E000BFB8F1FF3F15D000F047FAA0EBB6
:101AF0000A01414502D8B8F1000F0CD120680068F6
:101B0000384208D1E06D40F00400E065002084F820
:101B100058000320D9E7206800683842E2D0E06D21
:101B200040F40070E065206802F030FC80B1607F16
:101B300070B92068006800070AD5E06D20F4807055
:101B4000E065E06DC00403D4E06D40F00100E065A5
:101B50002068164A164B484501D12C4604E09042B5
:101B600001D11C4600E0044684420AD04EB1052E45
:101B700007D0092E05D0484506D0904203D11D4616
:101B800002E0C16801E00546E968082F05D0490474
:101B900001D40C210160002097E70821FAE700003A
:101BA00000030050000700500001005000050050E5
:101BB000000400502DE9F041044600684FF0A045B4
:101BC000444FA84201D0B84201D1434900E0434903
:101BD000896801F01F0602F0D1FB18B10221084606
:101BE000BDE8F08194F8580001280CD0012084F859
:101BF00058002046FEF790FE01004FF0000204D08E
:101C000084F85820EBE70220EAE7E06D40F6016334
:101C1000984340F48070E0652068314BDFF8C4C021
:101C2000B84201D1AE4604E0984201D1E64600E058
:101C30008646864500D02EB9D4F85CE02EF4801E8E
:101C4000C4F85CE0D4F85CE05FEACE4E06D5D4F888
:101C500060E02EF0060EC4F860E000E022664FF06F
:101C60001C0EC0F800E084F858202068B84201D16A
:101C70002A4604E0984201D1624600E002468242D0
:101C80000ED06EB1052E0BD0092E09D0E26D42F4B4
:101C90008012E265B84213D0984210D165460FE039
:101CA000C268920105D5E26D22F4005242F48052DE
:101CB000E26582680C4B1A40121D82608FE7054670
:101CC000E86880018BD5E06D20F4005040F480502E
:101CD000E06584E700010050000300500007005059
:101CE0000005005000040050C0FFFF7F70B504469F
:101CF00000F044F90546601C02D0044840680444E2
:101D000000F03CF9401BA042FAD370BD2C0000202B
:101D10002DE9F04FDFF82092002301260324A9F1DA
:101D2000040B85B00F2709F1040AABF1040EFAE0A9
:101D300006FA03F52A407CD091F804C00CF0030C9D
:101D4000BCF1010F02D0BCF1020F26D1D0F808C0BF
:101D5000CDF800C04FEA430C04FA0CF8CDF810C0DF
:101D6000DDF800C02CEA080CCDF800C0D1F80C80DA
:101D7000DDF810C008FA0CF8DDF800C048EA0C08DD
:101D8000C0F80880D0F804C02CEA050C0D79C5F322
:101D900000159D4045EA0C0545600D79ED43AD0702
:101DA0000ED0C5684FEA430804FA08FC25EA0C0582
:101DB000D1F808C00CFA08FC4CEA050CC0F80CC0BD
:101DC0000D7905F00305022D16D1DD0800EB850C19
:101DD000CDF808C0DCF820805D074FEAD56C07FA23
:101DE0000CF528EA05080D6905FA0CF5DDF808C0C0
:101DF00045EA0805CCF8205005684FEA430CCDF8B9
:101E000008C004FA0CFC25EA0C0591F804C00CF09B
:101E10000308DDF808C008FA0CF848EA0508C0F81D
:101E200000804D6815F4403F7CD0444DD5F860C02B
:101E300000E077E04CF0010CC5F860C02D6E23F097
:101E4000030C05F0010500953D4D65440295AD6814
:101E50004FEA837C4FEA1C7807FA08FC25EA0C0558
:101E6000B0F1904F06D0DFF8DCC0604505D14FF0EF
:101E7000010C20E04FF0000C1DE0DFF8CCC0604505
:101E800002D14FF0020C16E0DFF8C0C0604502D16D
:101E90004FF0030C0FE0DFF8B8C0604502D14FF0FF
:101EA000040C08E0DFF8ACC0604502D14FF0050C2F
:101EB00001E04FF0060C0CFA08FC4CEA050C029D00
:101EC000C5F808C0D9F80050CC46D1F80480954335
:101ED0005FEAC82800D51543CCF80050DAF8005066
:101EE000D446D1F8048095435FEA882800D515438D
:101EF000CCF80050DBF80050DC46D1F80480954364
:101F00005FEA883800D51543CCF80050DEF8005061
:101F1000F446D1F8048095435FEAC83800D51543EC
:101F2000CCF800505B1C0A6832FA03F57FF400AF6E
:101F300005B0BDE8F08F0000080401400010024029
:101F4000000001400004004800080048000C004860
:101F500000100048001400480069084000D001202B
:101F60007047426921EA02030A4043EA0241816163
:101F700070470AB18161704781627047014880688B
:101F8000704700002C00002030B590F8DD20022AB8
:101F900037D090F8DC20012A33D0012480F8DC40CF
:101FA000022280F8DD200368D3F8A02322F0020586
:101FB0000A7802F002022A4322F03C050A7902F074
:101FC0003C022A4322F470758A682A4322F4806511
:101FD0008A8902F480622A430D69C3F8A453056814
:101FE0004B69C5F8A83303688969C3F8AC13016865
:101FF000C1F8A02380F8DD40002180F8DC100846FD
:1020000030BD022030BD10B590F8DD20022A16D078
:1020100090F8DC20012A12D0012200F8DC2F0223E4
:10202000437050F8DC3CD3F8A04324F001040C4387
:10203000C3F8A043427000210170084610BD022081
:1020400010BD10B590F8DC20012A21D0012280F8C3
:10205000DC20022380F8DD304B1C1BD00368D3F852
:10206000CC4344F00204C3F8CC430368D3F8CC4318
:1020700024F00C040C43C3F8CC430168D1F8CC33F2
:1020800043F00103C1F8CC3380F8DD20002010BDFF
:10209000022010BD0168D1F8CC3323F00203C1F84F
:1020A000CC33EAE738B5040056D0022084F8DD00CE
:1020B0000025C4F8E050C4F8E450C4F8E850C4F86F
:1020C000EC50C4F8F050C4F8F450C4F8F850207A3A
:1020D000C0071BD021492068884208D12048016EE2
:1020E00041F080610166006E00F080600090216820
:1020F000086820F44042208A00F44040104320F455
:102100004052A08A00F4405010430860204600F07E
:1021100029F8207A800708D52168086820F44072E1
:10212000A08900F4407010430860012084F8DD00AD
:1021300084F8DC505FF00001C1EBC10004EB8000CB
:10214000491C8561C561056245628562C9B2056346
:102150000629F1D9002038BD012038BD00680140B2
:102160000010024008B500680649884208D10648B8
:10217000016E41F080610166006E00F080600090A9
:1021800008BD0000006801400010024070B50D4617
:102190000446FFF7F3FE064607E0681C05D0FFF78C
:1021A000EDFE801BA8420DD865B12068D0F88803E9
:1021B000C043C003F1D4012084F8DD00002084F87E
:1021C000DC0070BD072084F8DD00032070BD70B511
:1021D00090F8DD30022B1DD090F8DC30012B19D0A7
:1021E000012380F8DC30022480F8DD40EC2504680F
:1021F00005EBC1156159CE0605D54FF6C076B14342
:1022000032400A43625180F8DD30002180F8DC1052
:10221000084670BD022070BD70B590F8DD30022B0D
:1022200023D0022380F8DD30062920D080230468E3
:1022300003EBC115635923F007069368334323F07A
:102240001806D368334363519425046805EBC11520
:10225000136863519824036804EBC11152685A5003
:10226000012180F8DD10002070BD022070BD0368E0
:10227000196821F007049168214321F01804D168FE
:1022800021431960036811685961516802689161BE
:10229000E6E72DE9F04F90F8DD40022C25D090F8CC
:1022A000DC40012C21D04FF0010980F8DC900224A1
:1022B00080F8DD4000274FF0070C062918D09C2439
:1022C00004EBC116012A39D08024A8254FF4005A06
:1022D0004FF4405B05EBC11504EBC114022A2FD06B
:1022E000042A45D0082A0BD144E00220BDE8F08F33
:1022F000012A0AD0022A0CD0042A0ED0082A10D0B3
:1023000080F8DDC080F8DC700EE002681968D161E9
:102310000AE002681968516206E002681968916271
:1023200002E002681968D16290F8DD10072948D0F0
:1023300080F8DD9080F8DC700020D7E7196835E080
:102340004FF0A408D0F800C008EBC1111A684CF88F
:1023500001205968002901680A5922F440522ED000
:102360000A5101680A59D3F804C042EA0C0218E085
:10237000196821E04FF0AC08D0F800C008EBC1119B
:102380001A684CF801205968002901680A5922F49A
:10239000404214D00A5101680A59D3F804C042EAF5
:1023A0008C020A515968514503D1996802689151CC
:1023B000BAE75945B8D1996802685151B4E70A5152
:1023C000B2E7012092E710B590F8DC20012A0ED088
:1023D000012200F8DC2F0223437050F8DC3C1C681B
:1023E0000C431C60427000210170084610BD0220A1
:1023F00010BD70B5044690F8DD00022811D094F8A5
:10240000DC0001280ED0012584F8DC50022084F87D
:10241000DD00204601F063FE84F8DD50002084F8E2
:10242000DC0070BD022070BD10B590F8DC20012AE0
:1024300010D0012200F8DC2F0223437050F8DC3C5E
:10244000D3F894430C43C3F89443427000210170C5
:10245000084610BD022010BD2DE9F041044690F859
:10246000DD0015460E46022826D094F8DC0001282F
:1024700021D0012784F8DC70022084F8DD00062ECC
:102480001CD0204601F09AFEC6EBC60004EB80008B
:102490002968016269684162A9688162E968C1626C
:1024A000296901633146204601F09BFD062E15D0B7
:1024B000E86A40B112E00220BDE8F08111462046F2
:1024C00001F0C4FDE0E78021206801EBC61142580D
:1024D000EB6D22F4007242EA4322425084F8DD7030
:1024E000002084F8DC00E7E72DE9F041044690F88D
:1024F000DD00022824D094F8DC0001281FD001253B
:1025000084F8DC50022084F8DD00EC20266800EB23
:10251000C113F058176820F0100040EA071020F4AB
:1025200080175068384320F48037D068384320F44F
:102530000037906838439769012F03D00CE00220E0
:10254000BDE8F08120F004071069384320F002074D
:102550005069384340F00100F050204601F041FD41
:1025600084F8DD50002084F8DC00E9E770B5040051
:1025700011D021684CF6CC400860216845F25550D6
:102580000860D4E9000141602168A0688860FFF715
:10259000F5FC05460DE0012070BD00BFFFF7EEFC25
:1025A000401B312805D92068C068400701D00320AE
:1025B00070BD2068C0684007F0D120680269E168FA
:1025C0008A4201D0016102E04AF6AA21016000209E
:1025D00070BD00684AF6AA21016000207047000023
:1025E0000248816842681144816070472C000020D5
:1025F00010B50024032000F09BF80F2000F008F82D
:1026000008B1012401E000F047F8204610BD0000A9
:1026100030B505461B4887B0016E41F40061016684
:10262000006E06A900F40060009001A800F066FBAF
:1026300000F096FB1449154AB0FBF1F11448491E0D
:102640000260416040F2E7320021C0E9032181606D
:1026500000F08BFE040012D10D4800F0FDFE0400D6
:102660000DD1192000F036F8102D07D2002229468E
:10267000192000F03DF80748056000E0012407B08C
:10268000204630BD0010024040420F00002C0140A7
:10269000840500202C0000200D4808B5016E41F093
:1026A00001010166016E01F001010091816D41F0AF
:1026B00080518165806D002200F0805000900F21D4
:1026C000901E00F015F8BDE8084000F0A1B8000029
:1026D00000100240002809DB00F01F020121914098
:1026E0004009800000F1E020C0F8001170470000B0
:1026F000F0B40E4B1B680C46C3F30223C3F107056D
:10270000042D00D90425191D072901D2002300E05A
:10271000DB1E012606FA05F1491E214099409E4024
:10272000761E16403143F0BC03F06ABD0CED00E0AC
:10273000064900F0070208684FF6FF03184040EA18
:102740000220034A10430860704700000CED00E0CF
:102750000000FA052B492C4B0A6832214A432B49C9
:1027600040B1B0F5007F086829D020F4C06040F483
:1027700080602CE00868C0F34120022804D051F8A2
:10278000800F20F4807022E0D1F8800020F4807067
:10279000C1F88000086820F4C06040F40070086050
:1027A000B2FBF3F0401C00E0401E4A69520501D51F
:1027B0000028F9D1486940050AD503207047C0F3C5
:1027C0004120022806D051F8800F40F48070086044
:1027D00000207047D1F8800040F48070C1F880007C
:1027E000086820F4C06040F400700860B2FBF3F0A9
:1027F000401C00E0401E4A695205DBD50028F9D193
:10280000D8E700003800002040420F000070004070
:102810000248816841F48041816070470070004047
:102820002DE9F843044600680026BB4D00035ED541
:10283000A86D0027C00008D4A86D40F08050A8659E
:10284000A86D012700F080500090DFF8D092D9F8F1
:10285000001041F48071C9F80010FFF78FFB80462B
:1028600006E000BFFFF78AFBA0EB080002282BD888
:10287000D9F80000C005F5D5D5F8900010F44070E7
:1028800014D0216D814211D0D5F89000D5F8901068
:1028900020F4407041F48031C5F89010D5F89010C4
:1028A00021F48031C5F89010C5F89000C00711D010
:1028B000FFF764FB804641F2883907E0FFF75EFBD3
:1028C000A0EB0801494501D903260BE0D5F890009B
:1028D0008007F3D5D5F89000216D20F440700843AF
:1028E000C5F890001FB1A86D20F08050A865207831
:1028F000C00707D0D5F88800616820F003000843BE
:10290000C5F888002078800707D5D5F88800A16829
:1029100020F00C000843C5F888002078400707D550
:10292000D5F88800E16820F030000843C5F8880039
:102930002078000707D5D5F88800216920F0C0006D
:102940000843C5F888002078C00607D5D5F8880068
:10295000616920F440700843C5F88800207880063B
:1029600007D5D5F88800A16920F440600843C5F870
:1029700088002078400607D5D5F88800E16920F462
:1029800040500843C5F888002078000607D5D5F8E0
:102990008800216A20F440400843C5F88800208858
:1029A000C00507D5D5F88800616A20F44030084397
:1029B000C5F888002068800307D5D5F89C00A16A77
:1029C00020F003000843C5F89C002088800507D547
:1029D000D5F88800E16A20F440200843C5F8880053
:1029E000208840050FD5D5F88800216B20F44010D1
:1029F0000843C5F88800206BB0F5801F03D1E86854
:102A000040F48010E860208800050FD5D5F88800D4
:102A1000616B20F440000843C5F88800606BB0F596
:102A2000800F03D1E86840F48010E8602088C0047B
:102A30000FD5D5F88800A16B20F040700843C5F889
:102A40008800A06BB0F1807F03D1E86840F480106B
:102A5000E86020884FF0006180040ED5D5F888002A
:102A6000E26B20F040601043C5F88800E06B8842BC
:102A700003D1E86840F48010E860208840040ED557
:102A8000D5F88800226C20F040601043C5F888001B
:102A9000206C884203D1E86840F48010E860208808
:102AA00000040FD5D5F88800616C20F04050084331
:102AB000C5F88800606CB0F1805F03D1E86840F42D
:102AC0008030E8602068C0030FD5D5F88800A16C7D
:102AD00020F040400843C5F88800A06CB0F1804F5A
:102AE00003D1E86840F48030E860206840030FD5E7
:102AF000D5F89C00E16C20F440100843C5F89C0018
:102B0000E06CB0F5001F03D1E86840F48010E86085
:102B10003046BDE8F883000000100240007000401D
:102B20002DE9F0470E4605004FF0000725D0DFF8ED
:102B3000AC81D8F8000000F00F00B0420CD2D8F8F9
:102B4000001021F00F013143C8F80010D8F8000040
:102B500000F00F00B04210D12968614CC80741F263
:102B6000883A5AD06868DFF87C91032808D0022898
:102B700020682DD0400500282CDB0120BDE8F0871F
:102B800020688001F9D5E06800F00302E068C0F336
:102B90000310401C032A19D0534A00BFB2FBF0F0C7
:102BA000E268C2F306225043E268C2F34162521C5B
:102BB0005200B0FBF2F0484517D9A06810F0F00FB2
:102BC0000CD0880711D5A86840B10EE0474AE5E768
:102BD0008003D0E700F0D6F8484506D9A06820F079
:102BE000F00040F08000A0608027A068696820F0B5
:102BF00003000843A060FFF7C1F9814606E000BF6B
:102C0000FFF7BCF9A0EB090151453AD8A068696803
:102C100000F00C00B0EB810FF2D12868810714D5C9
:102C2000400703D5A06840F4E060A0602878000762
:102C300005D5A06820F4605040F4E060A060A06872
:102C4000A96820F0F000084304E0802F03D1A068B9
:102C500020F0F000A060D8F80010404601F00F010D
:102C6000B14216D9016821F00F0131430160FFF72D
:102C700085F9074607E000BFFFF780F9C11B514502
:102C800001D903207AE7D8F8000000F00F00B04225
:102C9000F2D12878400705D5A068E96820F4E06003
:102CA0000843A0602878000706D5A068296920F4A9
:102CB000605040EAC100A06000F064F8A1680C4ACE
:102CC000C1F30311515C01F01F01C84009490860BC
:102CD00009480068BDE8F047FFF79ABC00200240B1
:102CE0000010024000B4C4040024F400001BB7002C
:102CF000C4890008380000202C0000200F22026048
:102D00000C4A936803F003034360936803F0F003F5
:102D10008360936803F4E063C36092684FF4E063F8
:102D200003EAD20202610448006800F00F00086064
:102D3000704700000010024000200240054806498C
:102D400000688968054AC1F30221515C01F01F0146
:102D5000C84070473800002000100240D4890008A5
:102D60000548064900688968054AC1F3C221515CDB
:102D700001F01F01C84070473800002000100240D9
:102D8000D4890008184910B58868C0F38102174833
:102D9000012A0BD08A68164BC2F38102022A06D0A0
:102DA0008A68C2F38102032A03D0002010BD1846AE
:102DB00010BDCA6802F00304CA68C2F30312521CB1
:102DC000032C02D0B0FBF2F001E0B3FBF2F0CA68D2
:102DD000C968C2F306225043C1F34161491C49004E
:102DE000B0FBF1F010BD0000001002400024F40020
:102DF000001BB7002DE9F84304007AD02078F84D85
:102E0000C00747D0A868E96800F00C0001F0030192
:102E10000C2802D0082817D001E0032914D06068DC
:102E2000B0F5803F17D0B0F5A02F286817D020F458
:102E300080302860286820F4802028606068E0B135
:102E4000FFF79CF8064614E02868800322D56068E6
:102E50000028D2D01EE0286840F48030EDE740F42E
:102E600080202860F7E700BFFFF788F8801B642800
:102E700070D828688003F7D50CE0FFF77FF8064686
:102E800005E000BFFFF77AF8801B6428F0D82868B7
:102E90008003F7D4207880074CD5A868E96800F053
:102EA0000C0001F003010C2802D004280DD001E031
:102EB00002290AD0E068002828682BD040F48070EE
:102EC0002860FFF75BF8064619E02868400502D540
:102ED000E068002891D06868217C20F0FE4040EA3C
:102EE00001606860BF480068FFF792FB002800D1CE
:102EF00020E072E1FFF742F8801B0228B8D828686A
:102F00004005F7D56868217C20F0FE4040EA01606A
:102F100068600FE020F480702860FFF72FF8064605
:102F200005E000BFFFF72AF8801B0228A0D8286818
:102F30004005F7D42078000729D560690028D5F826
:102F4000940013D040F00100C5F89400FFF716F884
:102F5000064606E090E000BFFFF710F8801B02284D
:102F600086D8D5F894008007F6D510E020F001004F
:102F7000C5F89400FFF702F8064604E0FEF7FEFFEE
:102F8000801B022878D8D5F894008007F6D42078E2
:102F9000400761D5A86D0026C00008D4A86D40F098
:102FA0008050A865A86D012600F0805000908E48E2
:102FB0000168C90511D40168804641F4807101603F
:102FC000FEF7DCFF074604E0FEF7D8FFC01B02282F
:102FD00052D8D8F80000C005F6D5A068012815D051
:102FE0000528D5F8900016D020F00100C5F8900013
:102FF000D5F8900020F00400C5F89000A06841F2D8
:103000008838B8B1FEF7BAFF07460EE0D5F8900051
:1030100040F00100F0E740F00400C5F89000F5E74B
:10302000FEF7ACFFC11B414526D8D5F890008007BC
:10303000F6D50CE0FEF7A2FF074604E0FEF79EFF80
:10304000C11B414518D8D5F890008007F6D41EB1B1
:10305000A86D20F08050A8652078800629D5A06949
:103060000028D5F8980013D040F00100C5F898006A
:10307000FEF784FF064606E075E000BFFEF77EFF20
:10308000801B02286FD8D5F898008007F6D510E08D
:1030900020F00100C5F89800FEF770FF064604E036
:1030A000FEF76CFF801B02285DD8D5F898008007DA
:1030B000F6D4E069F0B3A968C1F3810103295DD0BA
:1030C0000228286820F08070286003D0FEF756FFA1
:1030D00004464BE0FEF752FF064604E0FEF74EFFC3
:1030E000801B02283FD828688001F7D4F4E9080142
:1030F0006FF00F0202EB01110843218A52044908C4
:1031000002EB4151A26841EA02210843217D4FF0C0
:103110007E42490802EB41610843217B40EAC160DD
:10312000E968324A11400843E860286840F080703E
:10313000286000E05EE0E86840F08070E860FEF73C
:103140001DFF044605E000BFFEF718FF001B022824
:1031500009D828688001F7D54CE000BFFEF70EFFC4
:10316000001B022802D90320BDE8F88328688001EB
:10317000F4D4E8681E490840E8603BE00128F3D039
:10318000E868226A00F00301914226D1616A00F0EA
:10319000F0020901103991421FD1A26A00F4FE41E8
:1031A000B1EB022F19D194F82C2000F07841B1EB4B
:1031B000C26F12D1218E00F4C00249084905A1F561
:1031C0000011914209D194F8341000F0C060490810
:1031D0004906A1F1007181420CD00120C4E7000032
:1031E000001002402C000020007000400C809F0165
:1031F000FCFFEEFE0020B7E7704770477047000005
:1032000030B590F83C20012A45D0012280F83C20BE
:10321000CA688B6822F440721A434B6822F48062B9
:103220001A430B6822F400621A430B6922F480529D
:103230001A434B6922F400521A430B6B22F480426A
:103240001A430B8B22F4702242EA0342CB6922F02C
:1032500080521A43114D03680024AB4205D0104D33
:10326000AB4202D00F4DAB4210D10D8D22F4700253
:1032700042EA05520D6A22F080722A434D6A22F01A
:1032800000722A43C96A22F000520A435A6480F845
:103290003C40002030BD022030BD0000002C014029
:1032A00000340140005001407047704770470000F3
:1032B000F0B590F83C20012A43D0012580F83C501D
:1032C000022280F83D2003685A689C681E4E1F4FFA
:1032D000DFF87CC0B34203D0BB4201D0634504D1C8
:1032E00022F4700E4A6842EA0E02DFF868E002EA51
:1032F0000E02D1F800E04EEA020EC3F804E00268C4
:10330000B24212D0B2F1804F0FD0134B9A420CD080
:10331000124B9A4209D0124B9A4206D0BA4204D0BC
:10332000104B9A4201D0624504D1896824F0800391
:103330001943916080F83D50002180F83C10084608
:10334000F0BD0220F0BD0000002C0140003401401F
:10335000005001408FFFFFFD0004004000080040C6
:10336000000C004000400140704710B5040003D03D
:1033700094F83D0010B107E0012010BD002084F852
:103380003C00204600F022F8022084F83D00211D78
:10339000206802F0AFF8012084F8480084F83E006D
:1033A00084F83F0084F8400084F8410084F842002B
:1033B00084F8430084F8440084F8450084F846000B
:1033C00084F8470084F83D00002010BD10B586B099
:1033D000044614216846FCF7C5FF21681B48B1F17B
:1033E000804F0CD01A4A914207D1016E41F400512E
:1033F0000166006E00F40050059006B010BD816DAE
:1034000041F001018165816D01F001010591C16CFF
:1034100041F00201C164C06C694600F002000590F1
:1034200008200090022001900020029003900120CB
:1034300004900848FEF76CFC002208211C20FFF7CE
:1034400057F91C20FFF746F9D7E7000000100240AB
:10345000003401400004004890F83D10012901D0DB
:1034600001207047022180F83D100168CA6842F0CF
:103470000102CA6000681349884214D0B0F1804F3D
:1034800011D0114988420ED0104988420BD0104902
:10349000884208D00F49884205D00F49884202D09F
:1034A0000E49884207D181680D4A1140062906D08D
:1034B000B1F5803F03D0016841F0010101600020B7
:1034C00070470000002C014000040040000800404C
:1034D000000C004000340140004001400050014019
:1034E0000700010070B5044690F83C000025012853
:1034F0001CD0012684F83C60022084F83D0022683C
:103500009068334B184020F47F4090600868B0F515
:10351000005F2ED016DC402849D009DCD0B110283D
:1035200018D0202816D0302849D113E0022070BDD1
:1035300050282AD0602830D070280FD0B0F5805F96
:103540003DD13DE010F00F0F39D10111A1F58031CF
:10355000072934D822680146104625E0CB68D1E916
:103560000121206802F045F82068816841F0770168
:1035700009E0CB68D1E90121206802F03AF820681F
:10358000816841F4804181601AE0CA684968206816
:1035900002F004FA5021206806E0CA6849682068F1
:1035A00002F04EFA6021206802F02EF808E0CA68A6
:1035B0004968206802F0F2F940212068F4E701250B
:1035C00084F83D60002084F83C00284670BD00006F
:1035D00088FFCEFF2DE9F0410068B0F1804F53D154
:1035E0002A4C2068C068C04380074DD4DFF8A08013
:1035F00008214046FEF7B0FC0026264D012708B101
:10360000E87828B108214046FEF7A6FC60B10DE03D
:10361000EF702068016A21F0A00101622068016A50
:1036200041F02001016229E0287940B1082140469B
:10363000FEF792FC20B3287901280FD020E0042166
:10364000124800F041FB68612068016A21F0A00186
:1036500001622068016A01622F7111E004210B48A8
:1036600000F032FB28612068016A21F0A0010162AC
:103670002068016A41F0200101622E7120684662D3
:1036800021686FF004000861BDE8F081C4030020E8
:1036900000040048D40000202DE9F041054690F8D0
:1036A0003C0000260C46012810D0012085F83C0083
:1036B00072B1042A1CD0082A2CD00C2A50D0012622
:1036C000002085F83C003046BDE8F0810220FBE791
:1036D000D4E90012E368286802F072F92868816969
:1036E00021F00C01816128688169A26811430FE013
:1036F000D4E90012E368286802F0B4F92868816907
:1037000021F44061816128688169A26841EA02214F
:103710008161D5E72868D4E9002C277B036A016A18
:1037200021F480710162C16923F4206321F0030157
:1037300041EA0C0121F0F00C39074FF420674CEA04
:10374000116107EA02221A43C16102622868C16955
:1037500021F00C01C1612868C169A26811432BE006
:103760002868D4E90021E768036AD0F820C02CF467
:10377000805CC0F820C0D0F81CC023F420432CF497
:10378000407C4CEA012121F4704C4FF6FF7101EAB4
:1037900007314FF4204741EA0C0107EA02321A438D
:1037A000C16102622868C16921F44061C161286871
:1037B000C169A26841EA0221C16181E710B5040034
:1037C00003D094F83D0010B107E0012010BD0020A7
:1037D00084F83C00204600F022F8022084F83D00E6
:1037E000211D206801F086FE012084F8480084F83D
:1037F0003E0084F83F0084F8400084F8410084F8DB
:10380000420084F8430084F8440084F8450084F8BA
:10381000460084F8470084F83D00002010BD704742
:103820002DE9F04104460068C66805694FF00007BD
:10383000A90713D5B10711D5F91E01610120207721
:10384000206880698007204602D0FFF7C3FE04E0AD
:1038500000F0E0F8204600F0A2F92777680716D5B7
:10386000700714D521686FF00400086102202077EA
:103870002068806910F4407F204602D0FFF7AAFE3E
:1038800004E000F0C7F8204600F089F92777280700
:1038900015D5300713D521686FF0080008610420A2
:1038A00020772068C0698007204602D0FFF792FE8B
:1038B00004E000F0AFF8204600F071F92777E80641
:1038C00016D5F00614D521686FF0100008610820A5
:1038D00020772068C06910F4407F204602D0FFF7AF
:1038E00079FE04E000F096F8204600F058F92777BA
:1038F000E80708D0F00706D021686FF001000861E2
:10390000204600F0D7F9280601D4A80408D53006CF
:1039100006D521686FF4025008612046FFF76DFC60
:10392000E80508D5300606D521686FF48070086177
:103930002046FFF761FC680608D5700606D52168A9
:103940006FF040000861204600F0D3F9A80608D5C2
:10395000B00606D521686FF0200008612046FFF709
:103960004DFCE80208D5F00206D521686FF48010FE
:1039700008612046FFF799FCA80208D5B00206D5D9
:1039800021686FF4001008612046FFF78DFC680283
:1039900008D5700206D521686FF4800008612046C2
:1039A000FFF784FC28020AD5300208D521686FF49D
:1039B000000008612046BDE8F041FFF7D5BCBDE836
:1039C000F081000010B586B0044614216846FCF76B
:1039D000C9FC0E492068884216D10D48C16C41F0DF
:1039E0000101C164C06C002100F0010005904FF49A
:1039F000004000900220CDE90101CDE903106946A5
:103A00004FF09040FEF784F906B010BD003401403D
:103A100000100240704770B5044690F83C00002644
:103A20000D4601280BD0012084F83C000C2A4AD016
:103A300007DC82B1042A20D0082A06D131E0022016
:103A400070BD102A53D0142A63D00126002084F8B8
:103A50003C00304670BD206801F0E0FD20688169BF
:103A600041F0080181612068816921F004018161D0
:103A7000206881692A69114311E0206801F024FE61
:103A80002068816941F4006181612068816921F4C5
:103A900080618161206881692A6941EA022181612E
:103AA000D4E7206801F060FE2068C16941F0080198
:103AB000C1612068C16921F00401C1612068C16948
:103AC0002A69114311E0206801F09EFE2068C16957
:103AD00041F40061C1612068C16921F48061C16164
:103AE0002068C1692A6941EA0221C161AEE7206804
:103AF00001F0DAFE2068016D41F0080101652068DF
:103B0000016D21F0040101652068016D2A691143EE
:103B100011E0206801F004FF2068016D41F40061AC
:103B200001652068016D21F4806101652068016DE7
:103B30002A6941EA0221016588E710B5040003D033
:103B400094F83D0010B107E0012010BD002084F87A
:103B50003C00204600F022F8022084F83D00211DA0
:103B6000206801F0C7FC012084F8480084F83E007A
:103B700084F83F0084F8400084F8410084F8420053
:103B800084F8430084F8440084F8450084F8460033
:103B900084F8470084F83D00002010BD704770474E
:103BA00070B50446022269B1042912D0082917D041
:103BB0000C291CD0102921D094F84300012824D0CE
:103BC000012070BD94F83E000128F9D184F83E2010
:103BD0001DE094F83F000128F2D184F83F2016E060
:103BE00094F840000128EBD184F840200FE094F8CD
:103BF00041000128E4D184F8412008E094F8420013
:103C00000128DDD184F8422001E084F8432001221C
:103C1000206801F0E1FC1D4920681D4A1D4B1E4D26
:103C200088420BD0904209D0984207D01B4EB04238
:103C300004D01B4EB04201D0A84203D1466C46F4DA
:103C4000004646642068884211D0B0F1804F0ED003
:103C5000144988420BD01449884208D0134988423D
:103C600005D0904203D0984201D0A84207D1816884
:103C70000F4A1140062906D0B1F5803F03D00168F4
:103C800041F001010160002070BD0000002C0140E6
:103C90000034014000400140005001400044014018
:103CA000004801400004004000080040000C0040B3
:103CB0000700010000680349884201D1FEF790BC6B
:103CC00070470000002C01400246002041B1042949
:103CD00009D008290AD00C2901D11068006C70475E
:103CE0001068406B70471068806B70471068C06B3D
:103CF0007047704790F88410012918D0012180F88E
:103D000084102421C0F8881001680A680B6823F029
:103D100001030B6022F00051002242660368196023
:103D20002021C0F8881080F88420104670470220B7
:103D3000704770B5044690F8840001281DD001201A
:103D400084F884002420C4F888002068056802688C
:103D500022F0010202602068826822F060620A4359
:103D60008260204601F088FF206805602020C4F8AA
:103D70008800002084F8840070BD022070BD70B5FA
:103D8000044690F8840001281DD0012084F88400A6
:103D90002420C4F8880020680568026822F0010227
:103DA00002602068826822F060420A4382602046F6
:103DB00001F062FF206805602020C4F88800002020
:103DC00084F8840070BD022070BD10B5040003D0DB
:103DD000D4F8880010B107E0012010BD002084F85D
:103DE0008400204600F026F82420C4F888002068CB
:103DF000016821F001010160A06A10B1204601F0C4
:103E00005DFF204602F03EF80128E6D020684168B8
:103E100021F4904141602068816821F02A0181608D
:103E20002068016841F0010101602046BDE81040B2
:103E300001F0A8BF2DE9F0419CB00446142115A85B
:103E4000FCF790FA54216846FCF78CFA3449206854
:103E5000344C0226DFF8D08004270025884234D174
:103E60001020059500906846FEF7DAFC08B1FDF7D2
:103E7000B3F8A06D40F48010A065A06D00F4801030
:103E80001A90E06C40F00400E064E06C00F0040084
:103E90001A90E06C40F00800E064E06C052400F04B
:103EA00008001A904FF48050CDE91665CDE91854FA
:103EB000159015A94046FDF72BFFCDE91665CDE914
:103EC0001854159715A9194824E01949884223D197
:103ED000684600970395FEF7A3FC08B1FDF77CF850
:103EE000A06D40F48020A065A06D00F480201A90A1
:103EF000E06C40F00400E064E06CCDE9166500F091
:103F000004001A904FF4406015900720CDE9185036
:103F100015A94046FDF7FCFE1CB0BDE8F08100008D
:103F2000005000400010024000080048000C00480B
:103F3000004800402DE9F8430446D0F88800984630
:103F400016460D46202802D00220BDE8F883A5B110
:103F50009EB10020C4F890002120C4F888001834D5
:103F6000FEF70CF8A6878146E68754F8100C202748
:103F7000183CB0F5805F02D003E00120E5E720693E
:103F800010B12E46002510E000260EE080212046CC
:103F900002F0C4F8C0B9DEB116F8010B21688862DE
:103FA000B4F85600401EA4F85600B4F856004B462C
:103FB0004FF00002CDF800800028E7D14FF040011B
:103FC000204602F0ABF840B1C4F888700320BCE78B
:103FD00035F8020BC0F30800E0E7C4F88870002051
:103FE000B3E7072930D2DFE801F00A10161C2228B7
:103FF00004000068D0F8841341F0010122E0006859
:10400000D0F8841341F002011CE00068D0F884135A
:1040100041F0040116E00068D0F8841341F0080173
:1040200010E00068D0F8841341F010010AE0006845
:10403000D0F8841341F0200104E00068D0F8841324
:1040400041F04001C0F884137047000070B5036868
:104050001A68D3F8A0534C6922F020022646144374
:1040600024F0C002202E2BD08C69022C28D0032CE7
:104070002BD0042C2ED022F0E00200BF22F40064EA
:10408000CA69224322F480640A6A224322F0C0648F
:104090004A6A224322F000648A6A2243CC6A22F0F0
:1040A000404242EA840222F000544A6B096B2243E8
:1040B00025F4803421431A600068C0F8A01370BD55
:1040C00022F0C00242F02002D8E722F0800242F043
:1040D0004002D3E722F0400242F08002CEE7F0B582
:1040E0000024E426056806EBC11755F807C0B8267A
:1040F00006EBC116AE59402A20D00EDC082A2CD07F
:1041000006DC012A1AD0022A27D0042A31D115E070
:10411000102A13D0202A2CD11FE0B2F5007F1CD02A
:1041200005DC802A19D0B2F5807F22D106E0B2F5F5
:10413000806F03D0B2F5006F1BD10EE04FF0BC0EC4
:104140000EEBC11E5A6845F80E204FF0C00E0568F0
:104150000EEBC1119A686A500BE0C42404EBC11441
:104160005A682A51C825046805EBC1119A68625043
:104170001024FE21A1401A682CEA010CA240D96843
:1041800042EA0C02A14011431A69D3F814C0154643
:10419000A2400A430CFA04FC99694CEA020CA140C3
:1041A00041EA0C01082D06D1B20504D4B20102D4B3
:1041B000DA69A24011430068C151F0BD2DE9F04F0A
:1041C0008024036804EBC117DC5924F07044DC51EF
:1041D0000568EC59E82303EBC1139E4655F803C06C
:1041E000E42303EBC1139B4655F803A0D5F8A03395
:1041F000566924F020043443202E24D09669022EE0
:1042000021D0032E24D0042E27D024F4D07400BF54
:1042100024F40066D469344324F48066146A344379
:1042200024F0C066546A344324F00066946A344330
:1042300024F07046D46A3443566B24F40034B6F14B
:10424000005F0FD010E024F4C07444F02004DFE7D6
:1042500024F4807444F08004DAE724F0800444F409
:104260008074D5E744F4003424F04008946B2CF0BB
:104270003F0C264644EA080424F48028946D44EA5E
:104280000804DFF8D08004EA0804D2F8508048EA35
:10429000040992F83C40D2F8408004F03F0444EA1C
:1042A0000C0424F0004448EA0408546C2AF4807C8E
:1042B00044EA0C04D2F848C0BCF5606F02D0BCF5EB
:1042C000F05F01D1402E03D124F4F0544CEA0404F1
:1042D00024F48046D46C3443566D062927D2DFE897
:1042E00001F003090F151B21126B23F4003343EA7D
:1042F00042031CE0126B23F4802343EA820316E09E
:10430000126B23F4002343EAC20310E0126B23F480
:10431000801343EA02130AE0126B23F4001343EA0A
:10432000421304E0126B23F4800343EA821345F83E
:104330000790056845F80E80056845F80B40D424C1
:10434000026804EBC11156500068C0F8A033BDE804
:10435000F08F0000FFFF06FEFEE700000148FEF7B9
:1043600038B90000B403002000EB8100006E00F0BB
:10437000F84070478068C0F3C00070478068C0F3A1
:10438000800070478068C0F380007047C06810F4F8
:10439000406F01D00020704701207047042303EADA
:1043A000D15310B518444369C1F3045107248C401C
:1043B000A3438A401343436110BD00EB8100016EAB
:1043C00021F00041114301667047000008B5AE4876
:1043D0000090FF24002301226421ACA004F048FADD
:1043E000DFF8B0924FF47A764D46C9F80400AA4837
:1043F0000090002301223146A8A004F039FAA860F9
:10440000AA48009000230122C821A9A004F030FA94
:10441000E860AA480090002301223146A8A004F0D9
:1044200027FA2861AA480090002301223146A9A05A
:1044300004F01EFA686104F09BF84FF0000A02468F
:10444000CDF800A053460121686804F05BFAA54846
:10445000006803F0B3F90146A3A0FCF795FDA9A1FC
:10446000ABA0FCF791FDAEA1B0A0FCF78DFDB34E63
:10447000DFF8CC824FF4FA7B03F0F0F9377898F844
:10448000105003F00BFAFCF7B5FD0146ADA0FCF7A8
:104490007BFD2946AFA0FCF777FD2146B4A0FCF7D1
:1044A00073FD3946B7A0FCF76FFDAC4252D02C46E5
:1044B000062D4FD2DFE805F003284F769BBE002380
:1044C000CDF800A055461A4603214F46D9F80C00F6
:1044D00004F018FA002300951A460321386904F005
:1044E00011FA002300951A460321786904F00AFAAC
:1044F000FCF78CFCFCF779FC04F03AF80246002348
:1045000000950121B868B9E00023CDF800A0554618
:104510001A4603214F46D9F8080004F0F3F90023A6
:1045200000951A460321F86804F0ECF90023009581
:104530001A460321386904F0E5F9002300951A466C
:104540000321786904F0DEF9FCF744FCFCF74DFC2C
:10455000FCF762FC94E00023CDF800A055461A4613
:1045600003214F46D9F8080004F0CCF90023009548
:104570001A460321F86804F0C5F9002300951A468D
:104580000321386904F0BEF9002300951A4603217F
:10459000786904F0B7F9FCF71DFCFCF737FCFCF771
:1045A0002AFC6DE00023CDF800A055461A460321F1
:1045B0004F46D9F8080004F0A5F9002300951A46E3
:1045C0000321386904F09EF9002300951A4603215F
:1045D000786904F097F9FCF7FDFBFCF706FC03F0A3
:1045E000C7FF0246002300950121F86846E000233A
:1045F000CDF800A055461A4603214F46D9F80800C9
:1046000004F080F9002300951A460321F86804F0AD
:1046100079F9002300951A460321386904F072F9EC
:10462000FCF7D8FB03F0A4FF02460023009501210C
:10463000786923E00023CDF800A055461A460321EF
:104640004F46D9F8080004F05DF9002300951A469A
:104650000321F86804F056F9002300951A46032157
:10466000786904F04FF9FCF7B5FBFCF7CFFB03F0DA
:104670007FFF0246009500230121386904F042F9CA
:10468000584603F0C3F9F7E65D430008494F5F4C15
:1046900045440000FC0000204D0A0008424C455FE4
:1046A000424C55455F4C454400000000D10D0008C8
:1046B000424C455F5245445F4C4544007D0A00082A
:1046C000424C455F475245454E5F4C454400000013
:1046D000510A0008475245454E5F5245445F4C45DC
:1046E00044000000080000204C656450726F635461
:1046F00061736B5F48616E646C65723A256C642E01
:104700000D0A00004A756C203136203230323500F7
:104710005F444154455F2069733A25730D0A0000D8
:1047200031353A35343A3133000000005F54494D99
:10473000455F2069733A25730D0A000000000020D0
:1047400020010020476574457272436E743A2564F7
:104750002E0D0A005458706172616D657465722E79
:104760006C65645F737461743A25642E0D0A0000F1
:10477000496E69745F6C65645F737461743A256433
:104780002E0D0A00675F74785F73797374656D5FCF
:10479000737461743A25642E0D0A000030B58BB035
:1047A000002408940994202168460A94FBF7DAFD56
:1047B0001D484FF0A041042501604FF44031C0E98D
:1047C0000114C4600461C0E9054504774477012100
:1047D000016280F82440C462046380F83840C463F6
:1047E00080F84040FCF798FF08B1FCF7F5FB08A9FA
:1047F0000D480894FCF7A6FC08B1FCF7EDFB0B484C
:10480000009006200190072002907F200594CDE9BA
:10481000030569460448FCF745FD002801D0FCF774
:10482000DBFB0BB030BD0000E001002002003004D3
:1048300030B589B020216846FBF794FD1948184926
:10484000002401604FF44031C0E90114C460042524
:104850000461C0E90545047744770121016280F8CD
:104860002440C462046380F83840C46380F8404048
:10487000FCF752FF08B1FCF7AFFB0B480090062095
:10488000CDE901047F200594CDE90305694605487B
:10489000FCF708FD002801D0FCF79EFB09B030BDF5
:1048A000000100504C0200200080F03E1CB505497C
:1048B0000120CDE900010023322203A1054803F0C5
:1048C000F1FD1CBD0400002073746172745F74619B
:1048D000736B00005D76000870B586B014216846E1
:1048E000FBF740FD2D48C16C41F00401C164C16C6F
:1048F00001F004010591C16C41F02001C164C16C5B
:1049000001F020010591C16C41F00101C164C16C4D
:1049100001F001010591C16C41F00201C164C16C5B
:1049200001F002010591C16C41F00801C164C06C45
:10493000012200F0080095024FF0904605902946AC
:104940003046FDF716FB0022E0213046FDF711FB53
:1049500000244FF44050CDE9000469461048029409
:10496000FDF7D6F900950125CDE902546946304698
:104970000195FDF7CDF9E020CDE90005CDE9025420
:1049800069463046FDF7C4F91020CDE900046946B8
:1049900004480294FDF7BCF906B070BD0010024057
:1049A00000040048000800482DE9F043B5B0002499
:1049B0002E942F9430941C2127A83194FBF7D2FC1D
:1049C00060216846FBF7CEFC32943394202118A86E
:1049D0003494FBF7C7FC1C2120A8FBF7C3FC5E48FE
:1049E0005C49C0E900148460FDF75CFB08B1FCF78A
:1049F000F3FA0C215848FDF724FB08B1FCF7ECFA58
:104A00000A215548FDF7C2FB08B1FCF7E5FA022779
:104A10004FF004092097CDE9219401268020CDE9AB
:104A20002406239420A94C482696FDF7ADFA08B138
:104A3000FCF7D2FADFF8248108252EAAB8F8000086
:104A4000CDE92E0400214448CDE93045FDF7E4FBD3
:104A500008B1FCF7C1FA29942A9427AA00213E48FC
:104A600027962D94FDF740FD08B1FCF7B5FA4AF6FC
:104A7000802200213848FDF7AAFB08B1FCF7ACFA08
:104A8000009401940294CDE903460594069407949A
:104A90004FF000600894CDE90940C012CDE90B4009
:104AA0004003CDE90D040F941094119412941494C2
:104AB000159416946A46002127481794FDF7CCFCFC
:104AC00008B1FCF789FAB8F8000032AB50383290E0
:104AD000012200212048FDF7DCFB08B1FCF77CFA3D
:104AE0005020329032AB042200211B48FDF7D1FB4D
:104AF00008B1FCF771FACDE91875CDE91A541C9488
:104B00001D941E9418AB0122002113481F94FDF739
:104B100070FC08B1FCF760FA2020CDE91840CDE91F
:104B20001A091C9518AB022200210B48FDF761FC05
:104B300008B1FCF751FA00F04DFC03210648FDF7DF
:104B400073FC4FF400310448FDF73DFC35B0BDE87F
:104B5000F083000000680140B8020020020000203D
:104B60000B4810B5094901600421416040F6FF710E
:104B7000C1604FF4FA718160FDF7F8FC002803D0A2
:104B8000BDE81040FCF728BA10BD0000003000401E
:104B9000B403002010B58CB000240594224804947E
:104BA0000694079408940A9409940094019402943A
:104BB0004FF0804103940160A921C0E901144FF630
:104BC000FF71C0E903148461FEF7CFFB08B1FCF765
:104BD00003FA4FF48050049004A91348FEF782FCB6
:104BE00008B1FCF7F9F91048FEF7E8FD08B1FCF749
:104BF000F3F92020089008A90A940B48FEF758FB07
:104C000008B1FCF7E9F90120CDE900400294042243
:104C1000694605480394FEF73FFD002801D0FCF7E4
:104C2000DBF90CB010BD0000C403002030B59BB010
:104C3000002419941A9417941894149415941C2110
:104C40000DA81694FBF78EFB34216846FBF78AFB10
:104C50002E482D4941F68F25C0E90014C0E90245D0
:104C600080210461C0E90541FEF77FFB08B1FCF734
:104C7000B3F94FF48050179017A92448FEF732FC7F
:104C800008B1FCF7A9F92148FEF757FF08B1FCF776
:104C9000A3F91494159414A91C481694FEF708FB64
:104CA00008B1FCF799F96020CDE90E540D901094ED
:104CB0001194129400220DA914481394FEF7ABFE30
:104CC00008B1FCF789F900944FF40050CDE9044095
:104CD00003940003CDE908400194029406940794DC
:104CE0000A940B94694609480C94FEF789FA08B1B6
:104CF000FCF772F90548FEF765FE00210348FEF750
:104D00004FFF1BB030BD00000034014010040020F4
:104D1000184810B5164901604FF416514160002142
:104D200081600C22C160C0E904128161C16101622D
:104D300041628162FFF749F808B1FCF74DF90021A3
:104D40000C48FFF71CF808B1FCF746F900210948A8
:104D5000FEF7EFFF08B1FCF73FF90648FEF7CAFF80
:104D6000002803D0BDE81040FCF736B910BD0000A4
:104D7000005000405C040020184810B5164901603E
:104D80004FF4E1314160002181600C22C160C0E933
:104D900004128161C161016241628162FFF715F80D
:104DA00008B1FCF719F900210C48FEF7E8FF08B13B
:104DB000FCF712F900210948FEF7BBFF08B1FCF728
:104DC0000BF90648FEF796FF002803D0BDE8104017
:104DD000FCF702B910BD000000480040F0040020BC
:104DE000FEE7FEE71FB50FA10522D1E90001CDE9DD
:104DF000020102A9302000F0FDF8052269461020CA
:104E000000F068F8002069460A5CA52A03D1401C1E
:104E1000C0B20528F8D3052802D0012004B010BD87
:104E20000020FBE7A5A5A5A5A500000070B51B48BF
:104E300086B0C16C41F00201C164C06C4FF40055F2
:104E400000F00200059001200024CDE90050CDE9DA
:104E50000204134E69463046FCF75AFF01222946E8
:104E60003046FDF786F81020CDE9000402940D4C81
:104E700069462046FCF74CFF012220212046FDF721
:104E800078F8002229463046FDF773F801225102D6
:104E90002046FDF76EF806B070BD0000001002401D
:104EA000000800480004004810B500224FF40051EB
:104EB0000648FDF75EF8012251020548FDF759F852
:104EC000BDE810400A20FCF711BF000000080048B0
:104ED000000400482DE9F047DFF8409015460F46E2
:104EE00004464FF40078002241464846FDF741F859
:104EF000204601F047FE0646002405E0FF2001F0B1
:104F000041FE3855641CE4B2AC42F7D3012241465D
:104F10004846FDF72EF83046BDE8F087000400480B
:104F200070B50B4E04464FF40075002229463046FA
:104F3000FDF71FF8204601F025FEFF2001F022FEBC
:104F40000446012229463046FDF713F8204670BD7D
:104F50000004004870B505460720FFF7E1FF04464E
:104F60000146272000F06CF860060AD50A2229467F
:104F70006120FFF7AFFFFF21E22000F061F8002081
:104F800070BD012070BD000070B5184E04464FF48E
:104F90000055002229463046FCF7EBFF0A22214645
:104FA000A02000F027F8012229463046FCF7E1FF57
:104FB0000F4C10212046FCF7CFFF0028F9D1072025
:104FC000FFF7AEFF04460146272000F039F8E0065F
:104FD00005D5FF21E12000F033F8102070BDA006B8
:104FE00001D5202070BDFF2070BD000000080048E2
:104FF000000400482DE9F047DFF8409015460F46C1
:1050000004464FF40078002241464846FCF7B1FFC1
:10501000204601F0B7FD0646002404E0385D01F0AB
:10502000B1FD641CE4B2AC42F8D3012241464846CB
:10503000FCF79FFF3046BDE8F08700000004004801
:105040002DE9F0410C4E0F4604464FF40075002246
:1050500029463046FCF78DFF204601F093FD0446BB
:10506000384601F08FFD012229463046FCF781FFCA
:105070002046BDE8F08100000004004810B5044659
:10508000002002460AE0A35C03EB001010F070431E
:1050900002D080EA13605840521CD2B28A42F2D346
:1050A00010BD000008B54048002300901A4647F2A2
:1050B00030513EA003F0DCFBDFF8049100234C46A6
:1050C000C9F81C003F4800901A4641F288313EA0C2
:1050D00003F0CEFB2062642002F098FC14213E48CD
:1050E000FBF7D2FF40F6E4414843000B00EB4000E1
:1050F0004008E060394E3A4C3A4D4CF24F374FF091
:10510000030800BF00F002FDFBF768FC2168881966
:10511000B8423DD8DFF8D0A04FF480515046FCF79C
:105120001BFF83464FF400515046FCF715FF024623
:10513000BBF1010F01D1012A08D00B20E07485F8E2
:105140000080594629A0FBF71FFF28E0E068A0F582
:105150004071E73906D0DFF8B0A09AF800000128C6
:1051600005D006E01620E07485F8008017E000F016
:1051700069F89AF8001025A0FBF706FFFBF7BCFEC4
:1051800099F8050058B11120E0740420287006E059
:1051900085F800800A20E07423A0FBF7F5FE642068
:1051A00002F034FCAEE700007D5B000854656D70D2
:1051B000657261747572652054696D654F75740010
:1051C000D4000020CD0F00084572726F7220537416
:1051D000617475730000000004006008BF81FAFF6D
:1051E0002001002000000020000400485F7265617B
:1051F0006479312025642C5F6661756C74312020E0
:1052000025640D0A00000000BF0000204E52465FDA
:1052100049535F4F4B5F53544154452020697320DD
:10522000202564210A0D00005458706172616D657B
:105230007465722E54785F555F504643A3BA256457
:10524000200D0A00F8B510212448FCF785FE244FF4
:10525000244E254C012170B1002524482570617031
:105260000078C0B10A206072A078617A884214D2B6
:10527000401CA070F8BD2170A1706078052802D292
:10528000401C6070F8BD38780028FBD1307D0028C4
:10529000F8D13175F8BD0320E5E7FBF7C9FD1448E7
:1052A00005707574FBF762FE3D70E06903F05EFB0C
:1052B00030B1002300951A460321E06903F022FB78
:1052C000206A03F053FB0028E4D0002300951A461F
:1052D0000321206A03F016FBF8BD00000008004817
:1052E0000000002020010020D4000020C000002089
:1052F0000100002070B51749174D4FF40054087095
:10530000002221462846FCF734FE052211492A20B6
:10531000FFF770FE01212120FFF792FE01212220DC
:10532000FFF78EFE28212520FFF78AFE0A21312073
:10533000FFF786FE08212620FFF782FE0F2120209E
:10534000FFF77EFE21462846BDE870400122FCF7AB
:1053500010BE00001401002000080048044900208D
:10536000086048608860C860024948748874704763
:10537000440100202001002000B587B0FFF714FB96
:105380001248C16C41F00101C164C06C142100F0ED
:10539000010005906846FAF7E5FF00210C48FCF78C
:1053A00032FE4FF4FA70FCF7A1FC4FF4407000900D
:1053B000022001900290002003900D200490694685
:1053C0004FF09040FCF7A4FC07B000BD0010024075
:1053D000B802002030B587B014216846FAF7C2FF42
:1053E0001748C16C41F00101C164C06C4FF44074B6
:1053F00000F0010005900120CDE90040002002905E
:1054000003204FF09045039069462846FCF780FC46
:10541000002221462846FCF7ACFD0A4844F69431A8
:105420000268C2F89C1000685021C0F8A810012141
:105430000448FCF7E8FD6420FCF758FC07B030BDD9
:1054400000100240B802002010B54FF0E0200069C3
:1054500003F080F8012803D0BDE8104002F0C6BC7C
:1054600010BD10B594B038216846FAF77BFF1421BF
:105470000EA8FAF777FF0020FDF76CF909200090DD
:105480004FF4803001900120059002200324CDE9E3
:1054900007045521CDE90A100C900D900994684637
:1054A000FDF7A8FC08B172B6FEE70F20CDE90E04A7
:1054B000002010901190129004210EA8FDF730FBEF
:1054C000002801D072B6FEE714B010BD0248016892
:1054D00041F470010160704788ED00E00148FEF77B
:1054E0009FB90000840500200148FEF799B900002B
:1054F000C40300202DE9F04F02682E4B2E4E2F4F93
:10550000DFF8BCC02F4C304D4FF0804B98420BD091
:10551000584509D0B04207D0B84205D0604503D005
:10552000A04201D0A84204D122F070084A6842EAA1
:105530000802DFF89880DFF89890DFF898A098428A
:1055400011D058450FD0B0420DD0B8420BD06045B5
:1055500009D0A04207D0404505D0484503D050456A
:1055600001D0A84203D122F44076CA6832434E6982
:1055700022F08002324302608A68C2620A68826254
:10558000984209D0A04207D0404505D0484503D0F5
:10559000504501D0A84201D109690163012141614F
:1055A0000169C90703D0016921F001010161BDE86A
:1055B000F08F0000002C0140000400400008004073
:1055C000000C004000340140005001400040014008
:1055D000004401400048014010B501F01F030121C3
:1055E000046A99408C430462016A9A401143016243
:1055F00010BD10B5846842EA032224F47F440A43B4
:105600002243826010BD00008268034B1A400A43A7
:1056100042F00701816070478FFFCFFF2DE9F0470F
:10562000056A026A22F001020262436882691F4C25
:1056300025F0020522400C6822F0030214438A6818
:105640001C4E2A431A4D1C4FDFF870C0DFF87090D3
:10565000DFF870A0A84209D0B04207D0B84205D008
:10566000604503D0484501D0504506D122F00808D6
:10567000CA6842EA080222F00402A84209D0B042F5
:1056800007D0B84205D0604503D0484501D0504509
:1056900005D14D6923F440731D438B692B4343604F
:1056A0008461496841630262BDE8F0878FFFFEFFB5
:1056B000002C014000340140004001400044014002
:1056C0000048014000500140F0B5056A026A22F02E
:1056D00010020262426883691C4C1E4E23400C6813
:1056E00023F4407343EA042425F020038D681A4F05
:1056F00043EA0513164DA84203D0B04201D0B84288
:1057000007D1D1F80CC023F0800343EA0C1323F037
:105710004003A8420CD0B0420AD0104DA84207D096
:105720000F4DA84204D00F4DA84201D0B84207D176
:105730004D6922F4406242EA85028D6942EA85029F
:1057400042608461496881630362F0BDFF8FFFFEA0
:10575000002C014000340140005001400040014055
:105760000044014000480140F0B5056A026A22F495
:10577000807202624368C2691C4C1E4E22400C6853
:1057800022F00302144325F400728D681A4F42EA96
:105790000522174DA84203D0B04201D0B84207D12C
:1057A000D1F80CC022F4006242EA0C2222F480629A
:1057B000A8420CD0B0420AD0104DA84207D0104DDC
:1057C000A84204D00F4DA84201D0B84207D14D697C
:1057D00023F4405343EA05138D6943EA05134360FC
:1057E000C4614968C1630262F0BD00008FFFFEFF23
:1057F000002C0140003401400050014000400140B5
:105800000044014000480140F0B5056A026A22F4F4
:10581000805202624268C3691C4C1E4E23400C68D1
:1058200023F4407343EA042425F400538D681A4F8F
:1058300043EA0533164DA84203D0B04201D0B84226
:1058400007D1D1F80CC023F4004343EA0C3323F40E
:105850008043A8420CD0B0420AD0104DA84207D0D5
:105860000F4DA84204D00F4DA84201D0B84207D135
:105870004D6922F4404242EA85128D6942EA85125E
:105880004260C461496801640362F0BDFF8FFFFE9E
:10589000002C014000340140005001400040014014
:1058A000004401400048014030B5056A026A22F414
:1058B000803202624268036D124C23400C681C4324
:1058C00025F400330D8943EA05430F4DA8420ED05D
:1058D0000E4DA8420BD00E4DA84208D00D4DA84247
:1058E00005D00D4DA84202D00C4DA84204D14D69FF
:1058F00022F4803242EA05224260046549688164EC
:10590000036230BD8FFFFEFF002C014000340140D8
:105910000040014000440140004801400050014067
:1059200030B5046A026A22F4801202624268036D92
:10593000134D24F400142B400D6843EA05230D8910
:1059400044EA05540F4DA8420ED00F4DA8420BD08B
:105950000E4DA84208D00E4DA84205D00D4DA842CC
:1059600002D00D4DA84204D14D6922F4802242EAB2
:105970008522426003654968C164046230BD00004D
:10598000FF8FFFFE002C0140003401400040014029
:1059900000440140004801400050014010B5036A36
:1059A000046A24F001040462846924F0F00444EAE7
:1059B000021423F00A020A438461026210BD00004F
:1059C00070B5056A046A24F0010404628469154E06
:1059D000B04214D0B0F1804F11D0134EB0420ED06F
:1059E000124EB0420BD0124EB04208D0114EB0420F
:1059F00005D0114EB04202D0104EB04203D124F077
:105A00000304144301E044F001041A0724F0F004F5
:105A100044EA126225F00A0301F00A011943826187
:105A2000016270BD002C01400004004000080040ED
:105A3000000C004000340140004001400050014093
:105A400010B5036A046A24F010040462846923F028
:105A5000A00324F4704444EA023243EA0111826153
:105A6000016210BD30B5046A056A25F010050562B3
:105A7000856925F4407545EA022222F470454FF607
:105A8000FF7202EA033224F0A0032A43A02404EAAE
:105A9000011119438261016230BD000070B51949DE
:105AA000194D4FF400540870002221462846FCF797
:105AB00060FA052213493020FFF79CFA05221149AC
:105AC0002A20FFF797FA01212120FFF7B9FA0121D7
:105AD0002220FFF7B5FA1A212420FFF7B1FA282176
:105AE0002520FFF7ADFA08212620FFF7A9FA0E219D
:105AF0002020FFF7A5FA21462846BDE87040012284
:105B0000FCF737BA140100200008004810B5142132
:105B10001348FBF7B9FAFAF711FD9FED121B53EC8E
:105B2000112BFAF72AFC9FED111B53EC112BFAF7FE
:105B300024FCFAF710FD00EE900AB1EE040A9FED86
:105B40000D1A30EE600A20EE011A81EE200AFBF7F2
:105B500081F9BDEEC00A084880ED030A10BD0000BF
:105B60008000501D6666666666660A40000000009A
:105B70000000303F00007A4420010020014900204D
:105B80000870704700000020F8B5364C0025364EEE
:105B9000E17C05281CD2DFE800F0034B1C205200FA
:105BA0000B2912D10A2001F031FF304F4FF48066EB
:105BB000002231463846FCF7DCF9642001F026FF6C
:105BC000012231463846FCF7D4F92574FF20E074F1
:105BD000F8BD27480570022011E0306802F0C6FECB
:105BE00030B1002300951A460321306802F08AFE86
:105BF000FBF71EF9FBF7FEF9032802D303202074FC
:105C0000F8BD1C4E306802F0B1FE0028F8D1FAF75A
:105C10000FFFFBF7EFF90328F2D202F0A9FC0246CE
:105C2000009500230121306802F06CFE2574F8BD58
:105C300001200029E3D00129E1D10520DFE7FBF7AE
:105C4000F7F804202074306802F090FE0028EED1AE
:105C500002F08EFC0246009500230121306802F01C
:105C600051FEF8BD20010020F0000020000800488F
:105C7000D0000020F400002030B5416EB9B10268B8
:105C800091689268C1F342610B4B520F9C5CE50036
:105C900003F10804A25CB5FBF2F2A0F86A205A5C9A
:105CA000615CD200B2FBF1F1A0F8681030BD0121B7
:105CB000A0F86A10F8E70000B489000890F82810EE
:105CC000090706D501684A68836B22F400421A432B
:105CD0004A6090F82810C90706D001684A68C36A6C
:105CE00022F400321A434A6090F82810890706D53A
:105CF00001684A68036B22F480321A434A6090F8C4
:105D00002810490706D501684A68436B22F48022AF
:105D10001A434A6090F82810C90606D501688A68B7
:105D2000C36B22F480521A438A6090F828108906C7
:105D300006D501688A68036C22F400521A438A600F
:105D400090F82810490611D501684A68436C22F47E
:105D500080121A434A60416CB1F5801F06D1016878
:105D60004A68836C22F4C0021A434A6090F82810F3
:105D7000090606D501684A68C06C22F40022024375
:105D80004A6070472DE9F84300260446C0F8906049
:105D9000FCF7F4F88046206800684FF02005000703
:105DA0006FF07E4713D54346002229042046009712
:105DB00000F0B4F958B1216851E8000F20F08000DC
:105DC00041E80002002AF6D1C4F8885021E020689A
:105DD0000068400722D5434600224FF48001204648
:105DE000009700F09BF9C8B1216851E8000F20F43A
:105DF000907041E80002002AF6D12068083050E88F
:105E0000001F21F0010140E80012002AF5D1C4F87A
:105E10008C5084F884600320BDE8F883C4F888506F
:105E2000C4F88C5044F86C6F666026760020F3E767
:105E300010B5026852E8001F21F4907142E8001387
:105E4000002BF6D10E4B0268083252E8001F1940B1
:105E500042E80014002CF6D1C16E012908D1016876
:105E600051E8002F22F0100241E80023002BF6D168
:105E70002021C0F88C100021C166416710BD0000D0
:105E8000FEFFFFEF2DE9F0410446016880682269BA
:105E9000E3691043626900251A431043DFF84CC2DE
:105EA0000A68934B1A4002430A6020684168E2681E
:105EB00021F44051114341602168A069614501D03E
:105EC000226A10438A688B4B1A4002438A6020681A
:105ED000C16A626A21F00F011143C16286492368D9
:105EE00086488B420DD1D0F8880010F0030006D010
:105EF000012867D0022854D0032851D164E0012042
:105F00004FE07F498B420BD1D0F8880010F00C0095
:105F100047D0042845D0082852D00C2840D153E05F
:105F200078498B420BD1D0F8880010F0300038D07F
:105F3000102847D0202843D0302831D144E072497E
:105F40008B420BD1D0F8880010F0C00029D0402837
:105F500038D0802834D0C02822D135E06B498B421C
:105F60000ED1D0F8880010F440701AD0B0F5807FC0
:105F700028D0B0F5007F23D0B0F5407F10D123E0CA
:105F800063450DD1D0F8880010F4406009D0B0F519
:105F9000806F17D0B0F5006F12D0B0F5406F13D0FE
:105FA00010205B4A5B4F00264FF40041634539D116
:105FB00060B102280DD004280DD0082831D10EE0A0
:105FC0000220EEE70420ECE70820EAE7FCF7B6FE43
:105FD00003E0114603E0FCF7D5FE01007BD0606AC8
:105FE00037F810206768B1FBF2F007EB47038342F4
:105FF00069D8B0EB073F66D8002308461946FAF780
:1060000067F9090241EA106102027808101871412B
:106010003A460023FAF75CF93F4AA0F540719142F5
:1060200057D950E0E3694FF6EF788B422BD109281E
:1060300049D2DFE800F005080D48254848480E0021
:10604000FCF77CFE01E0FCF78BFE010001D142E091
:106050001146606A37F81000B1FBF0F0410060684B
:1060600001EB5001B1FBF0F1A1F1100040452AD83D
:106070004FF6F07201EA0200C1F34201084328E042
:10608000FCF780FEE1E709281DD2DFE800F00508F3
:106090000D1C1E1C1C1C0E00FCF750FE01E0FCF742
:1060A0005FFE010001D116E01146606A37F810006A
:1060B000B1FBF0F1606801EB5001B1FBF0F0A0F131
:1060C0001001414504D9012505E0FCF75BFEE8E736
:1060D00080B22168C8600120A4F86A0024F8680F23
:1060E0002846E6602661BDE8F0810000008000409F
:1060F000F369FFCFFFF4FF110038014000100240A8
:106100000044004000480040004C00400050004067
:106110000024F4009C890008FFFC0F002DE9F047E3
:10612000994617460D4604464FF00008089E33E096
:10613000701C31D0FBF722FFA0EB0900B04218D849
:10614000BEB120680168490726D5802D24D0402D96
:1061500022D0C169C94309070DD40825056220462C
:10616000FFF766FEC4F8905084F884800120BDE8F3
:10617000F0870320FBE7C069C04300050CD4216809
:106180004FF4006008622046FFF752FE2020C4F85A
:10619000900084F88480ECE72068C06935EA00004C
:1061A00004D00020B842C3D00020E0E70120F9E786
:1061B000FEE700000FB4054B10B503A9044A02988E
:1061C00000F000F910BC5DF814FB00000D6C000835
:1061D0001C0100207CB5044600201D4616460029FF
:1061E0000BD0491ECDE90041044B6A462946304692
:1061F00000F0E8F8009A002111707CBDF36A0008F5
:106200000907090E002804DB00F1E02080F80014E3
:10621000704700F00F0000F1E02080F8141D704777
:1062200002E008C8121F08C1002AFAD1704770475F
:10623000002001E001C1121F002AFBD170470000BD
:106240002DE9FF5F82B00021DDE90430020DDDF8A9
:1062500040B0034318D044F61050A2F2FF3242433C
:106260001514119801281FD0A5EB0B00401C5FEA04
:10627000000A4FF000064E4FDFF83891B046504606
:1062800015D5CAF1000413E0119801244AA301288E
:1062900001D16FEA0B010298119AC0E90031C0E9FF
:1062A000024206B0BDE8F09FCBF10000DFE70446F4
:1062B0000021404A491842EB0450CDE9001012E099
:1062C000E00707D032463B4640464946FAF755F8C4
:1062D0008046894632463B4610461946FAF74DF845
:1062E00006460F466410002CEAD1DDE90401DDE921
:1062F0000023BAF1000F06DAFAF73FF842464B46A0
:10630000FAF73BF805E0FAF7AAF842464B46FAF7E7
:10631000A6F804460E460022284BFAF7C1FA03D825
:106320004FF0FF30014607E00022254B2046314662
:10633000FAF7F6F9FAF79BFA102409E0002C0ADBC9
:106340000A220023F9F7C4FF039B30321A55641E5A
:1063500050EA0102F2D1641C039AC4F111031444FF
:10636000119A012A03D0012208430DD10AE0084303
:1063700004D000204FF0110B119072E7A3EB0B0536
:106380006D1E0DE05B4504DD4FF0000205F10105D7
:1063900004E003DA4FF00002A5F10105002AECD079
:1063A00002981199C0E90231C0E9004579E700007F
:1063B000000014400000F03F300000000000F043F7
:1063C0000000E03F2DE9FF4F95B09B468946064609
:1063D00000250FE2252877D100242746F84A01211D
:1063E000059400E0044316F8013F203B01FA03F056
:1063F0001042F7D130782A2811D06FF02F0330786F
:10640000A0F13002092A16D8059A44F0020402EBE2
:10641000820203EB42021044761C0590EFE759F824
:10642000042B0592002A03DA504244F400540590EC
:1064300044F00204761C30782E2816D116F8010F8D
:1064400044F004042A280DD06FF02F023078A0F118
:106450003003092B09D807EB870302EB4303C71866
:10646000761CF3E759F8047B761C30786C280FD043
:1064700006DC4C2817D068280DD06A2814D104E017
:10648000742810D07A280FD10DE044F400140AE0EB
:1064900044F4801401E044F440147278824202D142
:1064A00004F58014761C761C307866280BD013DC3B
:1064B000582877D009DC002875D04528F6D0462822
:1064C000F4D047281AD19DE118E0632835D064281C
:1064D00079D0652812D195E1702873D008DC67283F
:1064E000F1D069286FD06E280DD06F2806D1B5E0A5
:1064F00073282CD0752875D0782874D05A461799EF
:1065000090476D1C75E1C4F30250022809D003289E
:106510000DD0D9F8001004280DD00D6009F1040940
:1065200067E1D9F80010EA17C1E90052F6E7D9F897
:1065300000100D80F2E70D70F0E719F8041B8DF8DC
:10654000001000208DF80100EA46012003E059F810
:1065500004AB4FF0FF3061074FF0000102D40DE0B3
:1065600008F101018846B9420FDA8045F8DB1AF8D4
:1065700008100029F4D108E008F1010188468142A1
:10658000FADB1AF808100029F6D105985B46A0EB53
:10659000080721463846179A00F094FA284400EB81
:1065A000080507E04DE029E10DE01AF8010B5A4615
:1065B00017999047B8F10108F7D25B462146384653
:1065C000179A13E142E00A220092C4F302524FF0FC
:1065D000000A022A08D059F804CB032A4FEAEC71CA
:1065E0000AD00DE029E02AE009F1070121F00702B5
:1065F000F2E802C1914609E00FFA8CFC4FEAEC7117
:10660000042A03D14FFA8CFC4FEAEC71002907DA17
:106610000A460021DCF1000C61EB02012D2202E0B0
:10662000220504D52B228DF80420012203E0E20785
:1066300001D02022F7E7904659E00A2102E010221B
:106640000DE010214FF0000A00910BE010224FF0F6
:10665000000A44F004040827009203E008224FF0E7
:10666000000A0092C4F30252022A05D059F804CB62
:106670000021032A08D009E009F1070121F00702EF
:10668000F2E802C1914605E01FFA8CFC042A01D110
:106690000CF0FF0C4FF00008220728D5702806D018
:1066A000009B83F0100353EA0A0305D00EE040225A
:1066B0008DF80420012208E05CEA010206D03022B5
:1066C0008DF804208DF8050002229046009B83F08F
:1066D000080353EA0A030AD15CEA010201D1620706
:1066E00005D530228DF804204FF001087F1E582870
:1066F00004D034A003900EA802900DE036A0F9E774
:1067000053466046009AF9F7E3FD84460398825C9D
:106710000298401E029002705CEA0100F0D10298DB
:1067200006A9081A00F1200A600702D524F4803473
:1067300000E00127574502DDA7EB0A0000E000203A
:1067400000EB0A01009005984144401A0590E003CF
:1067500006D45B462146179A059800F0B3F9054424
:10676000002706E001A85A46C05D179990476D1CA6
:106770007F1C4745F6DBE0030CD55B462146179AA4
:10678000059800F09FF9054404E030205A46179917
:1067900090476D1C0099481E00900029F5DC08E028
:1067A000029802995A460078491C0291179990471D
:1067B0006D1CBAF10001AAF1010AF1DC65E10000EB
:1067C00009280100303132333435363738396162C7
:1067D000636465660000000030313233343536378B
:1067E00038394142434445460000000000F058F962
:1067F0000544761C307800287FF4ECAD19B02846AB
:10680000BDE8F08F620700D4062709F1070222F0E5
:10681000070CFCE80223E14603F000485FEA080C9D
:1068200002D00FF2702C0DE05FEA045C02D50FF28B
:10683000682C07E05FEAC47C02D00FF2602C01E014
:10684000AFF2700C4FF0FF3823F00043CDF850C08A
:1068500065280CD006DC452809D046281DD04728DD
:106860003DD13DE0662818D067287ED138E0002170
:10687000112F01DB112000E0781CCDE9000106A9F1
:106880000EA8FFF7DDFCDDE90F010E9A0391002150
:10689000009207F1010A04914DE04FF0004000978B
:1068A000CDE9011006A90EA8FFF7CAFCDDE90F0229
:1068B00003920E9B11990022DDF80CA00093049224
:1068C00011B9791C00EB010AB7EB0A0004D4C0F13E
:1068D000FF3007F1010A0490AAEB0700019044E0A1
:1068E000012F00DA01270021112F01DD112000E026
:1068F0003846CDE9000106A90EA8FFF7A1FCDDE9A5
:106900000F010E9A0391002104910092BA462107CB
:106910000CD40399514500DA8A46BAF1010F05DD1E
:10692000009AAAF10101515C302908D0B84202DA7C
:1069300010F1040F06DA0121CDE9011015E0AAF1EA
:106940000101E9E7002805DC049901440491AAEB60
:10695000000102E0411C514500DD8A460499401ABD
:10696000401C01904FF000400290200704D4019891
:10697000504501DBCDF8048000208DF84F000298CF
:106980000DF14F07B0F1004F25D02B200E9002984B
:106990004FF0020800280CDA404202902D200E90A1
:1069A00007E00A210298F9F7F2FD3031029007F86A
:1069B000011DB8F10001A8F10108F2DC02980028DD
:1069C000EFD1791E0E980870307800F0200040F06A
:1069D000450007F8020D12A8C01B00F10708149823
:1069E000007800B1012000EB0A01019801EBE07191
:1069F00005984144401A401E0590E00306D45B46CA
:106A00002146179A059800F05DF80544149800781F
:106A100018B15A46179990476D1CE00324D55B4680
:106A20002146179A059800F04DF805441CE004989B
:106A3000002807DBDDE90301884203DD0098405CA4
:106A4000179901E0179930205A469047049805F1AC
:106A50000105401C04900198401E019004D12E2095
:106A60005A46179990476D1CBAF10001AAF1010A24
:106A7000DDDC05E017F8010B5A46179990476D1CAD
:106A8000B8F10001A8F10108F4DC5B462146179A31
:106A90000598ABE62D0000002B0000002000000050
:106AA0002DE9F041044600251E461746880404D40B
:106AB00005E039462020B0476D1C641EF9D52846F4
:106AC000BDE8F0812DE9F041044600251E469046C0
:106AD000C80301D5302700E02027880404D505E04D
:106AE00041463846B0476D1C641EF9D52846BDE8BE
:106AF000F0814A68002A06D00A68531C0B601070A7
:106B00004868401E4860704730B587B01421684619
:106B1000F9F728FC1948C16C41F00201C164C06C4E
:106B2000174D00F002000590002280212846FBF757
:106B300020FA012240212846FBF71BFA01225102CC
:106B40002846FBF716FA012100244FF43070CDE9F6
:106B50000214CDE9000169462846FBF7D9F8202048
:106B6000CDE90004694628460294FBF7D1F80122DA
:106B700020212846FBF7FDF907B030BD0010024088
:106B8000000400482DE9F04100251F4F06462C4621
:106B90002A4680213846FBF7ECF9300601D5012260
:106BA00000E0002240213846FBF7E3F97006060EAC
:106BB000012280213846FBF7DCF900BF00BF00BF8F
:106BC00000BF00BF00BF00BF00BF6006040E202151
:106BD0003846FBF7C1F9012801D144F00104002235
:106BE00080213846FBF7C5F900BF00BF00BF00BFDA
:106BF00000BF00BF00BF00BF6D1CEDB2082DCCD39D
:106C00002046BDE8F08100000004004813B54FF6AF
:106C1000FF73012269460248FDF78CF900981CBDFC
:106C20005C04002010B5FBF7E3FCFEF71AFCFDF74F
:106C300053FEFDF7B3FDFDF7FBFDFDF7F7FFFDF795
:106C4000A9FFFEF799F8FEF763F8FDF789FFFFF754
:106C50005BFFFEF7EBF800F007F8FDF727FE00F00A
:106C600015F8002010BD0000EFF3058010B16FF0A3
:106C7000050070470448016811B14FF0FF307047BC
:106C800001210160002070478C00002010B5EFF357
:106C9000058010B16FF0050010BD0848016801299A
:106CA00002D04FF0FF3010BD054A002182F8141DBC
:106CB0000221016000F0A2FF002010BD8C00002026
:106CC0000BE000E03EB5134C2079012820D10821CB
:106CD000114800F049FD104960810A8953BA0F4AF2
:106CE000834208D1888840BA5060C88840BA106092
:106CF000488840BAD0600A4BD2E90010DB7C8DE8AE
:106D00000B000848D368217902880748FAF73CF954
:106D10003EBD0000BC000020B03200204401002035
:106D20002001002002000020788C00082DE9F041AD
:106D3000134C0F460546E6682068001D00F02AFD4A
:106D4000681C07D137B12168BDE8F0410D48091D25
:106D500000F078BD20683544B5424560216805D211
:106D6000A06BBDE8F041091D00F054BD606B091D2A
:106D700000F050FDA06A854200D2A562BDE8F08116
:106D80003C000020C00A00202DE9F041054600F03B
:106D900065FD2D4CA068401CA06020682B4F10B1F1
:106DA000606930B32BE02560A068012827D1002658
:106DB00006EB860007EB800000F01EFD761C382EE7
:106DC000F6D3234800F018FD2148143000F014FDDC
:106DD0001F48283000F010FD1D483C3000F00CFD2D
:106DE0001B48503000F008FD194860631430A06360
:106DF00005E02068E96AC06A884200D82560606AB8
:106E0000401C60626864E86A2169884200D9206198
:106E100000EB800007EB8000291D00F013FD00F05F
:106E20003DFD606900280CD02068E96AC06A88428C
:106E300007D208494FF080500860BFF34F8FBFF36F
:106E40006F8FBDE8F08100003C000020100600209C
:106E5000700A002004ED00E038B500F0FFFC104C93
:106E60002068C8B90F4800F0C7FC0E48143000F085
:106E7000C3FC0C48E060143020610A4B0020F03B5A
:106E8000009003F1500210210A2000F0F1FF206071
:106E900010B105A100F084FDBDE8384000F0FEBC53
:106EA00078000020C40B0020546D725100000000D7
:106EB00030B4026C0B46002A0BD0C1681144C1608B
:106EC0008468A14201D30168C16030BC1846F9F75B
:106ED00030BA30BC70472DE9F041856B1746044647
:106EE0000026026C82B1C7B1E068F9F722FAE168C6
:106EF000206C091AE1602268914202D2A168081A46
:106F0000E060022F16D017E02068A8B9A06801F051
:106F100099FB06460020A0600EE06068F9F709FAC8
:106F2000216C606808446060A168884204D32068CE
:106F3000606001E005B16D1E6D1CA5633046BDE8C3
:106F4000F08110B5044690F8590058B101280CD0D2
:106F500002280FD0502080F31188BFF34F8FBFF36A
:106F60006F8FFEE7206B00F0ADFC2046BDE81040BF
:106F700000F0A8BC10BD000010484FF400514207BB
:106F800006D0C01D0D4920F00700411AC1F500517F
:106F90000B4A00230144C2E900030839183A21F0E2
:106FA000070111604B600B600B1AC0E9001393607E
:106FB0004FF000405360506170470000A412002061
:106FC000A8000020144E154CA6F29C474FF08058A4
:106FD000DFF84C9012E000BF00F040FCF068C5689C
:106FE000281D00F0D7FBA068401EA0606068401E0E
:106FF000606000F053FC2846FFF7A3FF606800289C
:10700000EAD138680128F9D9C9F80080BFF34F8F59
:10701000BFF36F8FF2E70000AC0A00203C000020B5
:1070200004ED00E0002807D00021816001600B46DC
:107030000A46C16000F094BF7047000070B51D465D
:10704000049C51B1C4F80020C4E90F01012120467D
:1070500000F042FF84F84C5070BD2460F4E700005B
:107060002DE9F05F8846DDE90B94154683469100D3
:107070009A460A9EA522206BF9F76DF96FF003017D
:10708000206B01EB8501084420F00707780707D043
:10709000502080F31188BFF34F8FBFF36F8FFEE74F
:1070A0000025B8F1000F0FD05FF00000221818F88B
:1070B000001082F8341018F8001011B1401C10288C
:1070C000F4D384F8435001E084F83450382E00D3D0
:1070D0003726E662C4E91365201D00F098FB04F131
:1070E000180000F094FB2461C6F138006462A061CE
:1070F000656584F8585052465946384600F098FA6B
:107100002060B9F1000F01D0C9F80040BDE8F09F40
:107110002DE9F0471E46DDE9089417460D0080462C
:1071200015D0002C11D0FFF797FE04F11801C4F818
:10713000008081E86002201D00F069FB002F04D070
:1071400014F8280F40F004002070BDE8F0875020AC
:1071500080F31188BFF34F8FBFF36F8FFEE70000FE
:1071600030B5114900E011460A688242FBD34B68F2
:107170005C18844203D1406818444860084643685C
:107180001C18944209D1084C183C2468A24209D02A
:1071900052681A4442600A6812680260814200D054
:1071A000086030BD0460F9E7A800002070B5002435
:1071B00041600B4D0061914206D8D11A826991421B
:1071C00006D2011D286907E09A4203D2994201D3F1
:1071D000012403E0011DE86800F01CFB204670BD9F
:1071E0007800002010B5044600F038FBA06B28B1F1
:1071F0005FF0000400F052FB204610BD0124F9E7C7
:1072000030B589B03C4D6EE00498002806DADDE91F
:107210000601059A90470498002864DB069C606983
:1072200010B1201D00F0B6FA03A800F0D7F802460E
:1072300004980A2857D2DFE800F00505052D334AE7
:1072400005052D3394F8280040F0010084F828004B
:107250000599A069059B01442046FFF7A7FF68B385
:10726000216A2046884794F8280040073BD5002033
:1072700000900598A169002342181946204601F0A4
:1072800041FBD8B9502080F31188BFF34F8FBFF373
:107290006F8FFEE714F8280F20F00100207022E025
:1072A00094F8280040F0010084F828000598A061B7
:1072B00028B1811813462046FFF778FF13E05020CD
:1072C00080F31188BFF34F8FBFF36F8FFEE794F801
:1072D0002800810703D4204600F0F4FA03E020F0F0
:1072E000010084F82800002204A9286800F048FF63
:1072F000002889D109B030BD780000202DE9FC417B
:107300000F46054600F0BEFC01A800F067F80446F1
:10731000019818B101F04AFABDE8FC81254EAFB1E1
:1073200030690068D0B30027291B3A46306800F066
:107330004BFB01F03BFA0028EED11F494FF0805083
:107340000860BFF34F8FBFF36F8FE5E7A542EBD81F
:1073500001F02CFAF0682746C068C468201D00F0D0
:1073600019FA94F82800410719D5A0692B4641194C
:107370003A462046FFF71AFFA8B10020034601460F
:1073800000902A46204601F0BDFA60B9502080F3F3
:107390001188BFF34F8FBFF36F8FFEE707E020F038
:1073A000010084F82800216A20468847B4E70127B5
:1073B000BAE700007800002004ED00E00648416BC9
:1073C000096829B1416BC968C96849688162704719
:1073D0004FF0FF31FAE700003C00002070B5054691
:1073E00001F0C6F8064E0446B068844203D200F0AD
:1073F00009F8012000E0002028602046B46070BD3C
:1074000078000020F8B5194D20E0C068C46806680F
:10741000201D00F0BFF9216A2046884794F8280013
:10742000400713D5A0693044B04206D9246160609A
:10743000211DE86800F0EEF908E00020034601464F
:1074400000903246204601F05DFA38B1E8680168E4
:107450000029DAD12969C5E90310F8BD502080F36D
:107460001188BFF34F8FBFF36F8FFEE778000020C6
:10747000002101E0401C491C0278A52AFAD0C1F382
:107480008F00704708484068401C4FF0500080F360
:10749000118804D0BFF34F8FBFF36F8FFEE7BFF3A8
:1074A0004F8FBFF36F8FFEE7B0000020074CE068FE
:1074B000016841B1C0680021D0F80000FFF71EFF4D
:1074C000FFF79EFEF3E701210020F7E77800002098
:1074D0002DE9F041044600F0C1F994F9455004F15A
:1074E000240609E0606A48B1304601F027F908B186
:1074F00000F002FB6D1E6DB2002DF3DC4FF0FF3685
:1075000084F8456000F0CAF900F0A8F994F94450F5
:1075100004F1100709E0206948B1384601F00EF97E
:1075200008B100F0E9FA6D1E6DB2002DF3DC84F8AD
:107530004460BDE8F04100F0B1B900002DE9F04130
:107540000546002700F09EFB324E306808B9FFF771
:1075500013FD706905424ED1C5B3083568070ED0DA
:1075600005F00700C0F108000544680707D0502067
:1075700080F31188BFF34F8FBFF36F8FFEE72DB3FA
:107580007068854237D82348183001460C6801E0FE
:1075900020460C466168A94202D221680029F7D131
:1075A00031688C4227D0076821680160606808371D
:1075B000411B10290FD96019420708D0502080F3D1
:1075C0001188BFF34F8FBFF36F8FFEE713E0416069
:1075D0006560FFF7C5FD61687068401A7060B26849
:1075E000904200D2B060706901430020C4E90001FC
:1075F000F068401CF06001F0D9F8780707D05020FF
:1076000080F31188BFF34F8FBFF36F8FFEE73846CB
:10761000BDE8F081900000200449086818B10868AE
:10762000026D521C02650868704700003C00002093
:1076300010B5031F4FF080741C601B1F21F0010167
:107640001960191F044B0B6014390A60091F6FF091
:10765000020244380A6010BD857400081CB500F0B1
:10766000FDF825490420CDE900010023C82223A10B
:10767000264800F017FF26490820CDE90001002325
:10768000FA2224A1264800F00DFF26490620CDE964
:1076900000010023FA2224A1284800F003FF284912
:1076A0000F20CDE900010023FA2226A1284800F08E
:1076B000F9FE03220021012000F0B9FB2549032235
:1076C00008600021012000F0B2FB2349032208607A
:1076D0000021012000F0ABFB20490860012000F0F0
:1076E0009BFB1F4908601F48006800F0B5F9BDE822
:1076F0001C4000F0D3B80000080000204C65645026
:10770000726F635F7461736B00000000CD4300080B
:107710000C000020506572696F645F7461736B00C8
:10772000A5500008100000204661756C7448616E19
:10773000646C65725F7461736B000000DD0F00089C
:1077400014000020426C6550726F5F7461736B00AF
:10775000810A000818000020200000201C000020E2
:10776000240000200400002070B5094DFF231A46B4
:1077700005F5807606E000BF10F8014B54402A5D05
:107780005A40335D491E89B2F6D242EA032070BDE9
:10779000E1890008D0E9013201699A60D0E901234A
:1077A0005A604A68824201D182684A6000220261BE
:1077B0000868401E086008687047000008B9024861
:1077C0000068006BFFF754BE3C000020034B0360D1
:1077D00003F15C000860802010607047EC0B002013
:1077E000044B036003F15C0008604FF4807010608C
:1077F00070470000480E002000F108014FF0FF32F2
:10780000C0E90112C16001610021016070470021DF
:107810000161704730B50B685A1C02D000F10802B4
:1078200002E0026904E02246546825689D42FAD9C4
:1078300053684B6099608A60516008610168491C17
:10784000016030BD42684A6093688B6093685960FC
:10785000916008610168491C01607047502080F305
:107860001188BFF34F8FBFF36F8F0A494868401CE0
:10787000486001280CD10848006810F0FF0F07D0BD
:10788000502080F31188BFF34F8FBFF36F8FFEE757
:1078900070470000B000002004ED00E0084948688F
:1078A00028B1401E486001D180F3118870475020F4
:1078B00080F31188BFF34F8FBFF36F8FFEE7000097
:1078C000B000002070B500282AD0164DA0F10804A1
:1078D00060686969084207D1502080F31188BFF3BE
:1078E0004F8FBFF36F8FFEE722683AB1502080F3CD
:1078F0001188BFF34F8FBFF36F8FFEE7884360603F
:1079000000F0C0F960686968084468602046FFF7C5
:1079100027FC2869401C2861BDE8704000F046BF84
:1079200070BD0000900000204FF0E02000210161B8
:10793000816105494FF47A720968B1FBF2F1491E81
:1079400041610721016170473800002010B5F8F748
:10795000A9FC114910280ED300F1E02090F8F003A3
:107960000A78904207D2502080F31188BFF34F8FDE
:10797000BFF36F8FFEE709480068896800F4E06094
:10798000884207D9502080F31188BFF34F8FBFF38F
:107990006F8FFEE710BD0000B00000200CED00E08E
:1079A00010B5084B002200BF53F832401CB1521CE6
:1079B000082AF9D310BD43F8321003EBC201486026
:1079C00010BD0000D005002070B515460E460446D7
:1079D000FFF744FF94F944100020491C01D184F8BA
:1079E000440094F94510491C01D184F84500FFF783
:1079F00055FFA06B28B92A46314604F1240000F057
:107A000099F82046BDE87040FFF762BD10B502004E
:107A100014D00F48006B38B1502080F31188BFF3A9
:107A20004F8FBFF36F8FFEE700F02CF90021104657
:107A3000FFF77CF900F0BAFE002807D105494FF0A6
:107A400080500860BFF34F8FBFF36F8F10BD0000F1
:107A50003C00002004ED00E070B50546FFF7FEFE97
:107A60001E4C05B92568281DFFF794FEA86A18B1B9
:107A700005F11800FFF78EFE606A401C6062206806
:107A8000854207D1291D1648FFF7DCFE6068401CBF
:107A9000606007E0A068401EA0602846FFF751FA2A
:107AA000FFF78CFCFFF7FAFE6069002814D020680D
:107AB000854211D1206B38B1502080F31188BFF37B
:107AC0004F8FBFF36F8FFEE706494FF0805008607D
:107AD000BFF34F8FBFF36F8F70BD00003C000020DD
:107AE000AC0A002004ED00E002490A6A0260C9689D
:107AF000416070473C00002001490120C861704787
:107B00003C00002010B50C4650B1094909681831F5
:107B1000FFF780FE2046BDE810400121FFF706B9BF
:107B2000502080F31188BFF34F8FBFF36F8FFEE7B4
:107B30003C00002070B514460D4668B10A4909683A
:107B40001831FFF77FFE0CB14FF0FF352146284674
:107B5000BDE87040FFF7EAB8502080F31188BFF30A
:107B60004F8FBFF36F8FFEE73C00002070B504001D
:107B70003ED0226DA2B1E06C884200D30146E06A9B
:107B8000884235D0012A33D11A4D2A6894420FD148
:107B9000502080F31188BFF34F8FBFF36F8FFEE744
:107BA000502080F31188BFF34F8FBFF36F8FFEE734
:107BB000E162A269002A02DBC1F13801A1610E4E27
:107BC00000EB8000616906EB8000814210D1201D2E
:107BD000FFF7E0FDE06A2969884200D9286100EBDF
:107BE000800006EB8000211DBDE87040FFF72ABE33
:107BF00070BD00003C0000201006002030B587B0AA
:107C00000024039405AA04A903A80494FFF7DEFD49
:107C1000DDE903010094CDE90110002315A1174807
:107C2000059A00F06CFC164D0028E8621FD000F0A9
:107C300039FE012809D0401C19D1502080F3118849
:107C4000BFF34F8FBFF36F8FFEE7502080F3118893
:107C5000BFF34F8FBFF36F8F4FF0FF30A86201204B
:107C60006861EC6007B0BDE8304000F045B807B08F
:107C700030BD000049444C4500000000C56F0008BD
:107C80003C0000200248016B491C01637047000062
:107C90003C000020164810B5016B11B10121C161F3
:107CA00010BD0021C1610169124A01E0B9B1491E4C
:107CB00001EB810352F82330002BF7D001EB810355
:107CC00002EB830202F1080453685B685360A3422D
:107CD00001D15B685360DA680260016110BD502019
:107CE00080F31188BFF34F8FBFF36F8FFEE7000063
:107CF0003C000020100600201CB537480168374AB8
:107D0000914207D1502080F31188BFF34F8FBFF30A
:107D10006F8FFEE700683149491E884207D1502025
:107D200080F31188BFF34F8FBFF36F8FFEE72C49AD
:107D300008780190FF20087008788DF800009DF801
:107D400000009DF8002000F0F000904207D0502085
:107D500080F31188BFF34F8FBFF36F8FFEE79DF85D
:107D60000000204C00F0500020700720A06005E0CB
:107D70009DF8002052008DF80020401E9DF8002044
:107D80001206F5D4A060032807D0502080F3118894
:107D9000BFF34F8FBFF36F8FFEE74FF44070A060CB
:107DA000019808700C482030016841F470010160AE
:107DB000016841F070410160FFF7B6FD002060608E
:107DC000F8F738FA0848016841F040410160F8F7D7
:107DD0001DFA00201CBD000000ED00E071C20F4143
:107DE00000E400E0B000002034EF00E010B55020C7
:107DF00080F31188BFF34F8FBFF36F8F00F0BEFB8E
:107E000018B104494FF080500860002080F31188B9
:107E100010BD000004ED00E010B502460021012075
:107E200000F005F80446FFF7FDF8204610BDF8B550
:107E300017460E46050013D005FB06F05030FFF73D
:107E40007DFB04000AD0002084F8460004F15002B3
:107E50003B46314628460094FFF7F0F82046F8BD2F
:107E6000502080F31188BFF34F8FBFF36F8FFEE771
:107E700038B5049D18B153B1CAB181B120E050208A
:107E800080F31188BFF34F8FBFF36F8FFEE7502051
:107E900080F31188BFF34F8FBFF36F8FFEE7502041
:107EA00080F31188BFF34F8FBFF36F8FFEE739B1B7
:107EB000502080F31188BFF34F8FBFF36F8FFEE721
:107EC00050241C46012384F846302B460094FFF7CB
:107ED000B5F8204638BD000070B50D46040025D029
:107EE000FFF7BCFCD4E90F20216802FB0011A16060
:107EF0000021A163216861600A46D4E90F01401E98
:107F000000FB0121E16021464FF0FF3001F8440FF2
:107F1000487004F110008DB1FFF76EFC04F12400ED
:107F2000FFF76AFCFFF7BAFC012070BD502080F318
:107F30001188BFF34F8FBFF36F8FFEE721690029D0
:107F4000F0D000F0FBFB0028ECD004494FF080504B
:107F50000860BFF34F8FBFF36F8FE3E704ED00E0DE
:107F60002DE9FF4782B01D468A464FF00008040005
:107F700003D0BAF1000F08D011E0502080F311882F
:107F8000BFF34F8FBFF36F8FFEE7206C38B15020E7
:107F900080F31188BFF34F8FBFF36F8FFEE7022D81
:107FA0000AD1E06B012807D0502080F31188BFF37D
:107FB0004F8FBFF36F8FFEE700F0CCFA3F4F4FF0CB
:107FC00000094FF0805648B9049838B1502080F32A
:107FD0001188BFF34F8FBFF36F8FFEE7FFF73EFCB3
:107FE000A06BE16B884207D3022D05D00498D0B175
:107FF000B8F1000F1AD01EE02A4651462046FEF77F
:108000006AFF616A19B104F1240000F097FB20B106
:108010003E60BFF34F8FBFF36F8FFFF73FFC012030
:1080200006B0BDE8F087FFF739FC22E06846FFF7AD
:108030005BFD4FF00108FFF731FCFFF723FEFFF770
:108040000DFC94F94400401C01D184F8449094F94B
:108050004500401C01D184F84590FFF71FFC04A99E
:10806000684600F0E5F930B12046FFF731FA00F03C
:108070009DFB0020D4E7FFF7F1FBA06BE16B88428A
:1080800013D1FFF70BFC04F110000499FFF73AFD40
:108090002046FFF71DFA00F089FB00289ED13E60C4
:1080A000BFF34F8FBFF36F8F98E7FFF7F7FB2046C3
:1080B000FFF70EFA00F07AFB90E7000004ED00E015
:1080C0002DE9F0471F4690468946040003D0B9F1D8
:1080D000000F08D011E0502080F31188BFF34F8FBC
:1080E000BFF36F8FFEE7206C38B1502080F311880A
:1080F000BFF34F8FBFF36F8FFEE7022F0AD1E06B04
:10810000012807D0502080F31188BFF34F8FBFF3B1
:108110006F8FFEE7FFF71AFC5020EFF3118680F314
:108120001188BFF34F8FBFF36F8FA06BE16B884255
:1081300006D3022F04D0002086F31188BDE8F08713
:1081400094F94550A06B3A4649462046FEF7C3FED7
:10815000681C04D06D1C84F845500120ECE7606A6F
:108160000028FAD004F1240000F0E8FA0028F4D046
:10817000B8F1000FF1D00121C8F80010EDE70000C0
:108180002DE9F747002683B08A46040003D0BAF1F0
:10819000000F08D011E0502080F31188BFF34F8FFB
:1081A000BFF36F8FFEE7206C38B1502080F3118849
:1081B000BFF34F8FBFF36F8FFEE700F0CBF9DFF80F
:1081C000F4804FF000094FF0805748B9059838B156
:1081D000502080F31188BFF34F8FBFF36F8FFEE7FE
:1081E000FFF73CFBA56BC5B151462046FEF760FE8C
:1081F0006D1EA563206950B104F1100000F09EFAD5
:1082000028B1C8F80070BFF34F8FBFF36F8FFFF72F
:1082100045FB012006B0BDE8F087059808B11EB106
:1082200006E0FFF73BFB27E06846FFF75DFC012611
:10823000FFF734FBFFF726FDFFF710FB94F944002E
:10824000401C01D184F8449094F94500401C01D1B0
:1082500084F84590FFF722FB05A9684600F0E8F88E
:10826000002820460AD0FFF733F900F09FFA204695
:10827000FEF7B8FF0028B3D00020CBE7FEF7B2FF2F
:1082800090B104F124000599FFF73CFC2046FFF76C
:108290001FF900F08BFA0028A2D1C8F80070BFF3D4
:1082A0004F8FBFF36F8F9BE72046FFF711F900F068
:1082B0007DFA95E704ED00E02DE9F343002683B055
:1082C0000400354609D0206C78B1502080F3118825
:1082D000BFF34F8FBFF36F8FFEE7502080F31188FD
:1082E000BFF34F8FBFF36F8FFEE700F033F9DFF876
:1082F0003C814FF000094FF0805748B9049838B1DD
:10830000502080F31188BFF34F8FBFF36F8FFEE7CC
:10831000FFF7A4FAA06BC8B1401EA063206810B993
:10832000FFF77AF9A060206950B104F1100000F065
:1083300005FA28B1C8F80070BFF34F8FBFF36F8FF5
:10834000FFF7ACFA012005B0BDE8F083049808B14E
:1083500066B10FE03DB1502080F31188BFF34F8F1D
:10836000BFF36F8FFEE7FFF799FA5DE06846FFF70E
:10837000BBFB0126FFF792FAFFF784FCFFF76EFACA
:1083800094F94400401C01D184F8449094F94500CC
:10839000401C01D184F84590FFF780FA04A9684693
:1083A00000F046F80028204612D0FFF791F800F0C0
:1083B000FDF92046FEF716FF0028A9D09DB3FFF770
:1083C0004DFA606A50B3206B0068C0F1380126E0B6
:1083D000FEF708FFE0B1206838B9FFF73FFAA06860
:1083E00000F070F90546FFF759FA04F124000499EA
:1083F000FFF788FB2046FFF76BF800F0D7F900285D
:1084000086D1C8F80070BFF34F8FBFF36F8F7FE73F
:108410002046FFF75DF800F0C9F979E70021A06870
:10842000FFF7A4FB9FE7FFE700208CE704ED00E0E7
:108430002DE9F0410C46050011D0C4B1FFF70EFA4A
:10844000174BDA686E682068911B471C17D02F689D
:108450001B6A9F4219D0964217D8012410E0502081
:1084600080F31188BFF34F8FBFF36F8FFEE750206B
:1084700080F31188BFF34F8FBFF36F8FFEE70024A7
:10848000FFF70CFA2046BDE8F081884205D9401A72
:1084900020602846FFF728FBF1E700202060DCE79A
:1084A0003C0000202DE9FF5F8346DDE90E879946F9
:1084B00016468A469000FFF741F805001CD05C2064
:1084C000FFF73CF8040014D00020256384F859001D
:1084D000CDE90240CDE900874B4632465146584629
:1084E000FEF7BEFD2046FEF74FFC012004B0BDE8BC
:1084F000F09F2846FFF7E6F94FF0FF30F6E7F0B5BA
:1085000085B0DDE90B640A9DA6B1DCB15C2700975C
:108510002663022684F85960002604AFCDE902469E
:10852000CDE90057FEF79CFD2046FEF72DFC049890
:1085300005B0F0BD502080F31188BFF34F8FBFF31B
:108540006F8FFEE7502080F31188BFF34F8FBFF38A
:108550006F8FFEE70548416919B1006B18B1002023
:108560007047012070470220704700003C00002047
:108570000148C068704700003C0000202DE9F04130
:108580002E4C0027206B28B1A069401CA061384602
:10859000BDE8F081E668761CE66013D1606B006888
:1085A00038B1502080F31188BFF34F8FBFF36F8F26
:1085B000FEE7606BA16B6163A063206A401C2062D0
:1085C000FEF7FCFEA06ADFF87880864209D3606B74
:1085D0000068A0B1606BC068C5686868864211D247
:1085E000A0622068C06A00EB800158F821000128D1
:1085F00000D90127E0690028C9D00127C7E74FF05B
:10860000FF30EDE7281DFFF7C5F8A86A18B105F19E
:108610001800FFF7BFF8E86A2169884200D9206195
:1086200000EB800108EB8100291DFFF70BF9E86AD8
:108630002168C96A8842CAD30127C8E73C000020E4
:108640001006002070B504004FF0000133D01B4D20
:108650002868844207D0502080F31188BFF34F8FE1
:10866000BFF36F8FFEE7206D38B1401E2065E36CCD
:10867000E26A9A421FD040B11DE0502080F3118879
:10868000BFF34F8FBFF36F8FFEE7201DFFF782F818
:10869000E06CE062C0F13800A061E06A29698842BC
:1086A00000D92861064900EB800001EB8000211D04
:1086B000FFF7C8F80121084670BD00003C0000200B
:1086C0001006002070B504004FF000002BD0194DAB
:1086D000E16A2A68D26A914226D2A069002804DBA6
:1086E0002868C06AC0F13800A061134E01EB810117
:1086F000606906EB8101884211D1201DFFF74AF81D
:108700002868C06AE0622969884200D9286100EBC4
:10871000800006EB8000211DFFF794F802E0286836
:10872000C06AE062012070BDE16C2A68D26A9142A1
:10873000F8D370BD3C0000201006002070B5C06862
:10874000C46854B104F118000646FFF723F8144D2D
:10875000286B50B13146134815E0502080F3118842
:10876000BFF34F8FBFF36F8FFEE7201DFFF712F8A7
:10877000E06A2969884200D928610B4900EB800032
:1087800001EB8000211DFFF75DF8E06A2968C96AE6
:10879000884202D90120E86170BD002070BD000050
:1087A0003C000020980A0020100600202DE9F04728
:1087B0002C4D00242746286B38B1FFF74FF8286B63
:1087C000401E2863286B40B146E0502080F311889A
:1087D000BFF34F8FBFF36F8FFEE7A968224E0120D2
:1087E000D1B3A6F5916980463068E0B1F068C468FD
:1087F00004F11800FEF7CEFF201DFEF7CBFFE06A64
:108800002969884200D9286100EB800109EB8100C9
:10881000211DFFF717F8E06A2968C96A8842E3D387
:10882000C5F81C80E0E70CB1FEF7C8FDAC694CB19F
:108830004FEA0806FFF7A2FE00B1EE61641EF9D10F
:108840000020A861E86938B10849012738070860A5
:10885000BFF34F8FBFF36F8FFFF720F83846BDE8A7
:10886000F08700003C000020980A002004ED00E0A2
:108870002DE9FC4781461E46174688462C200A9D56
:10888000FEF75CFE04000AD0002084F82800CDE941
:10889000005433463A4641464846FEF739FC2046E6
:1088A000BDE8FC8710B586B0FEF7D6FA114C2068FB
:1088B000B8B100200390049005AA04A903A8FEF70C
:1088C0008FFFDDE9032102208DE8070000230AA1C4
:1088D0000B48059AFFF713FE606010B106B0012047
:1088E00010BD502080F31188BFF34F8FBFF36F8FFF
:1088F000FEE7000078000020546D7220537663007C
:10890000AD7400082DE9FF411E46134602000A9D82
:108910004FF0000016D0144C2768002F0FD0CDE97F
:1089200000130292062917DAFFF714FE02284FF00F
:1089300000030FD0002269462068FFF711FB04B046
:10894000BDE8F081502080F31188BFF34F8FBFF353
:108950006F8FFEE72A46EEE7002332466946384627
:10896000FFF7AEFBEBE700007800002010B5040035
:108970000AD0FEF773FF94F82800C0070CD001243A
:10898000FEF78CFF204610BD502080F31188BFF306
:108990004F8FBFF36F8FFEE70024F1E70100020065
:1089A0000400060008000A000C001000200040002F
:1089B0008000000101010103070100000804020416
:1089C0000801010100000000000000000102030492
:1089D000060708090000000001020304001AB1B1F3
:1089E0000100C1814001C0804101C0804100C181BE
:1089F0004001C0804100C1814000C1814001C08070
:108A00004101C0804100C1814000C1814001C0805E
:108A10004100C1814001C0804101C0804100C1814D
:108A20004001C0804100C1814000C1814001C0803F
:108A30004100C1814001C0804101C0804100C1812D
:108A40004000C1814001C0804101C0804100C1811E
:108A50004001C0804100C1814000C1814001C0800F
:108A60004101C0804100C1814000C1814001C080FE
:108A70004100C1814001C0804101C0804100C181ED
:108A80004000C1814001C0804101C0804100C181DE
:108A90004001C0804100C1814000C1814001C080CF
:108AA0004100C1814001C0804101C0804100C181BD
:108AB0004001C0804100C1814000C1814001C080AF
:108AC0004101C0804100C1814000C1814001C0809E
:108AD0004100C1814001C0804101C0804100C1818D
:108AE0004000C0C101C30302C2C60607C705C5C412
:108AF00004CC0C0DCD0FCFCE0E0ACACB0BC9090882
:108B0000C8D81819D91BDBDA1A1EDEDF1FDD1D1CC1
:108B1000DC14D4D515D71716D6D21213D311D1D051
:108B200010F03031F133F3F23236F6F737F53534F1
:108B3000F43CFCFD3DFF3F3EFEFA3A3BFB39F9F8C1
:108B40003828E8E929EB2B2AEAEE2E2FEF2DEDEC61
:108B50002CE42425E527E7E62622E2E323E1212091
:108B6000E0A06061A163A3A26266A6A767A5656491
:108B7000A46CACAD6DAF6F6EAEAA6A6BAB69A9A801
:108B80006878B8B979BB7B7ABABE7E7FBF7DBDBC41
:108B90007CB47475B577B7B67672B2B373B17170D1
:108BA000B050909151935352929656579755959431
:108BB000549C5C5D9D5F9F9E5E5A9A9B5B99595841
:108BC00098884849894B8B8A4A4E8E8F4F8D4D4CE1
:108BD0008C44848545874746868242438341818011
:108BE000400000006072D548409F9F4880CB70488D
:108BF000801F3748C05E0C4880D8D84700BBA847C4
:108C0000CD398447B3A95047B3BC2547667C044798
:108C10000020D546CD72AC469A578C4600B46546C6
:108C2000CDFE3C4600401C4600E401468F10D9456D
:108C3000EC29B6459A91994500088245E1225D45A7
:108C4000E1CE3C4529D8214585430B45C38DF044F1
:108C5000A480D0440060B544EC419E44148E8A4404
:108C600000607344CD645644336B3D444AD427447A
:108C7000391C15442FD5044425642C25640D0A5253
:108C80005F543A256420A1E3432C20525F563A25D5
:108C900064562C20525F493A2564412C2054587068
:108CA0006172616D657465722E73797374656D5F41
:108CB00073746174323A25640D0A0000DC8C00087C
:108CC000000000202001000020620008FC8D000848
:108CD00020010020A8350000306200080000E44BAD
:108CE0000000000000000000000000000000000084
:108CF0000000000000000000000000000000000074
:108D00000000000000000000100000000100000052
:108D1000000000000024F40000000000000000003B
:108D20000000000000000000000000000000000043
:108D30000000000000000000000000000000000033
:108D40000000000000000000000000000000000023
:108D50000000000000000000000000000000000013
:108D60000000000000000000000000000000000003
:108D700000000000000000000000000000000000F3
:108D800000000000000000000000000000000000E3
:108D9000AAAAAAAA0000000000000000000000002B
:108DA00000000000000000000000000000000000C3
:108DB00000000000000000000000000000000000B3
:108DC00000000000000000000F270000000000006D
:108DD0000000000000000000000000000000000093
:108DE0000000000000000000000000000000000083
:0C8DF000001AB1B10100000000000000FA
:04000005080001D915
:00000001FF
