:020000040800F2
:1000000010380020AD020008DD500008154500083A
:10001000814F0008970B0008FD6B000800000000EE
:10002000000000000000000000000000ED010008DA
:10003000ED0C0008000000004902000841580008CB
:10004000C7020008C7020008C7020008C70200086C
:10005000C7020008C7020008C7020008C70200085C
:10006000C7020008C7020008C7020008C70200084C
:10007000C7020008C7020008C7020008C70200083C
:10008000C7020008C7020008C7020008C70200082C
:10009000C7020008C7020008C7020008C70200081C
:1000A000C7020008D5580008C7020008C7020008A8
:1000B000E1580008C7020008C7020008C70200088C
:1000C000C7020008C7020008C7020008C7020008EC
:1000D000C7020008C7020008C7020008C7020008DC
:1000E000C7020008C7020008C7020008C7020008CC
:1000F000C7020008C7020008C7020008C7020008BC
:10010000C7020008C7020008C7020008C7020008AB
:10011000C702000871600008C7020008C702000893
:10012000C7020008C7020008C7020008C70200088B
:10013000C7020008C7020008C7020008C70200087B
:10014000C7020008C7020008C7020008C70200086B
:10015000C7020008C7020008C7020008C70200085B
:10016000C7020008C7020008C7020008C70200084B
:10017000C7020008C7020008C7020008C70200083B
:10018000C7020008C7020008C7020008C70200082B
:10019000C702000800000000C7020008C7020008EC
:1001A000C7020008C7020008C7020008C70200080B
:1001B000C7020008C7020008C7020008C7020008FB
:1001C000C7020008C7020008C7020008C7020008EB
:1001D000C7020008C7020008DFF80CD000F01CFAC4
:1001E00000480047416D0008103800202C4B19686A
:1001F0000868B0E8F04F80F30988BFF36F8F4FF0C5
:10020000000080F311887047000000000848006873
:10021000006880F308884FF0000080F3148862B60D
:1002200061B6BFF34F8FBFF36F8F00DF00BF00BF1A
:1002300008ED00E0DFF80C00016841F47001016096
:10024000704700BF88ED00E0EFF30980BFF36F8FC8
:10025000134B1A681EF0100F08BF20ED108A20E91A
:10026000F04F106009B44FF0500080F31188BFF3D5
:100270004F8FBFF36F8F07F0ADFD4FF0000080F39D
:10028000118809BC19680868B0E8F04F1EF0100F1B
:1002900008BFB0EC108A80F30988BFF36F8F7047F6
:1002A00048000020EFF305807047000006488047B3
:1002B00006480047FEE7FEE7FEE7FEE7FEE7FEE74B
:1002C000FEE7FEE7FEE7FEE7C5580008D901000893
:1002D0002DE9F05F0546002092469B46884606467B
:1002E000814640241BE0284641464746224600F00E
:1002F000EEF853465A46C01A914110D3114618469B
:10030000224600F0D5F82D1A67EB01084F46224629
:100310000120002100F0CCF817EB00094E41201E0F
:10032000A4F10104DFDC484631462A464346BDE8D5
:10033000F09F40EA01039B0703D009E008C9121FA0
:1003400008C0042AFAD203E011F8013B00F8013B8F
:10035000521EF9D27047D2B201E000F8012B491EBB
:10036000FBD270470022F6E710B513460A46044652
:100370001946FFF7F0FF204610BD2DE9FE4F81EA38
:10038000030404F0004421F0004100944FF0000BFE
:1003900023F0004350EA01045ED052EA03045BD02C
:1003A000C3F30A54C1F30A552C44A4F2F334019464
:1003B000A0FB0254C1F3130141F48011C3F31303F2
:1003C00043F4801301FB024400FB034E840A970AA6
:1003D00044EA815447EA8357A4FB076802958D0AD3
:1003E00005FB07854FEA932C04FB0C542705029D5F
:1003F0004FEA065847EA1637B5EB08056EEB070CCF
:10040000870E920E47EA811742EA8312A7FB020188
:10041000B6EB0B0164EB00042B0D43EA0C335E18C2
:1004200044EB1C50DA465146E7FB0201C5F31304C6
:100430004FEA0B3343EA14534FEA0432019C43EA78
:100440000603A4F10C040294009CCDE900B400F072
:1004500094F803B0BDE8F08F00200146F9E70EB52F
:1004600040F2334102910021CDE900110A460B46CA
:1004700000F083F803B000BD01F0004330B421F078
:10048000004150EA010206D00A0DA2F56072C1F3E4
:100490001301002A02DC30BC00207047440F44EAFC
:1004A000C104C100E01830BC00EBC25000F01FB81E
:1004B000202A04DB203A00FA02F100207047914024
:1004C000C2F1200320FA03F3194390407047202A19
:1004D00004DB203A21FA02F00021704721FA02F3EE
:1004E000D040C2F1200291400843194670470029CC
:1004F000A8BF7047401C490008BF20F001007047AA
:1005000010B4B0FA80FC00FA0CF050EA010404BF09
:1005100010BC704749B1CCF1200421FA04F411FA5F
:100520000CF118BF012121430843A3EB0C01CB1DA3
:100530004FEA00614FEA102042BF002010BC704714
:1005400000EBC35010440029A4BF10BC7047401CEE
:10055000490008BF20F0010010BC704710B5141E00
:1005600073F1000408DA401C41F1000192185B416C
:100570001A4301D120F0010010BD2DE9F04D924643
:100580009B4611B1B1FA81F202E0B0FA80F220325A
:100590009046FFF78DFF04460F4640EA0A0041EA05
:1005A0000B0153465A46084313D0114653EA010043
:1005B00019D0C8F140025046FFF789FF05460E46A4
:1005C000504659464246FFF773FF084305D00120C5
:1005D00004E020463946BDE8F08D0020054346EA98
:1005E000E0762C4337430A986305E40AA0EB080041
:1005F0000022FD0A44EA47540A3002D50020014691
:10060000E9E7010510196941DDE90845001969416B
:10061000BDE8F04DA2E70000064C074D06E0E0689B
:1006200040F0010394E8070098471034AC42F6D339
:10063000FFF7D6FD988E0008B88E000830B58C18EC
:1006400010F8012B12F00F0301D110F8013B120931
:1006500006D110F8012B03E010F8015B01F8015BF3
:100660005B1EF9D101E001F8013B521EFBD1A14212
:10067000E6D3002030BD0000F8B50446002000900D
:100680002068816811F0010F4AD18168254A114222
:1006900037D18168D5432940491C81602068B0F179
:1006A000A04F02D02049884201D1204800E02048D4
:1006B000806800F0E07000020DD51E481E490068F9
:1006C000B0FBF1F0401C00EB4000800000E0401E59
:1006D00000900028FBD101F055FB06461BE0816825
:1006E00011F0010F03D181682940491C816001F09C
:1006F00049FB801B02280ED920680068C043C00750
:1007000009D0E06D40F01000E065206E40F001007F
:1007100020660120F8BD20680168C943C907DED101
:100720000020F8BD3F000080000100500003005091
:100730000007005044000020400D030010B51421B4
:100740000F4800F033FB40F6E4414843000BCD2155
:100750000C4C4843322120600B4800F027FB40F648
:10076000E44148430949000B4000C968884201D26E
:10077000002003E0401A00EB80004008606010BDDC
:100780000080F03E3C0100202000F014E00000203A
:1007900010B507F003F904480178491C0170BDE861
:1007A000104007F01BB90000DC00002000F0CCB9BD
:1007B000094810B5017839B10021017000F0E0F965
:1007C000BDE8104000F0C5B90121017000F0D2F978
:1007D000BDE8104000F0C3B90801002000F0C5B921
:1007E00008B5BE480090002301224FF4FA71BCA066
:1007F00008F02CF9BD4D286107F0A8FF4FF0000963
:100800000246CDF800904B460121286908F068F9AE
:1008100004F0C8FC04F064FCDFF8D4A2DFF8D4B222
:10082000012690B3B4A000F062FA03245F468BF86F
:1008300000404FF47A7007F089F904F051FC50B38E
:1008400041F288383C70404607F080F904F048FCDB
:1008500008B33C7015208AF81300404607F076F97B
:10086000002005F017FB4FF4FA6007F06FF9DFF88E
:10087000A08244F6E4305746A8F80000387D0128ED
:1008800068790AD0012876D023E1FFE7EE70A1A0B5
:1008900000F02DFAE4E7EE70E2E728BB04F068FF11
:1008A000DFF884A2012400BFDAF80020B8F80000C5
:1008B000C2F89400C4F164034343642293FBF2F34F
:1008C000DAF800C0CCF89C30604390FBF2F0DAF824
:1008D0000010C1F8A800142007F038F9641C2E2C71
:1008E000E2DB00F07FFA6E71287928B18F4804F0BE
:1008F000AFFC2870F0B3AFE06878002817D18B48C0
:100900000A3004F0BFFCA870202811D0B8F80010FD
:10091000A1F59642E43A02D1EA68521CEA60EC681A
:100920004FF4FA72B4FBF2F302FB134242B1BEE0A1
:10093000002004F0DBFE2E718BF800600A20B4E08A
:1009400046F6D77291421BD20A31774889B2A8F88D
:1009500000100268C2F89410362201FB02F36422F0
:10096000B3FBF2F30468C4F89C302E235943B1FB67
:10097000F2F101E017E09CE00068C0F8A81096E0F2
:10098000E888C821401C80B2B0FBF1F2E88001FB8E
:100990001200002806D1C5F80C90A5F806906E70DC
:1009A00004F014FF83E0DFF884C1A5F808909CF8F8
:1009B000000020B101280AD0022810D01BE0B8F8AE
:1009C00000004FF4FA42904213D2401C0EE0B8F8F7
:1009D000000044F6E43290420BD9401E06E0B8F81D
:1009E00000004FF4FA42904203D2401DA8F80000E4
:1009F00001E0A8F800204C48B8F800100268C2F8DE
:100A00009410362201FB02F36422B3FBF2F3046874
:100A1000C4F89C302E235943B1FBF2F10068C0F8B2
:100A2000A8109CF80100F874052809D0032809D003
:100A3000042807D050B1012808D0022809D00BE0C3
:100A4000022107E003208BF8000005E08BF800602E
:100A500002E004218BF8001028894FF47A74401CBE
:100A600080B2B0FBF4F2288104FB1200F8B944F61E
:100A7000E430A8F8000004F0A9FE04F06BFE2D4954
:100A80002B4885F805900A680260097901710020F9
:100A900005F000FA85F80490A5F80690C5F80C90CA
:100AA00085F801908BF80090204607F04FF8012060
:100AB00010E020481E4985F8059002680A60007918
:100AC00008714C46002005F0E5F92C71EC80EC60D3
:100AD0006C70642007F03AF8D0E60000DD6D000885
:100AE00070617273655F646174650000C800002006
:100AF0003C010020000000204E524632344C303180
:100B00002020697320206572726F72210A0D000027
:100B1000040000204E524632344C3031202069739C
:100B200020206F6B210A0D00D4020020CC3200205F
:100B300036010020B88B000800F028B800222021E0
:100B40004FF0904001F019B920214FF0904001F092
:100B50000CB9002240214FF0904001F00EB9012263
:100B600040214FF0904001F008B940214FF09040F3
:100B700001F0FBB8002280214FF0904001F0FDB859
:100B8000012280214FF0904001F0F7B880214FF012
:100B9000904001F0EAB8FEE7064910B5002008755C
:100BA000054944F6E430088004F010FEBDE810402A
:100BB00004F0D0BD3C0100200400002010EE100A1B
:100BC000234910B5DFED230A884204DC10EE100A39
:100BD0002149884202DAB0EE600A10BD00222421C9
:100BE0001E4B122003EB8004D4ED000AF4EEC00A81
:100BF000F1EE10FA01D2014601E021DD024688182B
:100C000040088C1A012CEDD103EB820203EB810129
:100C1000D2ED000A91ED001AF1EE041A30EE600AEE
:100C200031EE601A00EB8000373820EE210AC0EE6A
:100C3000010A00EE100AB8EEC00A30EE800A10BDBC
:100C400000EB8000373800EE100AB8EEC00A10BD85
:100C50006072D54800C079442FD50444C08D000887
:100C600019481A494279C9682AB10023012A16D0C5
:100C7000022A17D01BE0144A9279531CDBB2502988
:100C800003DB032A09D3012205E011F1230F0EDC57
:100C9000032A02D30222427109E0837107E0372957
:100CA00003DB04E011F11E0F01DD8371437108487D
:100CB0001E29006802DB4FF47A7103E0192902DC77
:100CC00041F6902141637047E00000203C01002084
:100CD0002C04002010B506F061FE034900200870C6
:100CE000BDE8104006F07ABEDC0000207047704777
:100CF00001490020087070470000002072B6FEE72E
:100D0000044D4FF4FA74287805F03AF9204606F0BD
:100D10001DFFF8E70000002010B506F03FFE034875
:100D2000047806F05BFE204610BD0000DC000020C9
:100D300010B504461B4888B0844209D11A4800F017
:100D4000CBFD6421184800F027FD10BB164825E0B4
:100D500020216846FFF706FB0620CDE9004002206F
:100D600002907F20039004200490002005900E48FC
:100D700069466C3800F028F908B1FFF7BFFF0A4850
:100D80006C3800F0A9FD084864216C3800F004FDBF
:100D900010B1002008B010BD03486C3800F04AFBC9
:100DA00080B2F7E70080F03E680200202DE9F041B4
:100DB00000260F4680463546344609E04046FFF798
:100DC000B7FF60B10644012006F0C0FE641CA4B267
:100DD000BC42F3D3781BB6FBF0F0BDE8F0816D1C8C
:100DE000EDB2F0E71D4810B50168001D0268001D56
:100DF00003681B480C0A017044700C0C8470090EC7
:100E0000C1700271110A4171110C8171110EC17111
:100E10000372190A4172190C8172190EC1720C21E8
:100E200004F0AAFA0F49020A48708A70020CCA70CC
:100E3000000E0B4A08710968C2F816109076082156
:100E400002F1160006F030FD054C000A16340821A8
:100E50002072204606F028FD607210BD9075FF1FBD
:100E6000C0320020360100202DE9F04F044690F8F2
:100E700058009BB00F464FF0000B012812D0012004
:100E800084F8580000261796189620684FF0A0485E
:100E9000DFF81C91DFF81CA1474D404506D12846DC
:100EA000009508E002201BB0BDE8F08F48450AD14C
:100EB0005046CDF800A003F043FB0090206803F0FB
:100EC0003FFB40B109E0E06D40F02000E06584F8B0
:100ED00058600120E7E7009850B1E06D40F0200035
:100EE000E0654FF0010B00BF84F858605846DAE720
:100EF00020684146884201D0A84201D12F4800E035
:100F00002F48D7F800C02F4B40F61F72BCF1000FDE
:100F10002DD0D0F808C094F838802CF4604C4CEAFE
:100F2000483CD7F804804CEA080CC0F808C0D4F854
:100F300000C08C4501D0AC4504D18968AB6801F094
:100F4000010109E0D9F80810DAF8085001F00101B0
:100F500005F001059B68294303F001031943C3D140
:100F6000BB68396819438368934319431DE0876858
:100F700027F46047876027688F4201D0AF4204D1D1
:100F80008968AB6801F0010109E0D9F80810DAF8C6
:100F9000085001F0010105F001059B68294303F0A9
:100FA00001031943A0D18168914381609CE700004F
:100FB00000040050000500500001005000030050E4
:100FC00000070050000600502DE9F84F00270446A6
:100FD000009790F85800DFF81C840D46B9460128A8
:100FE00011D0012684F85860206803F0A5FA60B19A
:100FF000E06D40F02000E0655FF0010784F8589054
:101000003846BDE8F88F0220FBE7D5E900210C2324
:10101000206803EA91131844036B01F01F014FF09D
:101020001F0C0CFA01FCC2F3846223EA0C038A4011
:1010300013430363206803F07FFA8246206803F0BD
:1010400077FA5AEA00003CD1AA6829682068B2F110
:10105000004F37D003F080FA2068416921F0004149
:10106000416120686969C268C2F3C10252009140BF
:101070002A69042A31D000EB82002B68026EDFF867
:1010800078C303F0F84302EA0C020B431A4342F020
:101090000041016622682869A96902EB8000026E9E
:1010A00022F080720A430266297F2268286901299A
:1010B00010D0002102EB8000026E22F000720A4381
:1010C00002667DE0002203F047FA2068416941F0A2
:1010D0000041C5E74FF00071ECE7002103F022FA70
:1010E000400320684FF0000172D003F01BFA90FA21
:1010F000A0F0B0FA80F1286842036ED090FAA0F018
:10110000B0FA80F0814204D100221146206803F039
:1011100032FA0121206803F005FA400320684FF0FD
:1011200001015DD003F0FEF990FAA0F0B0FA80F171
:101130002868420359D090FAA0F0B0FA80F08142BA
:1011400004D100220121206803F015FA0221206851
:1011500003F0E8F9400320684FF0020148D003F0A3
:10116000E1F990FAA0F0B0FA80F12868420344D087
:1011700090FAA0F0B0FA80F0814204D1002202215E
:10118000206803F0F8F90321206803F0CBF940034D
:1011900020684FF0030133D003F0C4F990FAA0F0B7
:1011A000B0FA80F1286842032FD090FAA0F0B0FA8C
:1011B00080F0814204D100220321206803F0DBF992
:1011C0002068816811F0010F22D0ACE000E004E05B
:1011D00003F0A8F9C0F384618DE7C0F3846091E760
:1011E00003F0A0F9C0F38461A2E7C0F38460A6E72E
:1011F00003F098F9C0F38461B7E7C0F38460BBE7FC
:1012000003F090F9C0F38461CCE7C0F38460D0E7C9
:101210002A7B296850F8B03FC1F3120C23EA0C0373
:1012200002F0180C754A22FA0CF20A4013430360CC
:10123000E968414577D1286841031CD090FAA0F1B4
:10124000B1FA81F1491C01F01F0109294FEA40312F
:1012500032D8002912D000BF90FAA0F1B1FA81F182
:1012600001F1010101F01F0106FA01F609D100BFE9
:10127000C0F3846109E0C0F38461E3E7C0F38461F3
:10128000EEE790FAA0F1B1FA81F101F1010101F06C
:101290001F0146EA816102D1C0F3846003E090FA45
:1012A000A0F0B0FA80F000F1010000F01F0000EBA8
:1012B000400041EA005132E000290ED090FAA0F13E
:1012C000B1FA81F101F1010101F01F0106FA01F605
:1012D00006D100BFC0F3846106E0C0F38461F1E78A
:1012E00090FAA0F1B1FA81F101F1010101F01F01C1
:1012F00046EA816102D1C0F3846003E090FAA0F075
:10130000B0FA80F000F1010000F01F003C4A00EB51
:10131000400002EB005041EA000141F00071AA6870
:10132000206803F019F937482B6803423FF466AE92
:1013300021684FF0A04C3448344E354D614501D002
:10134000A94201D1024600E032469268DFF8C4802B
:1013500002F0E072434503D0DFF8BC80434521D161
:101360005FEA02281ED4614506D02C4B99427FF4D7
:1013700045AEA94200D0304642F40001826822F016
:10138000E0720A438260264826490068B0FBF1F00B
:10139000401C00EB4000800000E0401E0090002850
:1013A000FBD12BE6DFF8808043450FD15FEAC218FE
:1013B0000CD4A94202D11D4B9942F2D0614502D012
:1013C000A94200D0304642F080710CE0DFF8608026
:1013D0004345E6D15302E4D4A942E2D0614500D0AE
:1013E000304642F48001826822F0E0720A43826053
:1013F00004E6000000007F4000F0FF03FFFF07004D
:10140000000020FE0000088000030050000700508C
:1014100000010050000021C31000C09000060050E1
:1014200044000020400D0300000052C7000500509A
:10143000000084CB0068006C70470000F8B54FF0E6
:10144000000504002E46009502D0E06D10B107E0C3
:101450000120F8BD204600F009F9266684F858609E
:1014600020688168C1F3407119B18168734A1140E5
:10147000816020688168C1F3007189B98168704A10
:10148000114041F0805181606E486F490068B0FBA7
:10149000F1F04000801C00E0401E00900028FBD1CD
:1014A00020688168C1F3007141B9E16D41F010011C
:1014B000E165216E41F001012166012503F03CF850
:1014C000E16DC90600D430B1E06D40F01000E06578
:1014D00001252846F8BDE06D20F4807040F0020040
:1014E000E0652068816811F0010F27D14FF0A0431B
:1014F000564A984201D0904204D19968966801F00A
:1015000001010AE052498968524E01F00101B668B2
:1015100006F001063143504EB66806F0010631432D
:101520000CD1984201D0904201D14C4800E04C4887
:101530006168826822F47C120A438260E168E06B91
:10154000627F0843A16841EA4231084394F82410BD
:1015500040EA0140012904D1218D424A02EB414178
:101560000843E16A29B101F47871226B014342EA30
:1015700001002268D1683C4B19400143D1602068CA
:101580000169626B21F0406111430161206802F042
:10159000CFFF70BB207F94F838102268800340EAA8
:1015A0004100D16844F2020399430143D1602069AC
:1015B0000028206801690AD041F480310161206867
:1015C00050F8C01F22696FF30D01114307E021F4A9
:1015D00080310161206850F8C01F6FF30D01016078
:1015E00094F8400001280CD02068016921F0010125
:1015F0000161606901282068016B21F00F0111D0A1
:1016000013E0D4E911010843D4E91312114308434C
:1016100021680A6940F2FC739A43104340F00100CC
:101620000861E6E7226A521E11430163E06D20F073
:10163000020040F00100E0654BE70000C0FFFF5FE3
:10164000C0FFFF7F44000020400D03000001005058
:101650000004005000050050000600500003005038
:10166000000700500000FEFF0740F0FF2DE9F043A7
:101670009BB00446142115A8FEF774FE5421684659
:10168000FEF770FE4FF00051206800253D4F032605
:10169000DFF8F4908A133D4CB0F1A04F11D03C4BD1
:1016A00098426CD1904668460092119100F0BCFFC0
:1016B00008B1FFF723FB3868401C3860012846D08A
:1016C0004DE068460092119100F0AEFF08B1FFF7BF
:1016D00015FB3868401C3860012807D1E06C40F4E5
:1016E0000050E064E06C00F400501A90E06C40F0B0
:1016F0000400E064E06C00F004001A90E06C40F03C
:101700000200E064E06C00F002001A90E06C40F02F
:101710000100E064E06C179500F001001A900220CF
:10172000CDE9150615A91B4800F0F6F94FF48040E5
:101730001795CDE9150615A9484600F0EDF90620E4
:101740001795CDE9150615A94FF0904015E0E06C0E
:1017500040F40050E064E06C00F400501A90E06C3B
:1017600040F00200E064E06CCDF8548000F002002C
:10177000CDE916651A9015A9484600F0CDF91BB0C1
:10178000BDE8F08330000020000400480010024053
:1017900000010050000800482DE9F0470446884643
:1017A00000684FF0A0454749474BDFF82091A84219
:1017B00001D0484501D10A4600E01A46926802F07D
:1017C0001F06A269082A14D0AEB1052E13D0092E27
:1017D00011D0A84202D0484500D01946886800F4CC
:1017E000604058B1E06D40F02000E0650120BDE8A8
:1017F000F087082703E0C068C007F2E7042700F07D
:10180000C1FA824619E000BFB8F1FF3F15D000F0E1
:10181000B9FAA0EB0A01414502D8B8F1000F0CD18A
:1018200020680068384208D1E06D40F00400E065AF
:10183000002084F858000320D9E720680068384267
:10184000E2D0E06D40F40070E065206802F07CFEBC
:1018500080B1607F70B92068006800070AD5E06D2C
:1018600020F48070E065E06DC00403D4E06D40F0CA
:101870000100E0652068164A164B484501D12C4608
:1018800004E0904201D11C4600E0044684420AD0A4
:101890004EB1052E07D0092E05D0484506D09042FE
:1018A00003D11D4602E0C16801E00546E968082F42
:1018B00005D0490401D40C210160002097E70821DC
:1018C000FAE700000003005000070050000100503C
:1018D00000050050000400502DE9F0410446006866
:1018E0004FF0A045444FA84201D0B84201D143492E
:1018F00000E04349896801F01F0602F01DFE18B19F
:1019000002210846BDE8F08194F8580001280CD067
:10191000012084F858002046FEF7AEFE01004FF08B
:10192000000204D084F85820EBE70220EAE7E06DDB
:1019300040F60163984340F48070E0652068314BC5
:10194000DFF8C4C0B84201D1AE4604E0984201D1EC
:10195000E64600E08646864500D02EB9D4F85CE025
:101960002EF4801EC4F85CE0D4F85CE05FEACE4E52
:1019700006D5D4F860E02EF0060EC4F860E000E072
:1019800022664FF01C0EC0F800E084F85820206852
:10199000B84201D12A4604E0984201D1624600E0F3
:1019A000024682420ED06EB1052E0BD0092E09D010
:1019B000E26D42F48012E265B84213D0984210D131
:1019C00065460FE0C268920105D5E26D22F400522F
:1019D00042F48052E26582680C4B1A40121D82600C
:1019E0008FE70546E86880018BD5E06D20F4005054
:1019F00040F48050E06584E700010050000300508F
:101A0000000700500005005000040050C0FFFF7F99
:101A100010B590F8253000210122022B03D00421BB
:101A2000C163012122E003681C6824F00E041C60DD
:101A3000836C1C6824F480741C6003681C6824F0A8
:101A400001041C6090F84430046C03F01F0302FA98
:101A500003F36360D0E913345C60436D33B11C68F9
:101A600024F480741C60D0E916345C6080F8252072
:101A7000002280F82420084610BD70B590F825207B
:101A8000002401212346022A07D00422C26380F8E1
:101A9000251080F82430012429E00268156825F01B
:101AA0000E0515600268156825F001051560826C49
:101AB000156825F48075156090F84420056C02F0D7
:101AC0001F0201FA02F26A60D0E913255560426DE7
:101AD00032B1156825F480751560D0E9162555607A
:101AE00080F8251080F82430816B01B188472046AA
:101AF00070BD000070B5044600F044F90546601C56
:101B000002D004484068044400F03CF9401BA04265
:101B1000FAD370BD380000202DE9F04FDFF8209295
:101B2000002301260324A9F1040B85B00F2709F136
:101B3000040AABF1040EFAE006FA03F52A407CD061
:101B400091F804C00CF0030CBCF1010F02D0BCF101
:101B5000020F26D1D0F808C0CDF800C04FEA430CE0
:101B600004FA0CF8CDF810C0DDF800C02CEA080C1F
:101B7000CDF800C0D1F80C80DDF810C008FA0CF8E0
:101B8000DDF800C048EA0C08C0F80880D0F804C0AE
:101B90002CEA050C0D79C5F300159D4045EA0C05AE
:101BA00045600D79ED43AD070ED0C5684FEA430897
:101BB00004FA08FC25EA0C05D1F808C00CFA08FC68
:101BC0004CEA050CC0F80CC00D7905F00305022D98
:101BD00016D1DD0800EB850CCDF808C0DCF82080BC
:101BE0005D074FEAD56C07FA0CF528EA05080D6980
:101BF00005FA0CF5DDF808C045EA0805CCF82050D8
:101C000005684FEA430CCDF808C004FA0CFC25EA3D
:101C10000C0591F804C00CF00308DDF808C008FAC0
:101C20000CF848EA0508C0F800804D6815F4403FFC
:101C30007CD0444DD5F860C000E077E04CF0010C5A
:101C4000C5F860C02D6E23F0030C05F0010500956A
:101C50003D4D65440295AD684FEA837C4FEA1C78A0
:101C600007FA08FC25EA0C05B0F1904F06D0DFF822
:101C7000DCC0604505D14FF0010C20E04FF0000CB6
:101C80001DE0DFF8CCC0604502D14FF0020C16E039
:101C9000DFF8C0C0604502D14FF0030C0FE0DFF861
:101CA000B8C0604502D14FF0040C08E0DFF8ACC0CA
:101CB000604502D14FF0050C01E04FF0060C0CFA24
:101CC00008FC4CEA050C029DC5F808C0D9F8005084
:101CD000CC46D1F8048095435FEAC82800D5154367
:101CE000CCF80050DAF80050D446D1F8048095437F
:101CF0005FEA882800D51543CCF80050DBF8005087
:101D0000DC46D1F8048095435FEA883800D5154356
:101D1000CCF80050DEF80050F446D1F8048095432A
:101D20005FEAC83800D51543CCF800505B1C0A6840
:101D300032FA03F57FF400AF05B0BDE8F08F000084
:101D40000804014000100240000001400004004867
:101D500000080048000C004800100048001400482B
:101D60000069084000D001207047426921EA02035F
:101D70000A4043EA0241816170470AB181617047BC
:101D80008162704701488068704700003800002079
:101D900030B590F8DD20022A37D090F8DC20012AF7
:101DA00033D0012480F8DC40022280F8DD20036873
:101DB000D3F8A02322F002050A7802F002022A4397
:101DC00022F03C050A7902F03C022A4322F47075A5
:101DD0008A682A4322F480658A8902F480622A4351
:101DE0000D69C3F8A45305684B69C5F8A8330368A7
:101DF0008969C3F8AC130168C1F8A02380F8DD40FD
:101E0000002180F8DC10084630BD022030BD10B53E
:101E100090F8DD20022A16D090F8DC20012A12D09A
:101E2000012200F8DC2F0223437050F8DC3CD3F889
:101E3000A04324F001040C43C3F8A04342700021E6
:101E40000170084610BD022010BD10B590F8DC20CE
:101E5000012A21D0012280F8DC20022380F8DD3025
:101E60004B1C1BD00368D3F8CC4344F00204C3F8E6
:101E7000CC430368D3F8CC4324F00C040C43C3F8E0
:101E8000CC430168D1F8CC3343F00103C1F8CC3323
:101E900080F8DD20002010BD022010BD0168D1F8BF
:101EA000CC3323F00203C1F8CC33EAE738B50400A1
:101EB00056D0022084F8DD000025C4F8E050C4F8B4
:101EC000E450C4F8E850C4F8EC50C4F8F050C4F83A
:101ED000F450C4F8F850207AC0071BD0214920687C
:101EE000884208D12048016E41F080610166006E91
:101EF00000F0806000902168086820F44042208A49
:101F000000F44040104320F44052A08A00F44050B6
:101F100010430860204600F029F8207A800708D591
:101F20002168086820F44072A08900F440701043D2
:101F30000860012084F8DD0084F8DC505FF00001C7
:101F4000C1EBC10004EB8000491C8561C5610562DD
:101F500045628562C9B205630629F1D9002038BD02
:101F6000012038BD006801400010024008B500683B
:101F70000649884208D10648016E41F08061016639
:101F8000006E00F08060009008BD00000068014015
:101F90000010024070B50D460446FFF7F3FE0646FA
:101FA00007E0681C05D0FFF7EDFE801BA8420DD8A6
:101FB00065B12068D0F88803C043C003F1D4012084
:101FC00084F8DD00002084F8DC0070BD072084F870
:101FD000DD00032070BD70B590F8DD30022B1DD000
:101FE00090F8DC30012B19D0012380F8DC3002247A
:101FF00080F8DD40EC25046805EBC1156159CE067B
:1020000005D54FF6C076B14332400A43625180F89D
:10201000DD30002180F8DC10084670BD022070BD64
:1020200070B590F8DD30022B23D0022380F8DD302C
:10203000062920D08023046803EBC115635923F0DF
:1020400007069368334323F01806D368334363517C
:102050009425046805EBC11513686351982403683F
:1020600004EBC11152685A50012180F8DD100020A4
:1020700070BD022070BD0368196821F007049168E3
:10208000214321F01804D1682143196003681168C5
:102090005961516802689161E6E72DE9F04F90F8C7
:1020A000DD40022C25D090F8DC40012C21D04FF0EF
:1020B000010980F8DC90022480F8DD4000274FF011
:1020C000070C062918D09C2404EBC116012A39D02C
:1020D0008024A8254FF4005A4FF4405B05EBC1154E
:1020E00004EBC114022A2FD0042A45D0082A0BD1B0
:1020F00044E00220BDE8F08F012A0AD0022A0CD069
:10210000042A0ED0082A10D080F8DDC080F8DC70D8
:102110000EE002681968D1610AE00268196851622C
:1021200006E002681968916202E002681968D162EB
:1021300090F8DD10072948D080F8DD9080F8DC7039
:102140000020D7E7196835E04FF0A408D0F800C0A8
:1021500008EBC1111A684CF8012059680029016880
:102160000A5922F440522ED00A5101680A59D3F874
:1021700004C042EA0C0218E0196821E04FF0AC08F4
:10218000D0F800C008EBC1111A684CF8012059685A
:10219000002901680A5922F4404214D00A5101680A
:1021A0000A59D3F804C042EA8C020A5159685145D1
:1021B00003D1996802689151BAE75945B8D1996835
:1021C00002685151B4E70A51B2E7012092E710B515
:1021D00090F8DC20012A0ED0012200F8DC2F022327
:1021E000437050F8DC3C1C680C431C6042700021BA
:1021F0000170084610BD022010BD70B5044690F86D
:10220000DD00022811D094F8DC0001280ED0012551
:1022100084F8DC50022084F8DD00204602F03DF80E
:1022200084F8DD50002084F8DC0070BD022070BD11
:1022300010B590F8DC20012A10D0012200F8DC2F24
:102240000223437050F8DC3CD3F894430C43C3F8AA
:102250009443427000210170084610BD022010BD59
:102260002DE9F041044690F8DD0015460E4602289F
:1022700026D094F8DC00012821D0012784F8DC70F6
:10228000022084F8DD00062E1CD0204602F074F8EF
:10229000C6EBC60004EB80002968016269684162F0
:1022A000A9688162E968C1622969016331462046F3
:1022B00001F076FF062E15D0E86A40B112E0022048
:1022C000BDE8F0811146204601F09EFFE0E7802145
:1022D000206801EBC6114258EB6D22F4007242EA0D
:1022E0004322425084F8DD70002084F8DC00E7E7E8
:1022F0002DE9F041044690F8DD00022824D094F83E
:10230000DC0001281FD0012584F8DC50022084F86D
:10231000DD00EC20266800EBC113F058176820F0B0
:10232000100040EA071020F480175068384320F46A
:102330008037D068384320F4003790683843976975
:10234000012F03D00CE00220BDE8F08120F004074B
:102350001069384320F002075069384340F001000B
:10236000F050204601F01CFF84F8DD50002084F876
:10237000DC00E9E770B5040011D021684CF6CC40D0
:102380000860216845F255500860D4E900014160B9
:102390002168A0688860FFF7F5FC05460DE0012084
:1023A00070BD00BFFFF7EEFC401B312805D9206847
:1023B000C068400701D0032070BD2068C068400796
:1023C000F0D120680269E1688A4201D0016102E02F
:1023D0004AF6AA210160002070BD00684AF6AA21D1
:1023E0000160002070470000024881684268114483
:1023F000816070473800002010B50024032000F0F1
:102400009BF80F2000F008F808B1012401E000F06B
:1024100047F8204610BD000030B505461B4887B080
:10242000016E41F400610166006E06A900F40060CF
:10243000009001A800F066FB00F096FB1449154AD5
:10244000B0FBF1F11448491E0260416040F2E732EE
:102450000021C0E90321816000F08BFE040012D14D
:102460000D4800F0FDFE04000DD1192000F036F8F3
:10247000102D07D200222946192000F03DF8074808
:10248000056000E0012407B0204630BD0010024086
:1024900040420F00002C0140A00500203800002021
:1024A0000D4808B5016E41F001010166016E01F0B1
:1024B00001010091816D41F080518165806D0022A4
:1024C00000F0805000900F21901E00F015F8BDE83C
:1024D000084000F0A1B8000000100240002809DB0D
:1024E00000F01F02012191404009800000F1E0202E
:1024F000C0F8001170470000F0B40E4B1B680C468A
:10250000C3F30223C3F10705042D00D90425191DC7
:10251000072901D2002300E0DB1E012606FA05F19F
:10252000491E214099409E40761E16403143F0BC22
:1025300004F065BB0CED00E0064900F007020868F6
:102540004FF6FF03184040EA0220034A1043086098
:10255000704700000CED00E00000FA052B492C4B01
:102560000A6832214A432B4940B1B0F5007F086820
:1025700029D020F4C06040F480602CE00868C0F3EB
:102580004120022804D051F8800F20F4807022E00E
:10259000D1F8800020F48070C1F88000086820F431
:1025A000C06040F400700860B2FBF3F0401C00E033
:1025B000401E4A69520501D50028F9D148694005F5
:1025C0000AD503207047C0F34120022806D051F8F5
:1025D000800F40F48070086000207047D1F88000C0
:1025E00040F48070C1F88000086820F4C06040F4B6
:1025F00000700860B2FBF3F0401C00E0401E4A6926
:102600005205DBD50028F9D1D8E7000044000020AE
:1026100040420F00007000400248816841F4804150
:1026200081607047007000402DE9F843044600685F
:102630000026BB4D00035ED5A86D0027C00008D45E
:10264000A86D40F08050A865A86D012700F080506B
:102650000090DFF8D092D9F8001041F48071C9F8E9
:102660000010FFF78FFB804606E000BFFFF78AFBF4
:10267000A0EB080002282BD8D9F80000C005F5D53A
:10268000D5F8900010F4407014D0216D814211D023
:10269000D5F89000D5F8901020F4407041F48031C6
:1026A000C5F89010D5F8901021F48031C5F890103D
:1026B000C5F89000C00711D0FFF764FB804641F2D7
:1026C000883907E0FFF75EFBA0EB0801494501D917
:1026D00003260BE0D5F890008007F3D5D5F89000DD
:1026E000216D20F440700843C5F890001FB1A86D1B
:1026F00020F08050A8652078C00707D0D5F8880062
:10270000616820F003000843C5F88800207880073E
:1027100007D5D5F88800A16820F00C000843C5F85B
:1027200088002078400707D5D5F88800E16820F0B8
:1027300030000843C5F888002078000707D5D5F891
:102740008800216920F0C0000843C5F8880020787F
:10275000C00607D5D5F88800616920F440700843A9
:10276000C5F888002078800607D5D5F88800A169CB
:1027700020F440600843C5F888002078400607D55B
:10278000D5F88800E16920F440500843C5F8880076
:102790002078000607D5D5F88800216A20F440404B
:1027A0000843C5F888002088C00507D5D5F88800FB
:1027B000616A20F440300843C5F88800206880032F
:1027C00007D5D5F89C00A16A20F003000843C5F89E
:1027D0009C002088800507D5D5F88800E16A20F4A0
:1027E00040200843C5F88800208840050FD5D5F85B
:1027F0008800216B20F440100843C5F88800206B46
:10280000B0F5801F03D1E86840F48010E8602088AC
:1028100000050FD5D5F88800616B20F4400008430F
:10282000C5F88800606BB0F5800F03D1E86840F40C
:102830008010E8602088C0040FD5D5F88800A16B0F
:1028400020F040700843C5F88800A06BB0F1807F8D
:1028500003D1E86840F48010E86020884FF0006100
:1028600080040ED5D5F88800E26B20F0406010435C
:10287000C5F88800E06B884203D1E86840F4801016
:10288000E860208840040ED5D5F88800226C20F03E
:1028900040601043C5F88800206C884203D1E86886
:1028A00040F48010E860208800040FD5D5F8880037
:1028B000616C20F040500843C5F88800606CB0F1AE
:1028C000805F03D1E86840F48030E8602068C0038E
:1028D0000FD5D5F88800A16C20F040400843C5F81A
:1028E0008800A06CB0F1804F03D1E86840F48030DC
:1028F000E860206840030FD5D5F89C00E16C20F417
:1029000040100843C5F89C00E06CB0F5001F03D1EF
:10291000E86840F48010E8603046BDE8F8830000C5
:1029200000100240007000402DE9F0470E460500FF
:102930004FF0000725D0DFF8AC81D8F8000000F098
:102940000F00B0420CD2D8F8001021F00F01314333
:10295000C8F80010D8F8000000F00F00B04210D105
:102960002968614CC80741F2883A5AD06868DFF894
:102970007C91032808D0022820682DD0400500282B
:102980002CDB0120BDE8F08720688001F9D5E068E4
:1029900000F00302E068C0F30310401C032A19D0C2
:1029A000534A00BFB2FBF0F0E268C2F30622504384
:1029B000E268C2F34162521C5200B0FBF2F048459B
:1029C00017D9A06810F0F00F0CD0880711D5A868AF
:1029D00040B10EE0474AE5E78003D0E700F0D6F8C3
:1029E000484506D9A06820F0F00040F08000A060C3
:1029F0008027A068696820F003000843A060FFF703
:102A0000C1F9814606E000BFFFF7BCF9A0EB090160
:102A100051453AD8A068696800F00C00B0EB810F0E
:102A2000F2D12868810714D5400703D5A06840F487
:102A3000E060A0602878000705D5A06820F4605009
:102A400040F4E060A060A068A96820F0F0000843AE
:102A500004E0802F03D1A06820F0F000A060D8F837
:102A60000010404601F00F01B14216D9016821F073
:102A70000F0131430160FFF785F9074607E000BF0A
:102A8000FFF780F9C11B514501D903207AE7D8F837
:102A9000000000F00F00B042F2D12878400705D5C1
:102AA000A068E96820F4E0600843A0602878000787
:102AB00006D5A068296920F4605040EAC100A060F2
:102AC00000F064F8A1680C4AC1F30311515C01F0F5
:102AD0001F01C8400949086009480068BDE8F0477F
:102AE000FFF79ABC002002400010024000B4C4046A
:102AF0000024F400001BB700A08B00084400002055
:102B0000380000200F2202600C4A936803F0030390
:102B10004360936803F0F0038360936803F4E06319
:102B2000C36092684FF4E06303EAD2020261044892
:102B3000006800F00F0008607047000000100240BD
:102B4000002002400548064900688968054AC1F32B
:102B50000221515C01F01F01C84070474400002071
:102B600000100240B08B00080548064900688968DB
:102B7000054AC1F3C221515C01F01F01C8407047F2
:102B80004400002000100240B08B0008184910B526
:102B90008868C0F381021748012A0BD08A68164B57
:102BA000C2F38102022A06D08A68C2F38102032A94
:102BB00003D0002010BD184610BDCA6802F00304FF
:102BC000CA68C2F30312521C032C02D0B0FBF2F00D
:102BD00001E0B3FBF2F0CA68C968C2F306225043B1
:102BE000C1F34161491C4900B0FBF1F010BD000088
:102BF000001002400024F400001BB7002DE9F84348
:102C000004007AD02078F84DC00747D0A868E9685A
:102C100000F00C0001F003010C2802D0082817D0A6
:102C200001E0032914D06068B0F5803F17D0B0F5FB
:102C3000A02F286817D020F480302860286820F45E
:102C4000802028606068E0B1FFF79CF8064614E039
:102C50002868800322D560680028D2D01EE028684A
:102C600040F48030EDE740F480202860F7E700BFB3
:102C7000FFF788F8801B642870D828688003F7D590
:102C80000CE0FFF77FF8064605E000BFFFF77AF893
:102C9000801B6428F0D828688003F7D42078800748
:102CA0004CD5A868E96800F00C0001F003010C287D
:102CB00002D004280DD001E002290AD0E0680028E3
:102CC00028682BD040F480702860FFF75BF8064638
:102CD00019E02868400502D5E068002891D06868AE
:102CE000217C20F0FE4040EA01606860BF48006837
:102CF000FFF792FB002800D120E072E1FFF742F8D5
:102D0000801B0228B8D828684005F7D56868217C60
:102D100020F0FE4040EA016068600FE020F480701F
:102D20002860FFF72FF8064605E000BFFFF72AF8F6
:102D3000801B0228A0D828684005F7D42078000717
:102D400029D560690028D5F8940013D040F001001F
:102D5000C5F89400FFF716F8064606E090E000BFBD
:102D6000FFF710F8801B022886D8D5F8940080075A
:102D7000F6D510E020F00100C5F89400FFF702F846
:102D8000064604E0FEF7FEFF801B022878D8D5F83F
:102D900094008007F6D42078400761D5A86D0026FE
:102DA000C00008D4A86D40F08050A865A86D012629
:102DB00000F0805000908E480168C90511D4016868
:102DC000804641F480710160FEF7DCFF074604E0B5
:102DD000FEF7D8FFC01B022852D8D8F80000C00563
:102DE000F6D5A068012815D00528D5F8900016D092
:102DF00020F00100C5F89000D5F8900020F0040004
:102E0000C5F89000A06841F28838B8B1FEF7BAFF63
:102E100007460EE0D5F8900040F00100F0E740F0E2
:102E20000400C5F89000F5E7FEF7ACFFC11B414573
:102E300026D8D5F890008007F6D50CE0FEF7A2FF63
:102E4000074604E0FEF79EFFC11B414518D8D5F8A0
:102E500090008007F6D41EB1A86D20F08050A865C0
:102E60002078800629D5A0690028D5F8980013D0CD
:102E700040F00100C5F89800FEF784FF064606E022
:102E800075E000BFFEF77EFF801B02286FD8D5F8E3
:102E900098008007F6D510E020F00100C5F89800F2
:102EA000FEF770FF064604E0FEF76CFF801B022869
:102EB0005DD8D5F898008007F6D4E069F0B3A9682A
:102EC000C1F3810103295DD00228286820F08070B9
:102ED000286003D0FEF756FF04464BE0FEF752FF92
:102EE000064604E0FEF74EFF801B02283FD8286804
:102EF0008001F7D4F4E908016FF00F0202EB011131
:102F00000843218A5204490802EB4151A26841EA70
:102F100002210843217D4FF07E42490802EB4161C6
:102F20000843217B40EAC160E968324A1140084306
:102F3000E860286840F08070286000E05EE0E868A3
:102F400040F08070E860FEF71DFF044605E000BF1A
:102F5000FEF718FF001B022809D828688001F7D562
:102F60004CE000BFFEF70EFF001B022802D9032031
:102F7000BDE8F88328688001F4D4E8681E49084059
:102F8000E8603BE00128F3D0E868226A00F0030122
:102F9000914226D1616A00F0F00209011039914294
:102FA0001FD1A26A00F4FE41B1EB022F19D194F8AF
:102FB0002C2000F07841B1EBC26F12D1218E00F4C9
:102FC000C00249084905A1F50011914209D194F8C0
:102FD000341000F0C06049084906A1F10071814237
:102FE0000CD00120C4E7000000100240380000208F
:102FF000007000400C809F01FCFFEEFE0020B7E750
:10300000704770477047000030B590F83C20012AA7
:1030100045D0012280F83C20CA688B6822F44072B7
:103020001A434B6822F480621A430B6822F4006250
:103030001A430B6922F480521A434B6922F400525E
:103040001A430B6B22F480421A430B8B22F470223A
:1030500042EA0342CB6922F080521A43114D0368C1
:103060000024AB4205D0104DAB4202D00F4DAB4215
:1030700010D10D8D22F4700242EA05520D6A22F041
:1030800080722A434D6A22F000722A43C96A22F0F4
:1030900000520A435A6480F83C40002030BD0220B0
:1030A00030BD0000002C01400034014000500140C0
:1030B0007047704770470000F0B590F83C20012A37
:1030C00043D0012580F83C50022280F83D2003685F
:1030D0005A689C681E4E1F4FDFF87CC0B34203D075
:1030E000BB4201D0634504D122F4700E4A6842EA23
:1030F0000E02DFF868E002EA0E02D1F800E04EEAC4
:10310000020EC3F804E00268B24212D0B2F1804F5E
:103110000FD0134B9A420CD0124B9A4209D0124B4B
:103120009A4206D0BA4204D0104B9A4201D062456E
:1031300004D1896824F080031943916080F83D50E0
:10314000002180F83C100846F0BD0220F0BD0000D0
:10315000002C014000340140005001408FFFFFFD72
:103160000004004000080040000C00400040014006
:10317000704710B5040003D094F83D0010B107E08B
:10318000012010BD002084F83C00204600F022F809
:10319000022084F83D00211D206802F0A7FB0120D9
:1031A00084F8480084F83E0084F83F0084F840002A
:1031B00084F8410084F8420084F8430084F8440015
:1031C00084F8450084F8460084F8470084F83D0000
:1031D000002010BD10B586B0044614216846FDF7E6
:1031E000C1F821681B48B1F1804F0CD01A4A9142B6
:1031F00007D1016E41F400510166006E00F40050E9
:10320000059006B010BD816D41F001018165816DB1
:1032100001F001010591C16C41F00201C164C06C73
:10322000694600F0020005900820009002200190FD
:10323000002002900390012004900848FEF76CFCE7
:10324000002208211C20FFF757F91C20FFF746F940
:10325000D7E700000010024000340140000400489D
:1032600090F83D10012901D001207047022180F81B
:103270003D100168CA6842F00102CA600068134943
:10328000884214D0B0F1804F11D0114988420ED03D
:10329000104988420BD01049884208D00F49884213
:1032A00005D00F49884202D00E49884207D1816873
:1032B0000D4A1140062906D0B1F5803F03D00168C0
:1032C00041F001010160002070470000002C014026
:1032D0000004004000080040000C004000340140A1
:1032E00000400140005001400700010070B5044655
:1032F00090F83C00002501281CD0012684F83C6091
:10330000022084F83D0022689068334B184020F476
:103310007F4090600868B0F5005F2ED016DC402832
:1033200049D009DCD0B1102818D0202816D0302878
:1033300049D113E0022070BD50282AD0602830D037
:1033400070280FD0B0F5805F3DD13DE010F00F0F39
:1033500039D10111A1F58031072934D822680146FD
:10336000104625E0CB68D1E90121206802F03DFB41
:103370002068816841F0770109E0CB68D1E901213B
:10338000206802F032FB2068816841F4804181604E
:103390001AE0CA684968206802F0FCFC50212068E5
:1033A00006E0CA684968206802F046FD602120688E
:1033B00002F026FB08E0CA684968206802F0EAFCCF
:1033C00040212068F4E7012584F83D60002084F85E
:1033D0003C00284670BD000088FFCEFF2DE9F0417B
:1033E0000068B0F1804F53D12A4C2068C068C043B8
:1033F00080074DD4DFF8A08008214046FEF7B0FCDE
:103400000026264D012708B1E87828B1082140465A
:10341000FEF7A6FC60B10DE0EF702068016A21F0B4
:10342000A00101622068016A41F02001016229E0E7
:10343000287940B108214046FEF792FC20B3287954
:1034400001280FD020E00421124800F041FB686100
:103450002068016A21F0A00101622068016A01620E
:103460002F7111E004210B4800F032FB2861206825
:10347000016A21F0A00101622068016A41F0200187
:1034800001622E712068466221686FF004000861B5
:10349000BDE8F081E003002000040048E0000020C7
:1034A0002DE9F041054690F83C0000260C46012825
:1034B00010D0012085F83C0072B1042A1CD0082AE3
:1034C0002CD00C2A50D00126002085F83C00304634
:1034D000BDE8F0810220FBE7D4E90012E368286828
:1034E00002F06AFC2868816921F00C01816128687A
:1034F0008169A26811430FE0D4E90012E3682868EB
:1035000002F0ACFC2868816921F44061816128687F
:103510008169A26841EA02218161D5E72868D4E97E
:10352000002C277B036A016A21F480710162C16962
:1035300023F4206321F0030141EA0C0121F0F00C97
:1035400039074FF420674CEA116107EA02221A4357
:10355000C16102622868C16921F00C01C16128685B
:10356000C169A26811432BE02868D4E90021E7680B
:10357000036AD0F820C02CF4805CC0F820C0D0F8DA
:103580001CC023F420432CF4407C4CEA012121F49C
:10359000704C4FF6FF7101EA07314FF4204741EAC2
:1035A0000C0107EA02321A43C16102622868C1694C
:1035B00021F44061C1612868C169A26841EA022121
:1035C000C16181E710B5040003D094F83D0010B14B
:1035D00007E0012010BD002084F83C00204600F0E8
:1035E00022F8022084F83D00211D206802F07EF9B7
:1035F000012084F8480084F83E0084F83F0084F8F5
:10360000400084F8410084F8420084F8430084F8C4
:10361000440084F8450084F8460084F8470084F8A4
:103620003D00002010BD70472DE9F04104460068C0
:10363000C66805694FF00007A90713D5B10711D572
:10364000F91E0161012020772068806980072046EB
:1036500002D0FFF7C3FE04E000F0E0F8204600F0DF
:10366000A2F92777680716D5700714D521686FF07F
:1036700004000861022020772068806910F4407FF0
:10368000204602D0FFF7AAFE04E000F0C7F820466B
:1036900000F089F92777280715D5300713D5216859
:1036A0006FF008000861042020772068C069800757
:1036B000204602D0FFF792FE04E000F0AFF820466B
:1036C00000F071F92777E80616D5F00614D52168C1
:1036D0006FF010000861082020772068C06910F49E
:1036E000407F204602D0FFF779FE04E000F096F814
:1036F000204600F058F92777E80708D0F00706D0F1
:1037000021686FF001000861204600F0D7F9280613
:1037100001D4A80408D5300606D521686FF40250FC
:1037200008612046FFF76DFCE80508D5300606D590
:1037300021686FF4807008612046FFF761FC68061D
:1037400008D5700606D521686FF040000861204654
:1037500000F0D3F9A80608D5B00606D521686FF0A9
:10376000200008612046FFF74DFCE80208D5F00272
:1037700006D521686FF4801008612046FFF799FC98
:10378000A80208D5B00206D521686FF400100861C0
:103790002046FFF78DFC680208D5700206D5216827
:1037A0006FF4800008612046FFF784FC28020AD5E8
:1037B000300208D521686FF4000008612046BDE89A
:1037C000F041FFF7D5BCBDE8F081000010B586B030
:1037D000044614216846FCF7C5FD0E49206888425E
:1037E00016D10D48C16C41F00101C164C06C0021CB
:1037F00000F0010005904FF4004000900220CDE958
:103800000101CDE9031069464FF09040FEF784F9BD
:1038100006B010BD0034014000100240704770B582
:10382000044690F83C0000260D4601280BD00120EC
:1038300084F83C000C2A4AD007DC82B1042A20D04C
:10384000082A06D131E0022070BD102A53D0142A74
:1038500063D00126002084F83C00304670BD20680B
:1038600002F0D8F82068816941F008018161206880
:10387000816921F004018161206881692A6911430D
:1038800011E0206802F01CF92068816941F40061B0
:1038900081612068816921F480618161206881698A
:1038A0002A6941EA02218161D4E7206802F058F9CF
:1038B0002068C16941F00801C1612068C16921F037
:1038C0000401C1612068C1692A69114311E02068BF
:1038D00002F096F92068C16941F40061C161206875
:1038E000C16921F48061C1612068C1692A6941EA26
:1038F0000221C161AEE7206802F0D2F92068016DB3
:1039000041F0080101652068016D21F004010165A5
:103910002068016D2A69114311E0206802F0FCF96A
:103920002068016D41F4006101652068016D21F49A
:10393000806101652068016D2A6941EA0221016503
:1039400088E710B5040003D094F83D0010B107E0FB
:10395000012010BD002084F83C00204600F022F831
:10396000022084F83D00211D206801F0BFFF0120E6
:1039700084F8480084F83E0084F83F0084F8400052
:1039800084F8410084F8420084F8430084F844003D
:1039900084F8450084F8460084F8470084F83D0028
:1039A000002010BD7047704770B50446022269B10F
:1039B000042912D0082917D00C291CD0102921D095
:1039C00094F84300012824D0012070BD94F83E00F3
:1039D0000128F9D184F83E201DE094F83F00012829
:1039E000F2D184F83F2016E094F840000128EBD192
:1039F00084F840200FE094F841000128E4D184F8D5
:103A0000412008E094F842000128DDD184F84220EA
:103A100001E084F843200122206801F0D9FF1D490C
:103A200020681D4A1D4B1E4D88420BD0904209D084
:103A3000984207D01B4EB04204D01B4EB04201D07A
:103A4000A84203D1466C46F400464664206888428A
:103A500011D0B0F1804F0ED0144988420BD01449D8
:103A6000884208D01349884205D0904203D098423A
:103A700001D0A84207D181680F4A1140062906D01B
:103A8000B1F5803F03D0016841F0010101600020E1
:103A900070BD0000002C0140003401400040014096
:103AA0000050014000440140004801400004004033
:103AB00000080040000C00400700010000680349B6
:103AC000884201D1FEF790BC70470000002C0140F5
:103AD0000246002041B1042909D008290AD00C2946
:103AE00001D11068006C70471068406B7047106817
:103AF000806B70471068C06B7047704790F88410F7
:103B0000012918D0012180F884102421C0F88810E0
:103B100001680A680B6823F001030B6022F0005172
:103B200000224266036819602021C0F8881080F8DE
:103B3000842010467047022070477047704770B568
:103B4000044690F8840001281DD0012084F88400E8
:103B50002420C4F8880020680568026822F0010269
:103B600002602068826822F060620A438260204618
:103B700002F0A8FA206805602020C4F88800002020
:103B800084F8840070BD022070BD70B5044690F8C2
:103B9000840001281DD0012084F884002420C4F86A
:103BA000880020680568026822F00102026020682F
:103BB000826822F060420A438260204602F082FA64
:103BC000206805602020C4F88800002084F8840064
:103BD00070BD022070BD7047704770472DE9F041FD
:103BE00003680446D86919689A6840F60F052842A8
:103BF0004FF000054FF002060AD187067ED501F08E
:103C0000200702F0805C57EA0C0777D0616F42E131
:103C1000B64FDFF8DCC2174001EA0C0C57EA0C0C77
:103C20006CD05FEAC07C0CD05FEAC15C09D54FF074
:103C3000010CC3F820C0D4F8903043F00103C4F85D
:103C40009030830709D5D30707D023681E62D4F8C4
:103C5000903043F00403C4F8903043070AD5D307EB
:103C600008D0266804233362D4F8903043F002036E
:103C7000C4F8903003070CD501F020033B4308D073
:103C8000266808233362D4F8903043F00803C4F860
:103C9000903003050BD54B0109D526684FF400631E
:103CA0003362D4F8903043F02003C4F89030D4F855
:103CB0009030002B3DD0800609D501F0200002F0A5
:103CC0008051084303D0616F09B120468847D4F87A
:103CD000900021688968490602D410F0280F2AD084
:103CE000204602F0D3FA2068806840061ED520687E
:103CF000083050E8001F21F0400100E021E040E8DA
:103D00000012002AF3D1D4F8800078B17949816398
:103D1000D4F88000FDF7B1FE00280AD0D4F8800066
:103D2000816B00E02046BDE8F04108472046FFF7E0
:103D300054FFBDE8F0812046FFF74FFFC4F89050D4
:103D4000F7E7D4F86CC02027BCF1010F7ED15FEA01
:103D5000C06C7BD55FEAC16C78D5102018622068F2
:103D60008068400651D5D4F880100A685068000475
:103D7000000C3ED0B4F85C3083423AD9A4F85E001F
:103D80000868006880062CD4216851E8000F20F4F0
:103D9000807041E80002002AF6D12068083050E81F
:103DA000001F21F0010140E80012002AF5D120682F
:103DB000083050E8001F21F0400140E80012002ABE
:103DC000F5D1C4F88C70E566216851E8000F20F049
:103DD000100041E80002002AF6D1D4F88000FDF777
:103DE00017FE2667B4F85C00B4F85E10401A81B282
:103DF00007E0B4F85C1081429BD11068800698D52A
:103E000026672046FFF799FE93E7B4F85C00B4F804
:103E10005E10401A81B2B4F85E00002889D00029F3
:103E200087D0226852E8000F20F4907042E8000327
:103E3000002BF6D12D4BDB432068083050E8002FD3
:103E40001A4040E8002CBCF1000F00E00EE0F3D176
:103E5000C4F88C70E5666567206850E8002F22F092
:103E6000100240E80023002BF6D1C9E7C60209D5AD
:103E7000560207D54FF4801018622046BDE8F04185
:103E8000FFF7AABE03060AD501F0800302F4000280
:103E9000134304D0A16F00297FF444AF49E74206E1
:103EA00011D54A060FD52046016851E8002F22F0AF
:103EB000400241E80023002BF6D1C0F888708567E6
:103EC00000F06DF935E7020206D54A0004D5204618
:103ED000BDE8F041FFF77FBEC00195D5002993DA18
:103EE0002046BDE8F041FFF729BE000001000010A8
:103EF000200100047D62000810B5040003D0D4F84E
:103F0000880010B107E0012010BD002084F8840073
:103F1000204600F027F82420C4F8880020680168B3
:103F200021F001010160A06A10B1204602F0ECF816
:103F3000204602F03DFC0128E6D02068416821F4CB
:103F4000904141602068816821F02A0181602068E9
:103F5000016841F0010101602046BDE8104002F017
:103F600037B900002DE9F0419CB00446142115A892
:103F7000FCF7F8F954216846FCF7F4F93749206852
:103F8000374C0226DFF8DC800427002588423CD12C
:103F90001020059500906846FEF746FB08B1FCF737
:103FA000ADFEA06D40F48010A065A06D00F48010FF
:103FB0001A90E06C40F00400E064E06C00F0040053
:103FC0001A90E06C40F00800E064E06CCDE9166502
:103FD00000F008001A904FF4805015900520CDE9AC
:103FE000185015A94046FDF797FD15A91E481597CD
:103FF000FDF792FD3520FEF771FA002207213520EA
:10400000FEF77AFA1CB0BDE8F08118498842F9D170
:10401000684600970395FEF707FB08B1FCF76EFEB4
:10402000A06D40F48020A065A06D00F480201A905F
:10403000E06C40F00400E064E06CCDE9166500F04F
:1040400004001A904FF4406015900720CDE91850F5
:1040500015A94046FDF760FDD4E700000050004080
:104060000010024000080048000C004800480040D2
:1040700030B4D0F88C30202B02D0022030BC7047F6
:10408000A9B1A2B10023C3660A4C0368A3420BD0B6
:104090005B681B0208D5046854E8003F43F0806366
:1040A00044E80035002DF6D130BC02F0CDBC012033
:1040B000E4E70000008000400068094988420ED112
:1040C000084801780848B0F88020815430F8801FF3
:1040D000491C0180012203490448FFF7C9BF70470A
:1040E0000050004034000020E0320020780400201E
:1040F0002DE9F8430446D0F88800984616460D4648
:10410000202802D00220BDE8F883A5B19EB100208E
:10411000C4F890002120C4F888001834FDF732FE5E
:10412000A6878146E68754F8100C2027183CB0F586
:10413000805F02D003E00120E5E7206910B12E4640
:10414000002510E000260EE08021204602F004FD4C
:10415000C0B9DEB116F8010B21688862B4F85600C8
:10416000401EA4F85600B4F856004B464FF000022B
:10417000CDF800800028E7D14FF04001204602F042
:10418000EBFC40B1C4F888700320BCE735F8020BA3
:10419000C0F30800E0E7C4F888700020B3E7704778
:1041A000072930D2DFE801F00A10161C222804008B
:1041B0000068D0F8841341F0010122E00068D0F8D3
:1041C000841341F002011CE00068D0F8841341F030
:1041D000040116E00068D0F8841341F0080110E0F3
:1041E0000068D0F8841341F010010AE00068D0F8AC
:1041F000841341F0200104E00068D0F8841341F0FA
:104200004001C0F88413704770B503681A68D3F88A
:10421000A0534C6922F020022646144324F0C00229
:10422000202E2BD08C69022C28D0032C2BD0042CD0
:104230002ED022F0E00200BF22F40064CA692243BB
:1042400022F480640A6A224322F0C0644A6A22434C
:1042500022F000648A6A2243CC6A22F0404242EA99
:10426000840222F000544A6B096B224325F4803407
:1042700021431A600068C0F8A01370BD22F0C0028C
:1042800042F02002D8E722F0800242F04002D3E759
:1042900022F0400242F08002CEE7F0B50024E4268E
:1042A000056806EBC11755F807C0B82606EBC1161E
:1042B000AE59402A20D00EDC082A2CD006DC012A78
:1042C0001AD0022A27D0042A31D115E0102A13D09F
:1042D000202A2CD11FE0B2F5007F1CD005DC802AFB
:1042E00019D0B2F5807F22D106E0B2F5806F03D0FD
:1042F000B2F5006F1BD10EE04FF0BC0E0EEBC11EED
:104300005A6845F80E204FF0C00E05680EEBC1113B
:104310009A686A500BE0C42404EBC1145A682A510D
:10432000C825046805EBC1119A6862501024FE216B
:10433000A1401A682CEA010CA240D96842EA0C029A
:10434000A14011431A69D3F814C01546A2400A438C
:104350000CFA04FC99694CEA020CA14041EA0C01F8
:10436000082D06D1B20504D4B20102D4DA69A24004
:1043700011430068C151F0BD2DE9F04F802403685E
:1043800004EBC117DC5924F07044DC510568EC598A
:10439000E82303EBC1139E4655F803C0E42303EB67
:1043A000C1139B4655F803A0D5F8A033566924F0F5
:1043B00020043443202E24D09669022E21D0032ECF
:1043C00024D0042E27D024F4D07400BF24F4006637
:1043D000D469344324F48066146A344324F0C066FC
:1043E000546A344324F00066946A344324F07046DF
:1043F000D46A3443566B24F40034B6F1005F0FD016
:1044000010E024F4C07444F02004DFE724F4807446
:1044100044F08004DAE724F0800444F48074D5E7A3
:1044200044F4003424F04008946B2CF03F0C2646F2
:1044300044EA080424F48028946D44EA0804DFF870
:10444000D08004EA0804D2F8508048EA040992F8BF
:104450003C40D2F8408004F03F0444EA0C0424F0CD
:10446000004448EA0408546C2AF4807C44EA0C04B2
:10447000D2F848C0BCF5606F02D0BCF5F05F01D146
:10448000402E03D124F4F0544CEA040424F4804672
:10449000D46C3443566D062927D2DFE801F00309B6
:1044A0000F151B21126B23F4003343EA42031CE077
:1044B000126B23F4802343EA820316E0126B23F489
:1044C000002343EAC20310E0126B23F4801343EA93
:1044D00002130AE0126B23F4001343EA421304E0D0
:1044E000126B23F4800343EA821345F807900568B2
:1044F00045F80E80056845F80B40D424026804EBAB
:10450000C11156500068C0F8A033BDE8F08F00001C
:10451000FFFF06FEFEE700000148FDF75EBF00005A
:10452000D003002000EB8100006E00F0F8407047DF
:104530008068C0F3C00070478068C0F38000704797
:104540008068C0F380007047C06810F4406F01D0ED
:104550000020704701207047042303EAD15310B5AF
:1045600018444369C1F3045107248C40A3438A4093
:104570001343436110BD00EB8100016E21F0004147
:10458000114301667047000008B5AE480090FF2453
:10459000002301226421ACA004F058FADFF8B092A5
:1045A0004FF47A764D46C9F80400AA4800900023DB
:1045B00001223146A8A004F049FAA860AA48009058
:1045C00000230122C821A9A004F040FAE860AA480B
:1045D0000090002301223146A8A004F037FA286198
:1045E000AA480090002301223146A9A004F02EFA27
:1045F000686104F0ABF84FF0000A0246CDF800A065
:1046000053460121686804F06BFAA548006803F07E
:1046100075F90146A3A0FCF76AFBA9A1ABA0FCF7C2
:1046200066FBAEA1B0A0FCF762FBB34EDFF8CC8214
:104630004FF4FA7B03F0B2F9377898F8105003F092
:10464000CDF9FCF769FB0146ADA0FCF750FB29460C
:10465000AFA0FCF74CFB2146B4A0FCF748FB394661
:10466000B7A0FCF744FBAC4252D02C46062D4FD2EB
:10467000DFE805F003284F769BBE0023CDF800A0AD
:1046800055461A4603214F46D9F80C0004F028FA83
:10469000002300951A460321386904F021FA00230B
:1046A00000951A460321786904F01AFAFCF762FAB9
:1046B000FCF74FFA04F04AF8024600230095012166
:1046C000B868B9E00023CDF800A055461A4603218A
:1046D0004F46D9F8080004F003FA002300951A4663
:1046E0000321F86804F0FCF9002300951A46032121
:1046F000386904F0F5F9002300951A46032178691A
:1047000004F0EEF9FCF71AFAFCF723FAFCF738FA92
:1047100094E00023CDF800A055461A4603214F46E9
:10472000D9F8080004F0DCF9002300951A460321AB
:10473000F86804F0D5F9002300951A46032138697A
:1047400004F0CEF9002300951A460321786904F09D
:10475000C7F9FCF7F3F9FCF70DFAFCF700FA6DE086
:104760000023CDF800A055461A4603214F46D9F83C
:10477000080004F0B5F9002300951A4603213869B2
:1047800004F0AEF9002300951A460321786904F07D
:10479000A7F9FCF7D3F9FCF7DCF903F0D7FF0246E1
:1047A000002300950121F86846E00023CDF800A021
:1047B00055461A4603214F46D9F8080004F090F9EF
:1047C000002300951A460321F86804F089F90023B4
:1047D00000951A460321386904F082F9FCF7AEF916
:1047E00003F0B4FF0246002300950121786923E01D
:1047F0000023CDF800A055461A4603214F46D9F8AC
:10480000080004F06DF9002300951A460321F868AA
:1048100004F066F9002300951A460321786904F034
:104820005FF9FCF78BF9FCF7A5F903F08FFF02465F
:10483000009500230121386904F052F9584603F02D
:1048400085F9F7E619450008494F5F4C45440000DB
:1048500008010020AD070008424C455F424C554519
:104860005F4C454400000000390B0008424C455F96
:104870005245445F4C454400DD070008424C455F0B
:10488000475245454E5F4C4544000000B1070008C3
:10489000475245454E5F5245445F4C454400000039
:1048A0000C0000204C656450726F635461736B5F41
:1048B00048616E646C65723A256C642E0D0A0000C6
:1048C0004A756C2031382032303235005F44415413
:1048D000455F2069733A25730D0A000031333A3081
:1048E000343A3030000000005F54494D455F206984
:1048F000733A25730D0A0000000000203C010020DF
:10490000476574457272436E743A25642E0D0A0031
:104910005458706172616D657465722E6C65645F68
:10492000737461743A25642E0D0A0000496E69742F
:104930005F6C65645F737461743A25642E0D0A00C0
:10494000675F74785F73797374656D5F7374617496
:104950003A25642E0D0A000030B58BB0002408946F
:104960000994202168460A94FBF7FCFC1D484FF08F
:10497000A041042501604FF44031C0E90114C46036
:104980000461C0E90545047744770121016280F89C
:104990002440C462046380F83840C46380F8404017
:1049A000FCF74CFD08B1FCF7A9F908A90D480894DB
:1049B000FCF75AFA08B1FCF7A1F90B480090062061
:1049C0000190072002907F200594CDE903056946F8
:1049D0000448FCF7F9FA002801D0FCF78FF90BB076
:1049E00030BD0000FC0100200200300430B589B069
:1049F00020216846FBF7B6FC1948184900240160DD
:104A00004FF44031C0E90114C46004250461C0E9D9
:104A10000545047744770121016280F82440C4628F
:104A2000046380F83840C46380F84040FCF706FD1A
:104A300008B1FCF763F90B4800900620CDE90104AA
:104A40007F200594CDE9030569460548FCF7BCFACB
:104A5000002801D0FCF752F909B030BD0001005028
:104A6000680200200080F03E1CB505490120CDE918
:104A700000010023322203A1054803F001FE1CBD02
:104A80000800002073746172745F7461736B0000BE
:104A90007577000870B586B014216846FBF762FC94
:104AA0002D48C16C41F00401C164C16C01F00401E6
:104AB0000591C16C41F02001C164C16C01F020017D
:104AC0000591C16C41F00101C164C16C01F00101AB
:104AD0000591C16C41F00201C164C16C01F0020199
:104AE0000591C16C41F00801C164C06C012200F065
:104AF000080095024FF09046059029463046FDF794
:104B00003CF90022E0213046FDF737F900244FF44C
:104B10004050CDE90004694610480294FCF7FCFFC0
:104B200000950125CDE90254694630460195FCF710
:104B3000F3FFE020CDE90005CDE902546946304697
:104B4000FCF7EAFF1020CDE900046946044802940E
:104B5000FCF7E2FF06B070BD001002400004004800
:104B6000000800482DE9F043B5B000242E942F949E
:104B700030941C2127A83194FBF7F4FB6021684690
:104B8000FBF7F0FB32943394202118A83494FBF700
:104B9000E9FB1C2120A8FBF7E5FB5E485C49C0E966
:104BA00000148460FDF782F908B1FCF7A7F80C2126
:104BB0005848FDF74AF908B1FCF7A0F80A21554812
:104BC000FDF7E8F908B1FCF799F802274FF004095E
:104BD0002097CDE9219401268020CDE92406239455
:104BE00020A94C482696FDF7D3F808B1FCF786F8C3
:104BF000DFF8248108252EAAB8F80000CDE92E049C
:104C000000214448CDE93045FDF70AFA08B1FCF728
:104C100075F829942A9427AA00213E4827962D94B6
:104C2000FDF766FB08B1FCF769F84AF6802200211F
:104C30003848FDF7D0F908B1FCF760F8009401940A
:104C40000294CDE903460594069407944FF0006062
:104C50000894CDE90940C012CDE90B404003CDE9ED
:104C60000D040F94109411941294149415941694A6
:104C70006A46002127481794FDF7F2FA08B1FCF7BD
:104C80003DF8B8F8000032AB5038329001220021D4
:104C90002048FDF702FA08B1FCF730F850203290B6
:104CA00032AB042200211B48FDF7F7F908B1FCF7ED
:104CB00025F8CDE91875CDE91A541C941D941E945D
:104CC00018AB0122002113481F94FDF796FA08B192
:104CD000FCF714F82020CDE91840CDE91A091C95FD
:104CE00018AB022200210B48FDF787FA08B1FCF748
:104CF00005F800F06BFD03210648FDF799FA4FF423
:104D000000310448FDF763FA35B0BDE8F0830000D8
:104D100000680140D4020020040000200B4810B5B8
:104D2000094901600421416040F6FF71C1604FF400
:104D3000FA718160FDF71EFB002803D0BDE810402A
:104D4000FBF7DCBF10BD000000300040D0030020A6
:104D500010B58CB00024059422480494069407945E
:104D600008940A9409940094019402944FF08041AD
:104D700003940160A921C0E901144FF6FF71C0E955
:104D800003148461FEF7F5F908B1FBF7B7FF4FF4A0
:104D90008050049004A91348FEF7A8FA08B1FBF765
:104DA000ADFF1048FEF70EFC08B1FBF7A7FF20206F
:104DB000089008A90A940B48FEF77EF908B1FBF7A2
:104DC0009DFF0120CDE90040029404226946054878
:104DD0000394FEF765FB002801D0FBF78FFF0CB0B2
:104DE00010BD0000E003002030B59BB000241994F2
:104DF0001A9417941894149415941C210DA81694C1
:104E0000FBF7B0FA34216846FBF7ACFA2E482D497F
:104E100041F68F25C0E90014C0E9024580210461F4
:104E2000C0E90541FEF7A5F908B1FBF767FF4FF4AC
:104E30008050179017A92448FEF758FA08B1FBF7DD
:104E40005DFF2148FEF77DFD08B1FBF757FF149485
:104E5000159414A91C481694FEF72EF908B1FBF717
:104E60004DFF6020CDE90E540D90109411941294D2
:104E700000220DA914481394FEF7D1FC08B1FBF7EA
:104E80003DFF00944FF40050CDE90440039400032B
:104E9000CDE9084001940294069407940A940B9477
:104EA000694609480C94FEF7AFF808B1FBF726FFF6
:104EB0000548FEF78BFC00210348FEF775FD1BB08B
:104EC00030BD0000003401402C04002010B5104C0F
:104ED0000E480C2120604FF4E13060600020A0609B
:104EE000E060C4E90401A0612046FFF705F808B1BD
:104EF000FBF704FF012207490548FFF7B9F82068CE
:104F0000016841F01001016010BD00000050004038
:104F10007804002034000020184810B516490160BC
:104F20004FF4E1314160002181600C22C160C0E991
:104F300004128161C161016241628162FEF7DCFF9E
:104F400008B1FBF7DBFE00210C48FEF71EFE08B19E
:104F5000FBF7D4FE00210948FEF7F1FD08B1FBF78D
:104F6000CDFE0648FEF7CAFD002803D0BDE810407C
:104F7000FBF7C4BE10BD0000004800400C05002037
:104F8000FEE700002DE9F0412248234D21498088A9
:104F9000204C40BAA8816A890B7882341618497867
:104FA000B6F57A7F23702ED261704100A170002186
:104FB00004F182070CE0531857F8236033884FEA56
:104FC000132C04EB4103491C83F803C036781E718F
:104FD00003468142EFDB032101EB430081B20D4820
:104FE000823002F061FCE881A98904EB4102D070B3
:104FF000000A1071052000EB4101BDE8F0410548B1
:10500000823001F0F3BD41F0800060700220A0709A
:105010000321F2E7E03200202001002070B5174D97
:1050200015486B8900F58272017952F82330090224
:1050300000F1820419806B8952F8232043791943C7
:10504000118001782170417861708178A170C178F8
:10505000E17001792171407960710621204602F0EA
:1050600023FCE881A071000AE0712046BDE8704091
:10507000082101F0BBBD0000E0320020200100202B
:1050800030B512481049134C0160091F4160891C5A
:105090008160091DC160891C01610A318A1EC0E955
:1050A00005120B490020FF2308604860A2F110019F
:1050B000094DC880237002242C70888008804880A5
:1050C0001380548030BD000024010020E433002010
:1050D000600100200200002003000020FEE7000025
:1050E0001FB50FA10522D1E90001CDE9020102A9F6
:1050F000302000F0FDF805226946102000F068F825
:10510000002069460A5CA52A03D1401CC0B20528CC
:10511000F8D3052802D0012004B010BD0020FBE721
:10512000A5A5A5A5A500000070B51B4886B0C16C5B
:1051300041F00201C164C06C4FF4005500F0020060
:10514000059001200024CDE90050CDE90204134E62
:1051500069463046FCF7E0FC012229463046FCF760
:105160000CFE1020CDE9000402940D4C6946204647
:10517000FCF7D2FC012220212046FCF7FEFD002294
:1051800029463046FCF7F9FD012251022046FCF782
:10519000F4FD06B070BD0000001002400008004899
:1051A0000004004810B500224FF400510648FCF7F7
:1051B000E4FD012251020548FCF7DFFDBDE8104087
:1051C0000A20FCF797BC00000008004800040048D3
:1051D0002DE9F047DFF8409015460F4604464FF49E
:1051E0000078002241464846FCF7C7FD204601F002
:1051F00063FD0646002405E0FF2001F05DFD385503
:10520000641CE4B2AC42F7D3012241464846FCF7A5
:10521000B4FD3046BDE8F0870004004870B50B4E81
:1052200004464FF40075002229463046FCF7A5FDE0
:10523000204601F041FDFF2001F03EFD0446012221
:1052400029463046FCF799FD204670BD0004004811
:1052500070B505460720FFF7E1FF04460146272009
:1052600000F06CF860060AD50A2229466120FFF793
:10527000AFFFFF21E22000F061F8002070BD0120A7
:1052800070BD000070B5184E04464FF40055002262
:1052900029463046FCF771FD0A222146A02000F085
:1052A00027F8012229463046FCF767FD0F4C1021F4
:1052B0002046FCF755FD0028F9D10720FFF7AEFF87
:1052C00004460146272000F039F8E00605D5FF2105
:1052D000E12000F033F8102070BDA00601D5202099
:1052E00070BDFF2070BD00000008004800040048A9
:1052F0002DE9F047DFF8409015460F4604464FF47D
:105300000078002241464846FCF737FD204601F070
:10531000D3FC0646002404E0385D01F0CDFC641C9B
:10532000E4B2AC42F8D3012241464846FCF725FDE1
:105330003046BDE8F0870000000400482DE9F04148
:105340000C4E0F4604464FF40075002229463046A5
:10535000FCF713FD204601F0AFFC0446384601F08F
:10536000ABFC012229463046FCF707FD2046BDE88C
:10537000F08100000004004810B5044600200246F9
:105380000AE0A35C03EB001010F0704302D080EA47
:1053900013605840521CD2B28A42F2D310BD0000B2
:1053A00008B53C48002300901A4647F230513AA015
:1053B00003F04CFBDFF8F49000234C46C9F81C00C6
:1053C0003B4800901A4641F288313AA003F03EFB78
:1053D0002062642002F0BAFB14213A48FBF7E6FC95
:1053E00040F6E4414843000B00EB40004008E06019
:1053F000354E364C364D4CF24F374FF0030800BF58
:1054000000F080FDFBF79AF921688819B84236D878
:10541000DFF8C0A04FF480515046FCF7A1FC834652
:105420004FF400515046FCF79BFC0246BBF1010FC4
:1054300001D1012A08D00B20E07485F8008059467C
:1054400025A0FBF754FC21E0E068A0F54071E739A6
:1054500004D028480078012805D006E01620E07422
:1054600085F8008012E000F055F8FBF7F9FB99F899
:10547000050058B11120E0740420287006E085F87A
:1054800000800A20E0741CA0FBF731FC642002F0CD
:105490005DFBB5E7755F000854656D7065726174FA
:1054A0007572652054696D654F757400E0000020C9
:1054B000F10C00084572726F722053746174757339
:1054C0000000000004006008BF81FAFF3C010020DA
:1054D00000000020000400485F726561647931209B
:1054E00025642C5F6661756C7431202025640D0A7B
:1054F00000000000CB0000205458706172616D659F
:105500007465722E54785F555F504643A3BA256484
:10551000200D0A00F8B510212448FCF721FC244F87
:10552000244E254C012170B100252448257061705E
:105530000078C0B10A206072A078617A884214D2E3
:10554000401CA070F8BD2170A1706078052802D2BF
:10555000401C6070F8BD38780028FBD1307D0028F1
:10556000F8D13175F8BD0320E5E7FBF715FB1448CA
:1055700005707574FBF7AEFB3D70E06903F0E4FA6B
:1055800030B1002300951A460321E06903F0A8FA20
:10559000206A03F0D9FA0028E4D0002300951A46C7
:1055A0000321206A03F09CFAF8BD000000080048BF
:1055B000000000203C010020E0000020CC00002082
:1055C00001000020FFF782FCFFF75AFD174E184D2F
:1055D000184FDFF86480194CDFF864A04FF0FF3BF0
:1055E0004FF000095946306802F054FF02F0D6F936
:1055F0006868010C218060802968A1804843B0FB65
:10560000F7F0E08098F8000002280DD00D48C07C2B
:10561000208102F0E3F900F017F880210848FAF73A
:10562000A1FEAAF88090DDE70520F1E72800002020
:105630006001002040420F000000002020010020F7
:10564000E03200203C01002070B5254C254821782F
:105650000078814243D1627804F1820542F08000F3
:10566000032A05D0062A03D02970687001202EE095
:1056700062881D4E52BAB2F57A7F728124D2B4F894
:105680008000801E81B2164802F00EF9F0811449A4
:10569000B4F88020891E1144098888420CD16078B2
:1056A000032805D006281AD1BDE87040FFF7B6BC24
:1056B000BDE87040FFF766BC20782870607840F045
:1056C00080006870042002E0297068700220A870D1
:1056D000BDE8704002480321823001F087BA70BDF6
:1056E000E0320020020000202001002070B51749A0
:1056F000174D4FF400540870002221462846FCF74D
:105700003CFB052211492A20FFF7F2FD012121204F
:10571000FFF714FE01212220FFF710FE282125208B
:10572000FFF70CFE0A213120FFF708FE0F2126208B
:10573000FFF704FE0F212020FFF700FE2146284638
:10574000BDE870400122FCF718BB000036010020C4
:105750000008004804490020086048608860C8606C
:105760000249487488747047600100203C010020A1
:1057700000B587B0FFF7F6F91248C16C41F001019E
:10578000C164C06C142100F0010005906846FAF76E
:10579000E9FD00210C48FCF73AFB4FF4FA70FCF7E6
:1057A000A9F94FF44070009002200190029000206F
:1057B00003900D20049069464FF09040FCF7ACF93F
:1057C00007B000BD00100240D402002030B587B001
:1057D00014216846FAF7C6FD1748C16C41F0010173
:1057E000C164C06C4FF4407400F0010005900120CA
:1057F000CDE900400020029003204FF09045039037
:1058000069462846FCF788F9002221462846FCF71D
:10581000B4FA0A4844F694310268C2F89C10006851
:105820005021C0F8A81001210448FCF7F0FA6420C8
:10583000FCF760F907B030BD00100240D402002030
:1058400010B54FF0E020006902F072FF012803D08C
:10585000BDE8104002F06ABB10BD10B594B038210D
:105860006846FAF77FFD14210EA8FAF77BFD0020A9
:10587000FCF774FE092000904FF480300190012065
:10588000059002200324CDE907045521CDE90A1033
:105890000C900D9009946846FDF7B0F908B172B606
:1058A000FEE70F20CDE90E04002010901190129019
:1058B00004210EA8FDF738F8002801D072B6FEE7E3
:1058C00014B010BD0248016841F4700101607047D6
:1058D00088ED00E00148FDF7A7BE0000A00500200C
:1058E0000148FDF7A1BE0000E00300202DE9F04FC4
:1058F00002682E4B2E4E2F4FDFF8BCC02F4C304D80
:105900004FF0804B98420BD0584509D0B04207D099
:10591000B84205D0604503D0A04201D0A84204D1CE
:1059200022F070084A6842EA0802DFF89880DFF83F
:105930009890DFF898A0984211D058450FD0B04207
:105940000DD0B8420BD0604509D0A04207D04045E9
:1059500005D0484503D0504501D0A84203D122F4D8
:105960004076CA6832434E6922F0800232430260B8
:105970008A68C2620A688262984209D0A04207D04F
:10598000404505D0484503D0504501D0A84201D13B
:1059900009690163012141610169C90703D00169F6
:1059A00021F001010161BDE8F08F0000002C0140F1
:1059B0000004004000080040000C0040003401409A
:1059C00000500140004001400044014000480140B7
:1059D00010B501F01F030121046A99408C43046251
:1059E000016A9A401143016210BD10B5846842EA11
:1059F000032224F47F440A432243826010BD000046
:105A00008268034B1A400A4342F0070181607047E5
:105A10008FFFCFFF2DE9F047056A026A22F00102ED
:105A20000262436882691F4C25F0020522400C681F
:105A300022F0030214438A681C4E2A431A4D1C4F5D
:105A4000DFF870C0DFF87090DFF870A0A84209D0CE
:105A5000B04207D0B84205D0604503D0484501D0D8
:105A6000504506D122F00808CA6842EA080222F02E
:105A70000402A84209D0B04207D0B84205D0604520
:105A800003D0484501D0504505D14D6923F44073FA
:105A90001D438B692B434360846149684163026203
:105AA000BDE8F0878FFFFEFF002C0140003401406D
:105AB00000400140004401400048014000500140C6
:105AC000F0B5056A026A22F0100202624268836938
:105AD0001C4C1E4E23400C6823F4407343EA0424FC
:105AE00025F020038D681A4F43EA0513164DA8428E
:105AF00003D0B04201D0B84207D1D1F80CC023F096
:105B0000800343EA0C1323F04003A8420CD0B042B8
:105B10000AD0104DA84207D00F4DA84204D00F4D17
:105B2000A84201D0B84207D14D6922F4406242EA4E
:105B300085028D6942EA8502426084614968816319
:105B40000362F0BDFF8FFFFE002C014000340140D6
:105B50000050014000400140004401400048014025
:105B6000F0B5056A026A22F4807202624368C26973
:105B70001C4C1E4E22400C6822F00302144325F4F4
:105B800000728D681A4F42EA0522174DA84203D0D1
:105B9000B04201D0B84207D1D1F80CC022F4006263
:105BA00042EA0C2222F48062A8420CD0B0420AD011
:105BB000104DA84207D0104DA84204D00F4DA84266
:105BC00001D0B84207D14D6923F4405343EA05138D
:105BD0008D6943EA05134360C4614968C163026289
:105BE000F0BD00008FFFFEFF002C0140003401409B
:105BF0000050014000400140004401400048014085
:105C0000F0B5056A026A22F4805202624268C369F2
:105C10001C4C1E4E23400C6823F4407343EA0424BA
:105C200025F400538D681A4F43EA0533164DA842F8
:105C300003D0B04201D0B84207D1D1F80CC023F450
:105C4000004343EA0C3323F48043A8420CD0B04213
:105C50000AD0104DA84207D00F4DA84204D00F4DD6
:105C6000A84201D0B84207D14D6922F4404242EA2D
:105C700085128D6942EA85124260C46149680164F7
:105C80000362F0BDFF8FFFFE002C01400034014095
:105C900000500140004001400044014000480140E4
:105CA00030B5056A026A22F4803202624268036DEE
:105CB000124C23400C681C4325F400330D8943EA41
:105CC00005430F4DA8420ED00E4DA8420BD00E4DED
:105CD000A84208D00D4DA84205D00D4DA84202D0D3
:105CE0000C4DA84204D14D6922F4803242EA0522CB
:105CF0004260046549688164036230BD8FFFFEFF26
:105D0000002C0140003401400040014000440140AB
:105D1000004801400050014030B5046A026A22F494
:105D2000801202624268036D134D24F400142B406C
:105D30000D6843EA05230D8944EA05540F4DA84236
:105D40000ED00F4DA8420BD00E4DA84208D00E4DDC
:105D5000A84205D00D4DA84202D00D4DA84204D155
:105D60004D6922F4802242EA852242600365496837
:105D7000C164046230BD0000FF8FFFFE002C0140B3
:105D8000003401400040014000440140004801400F
:105D90000050014010B5036A046A24F00104046253
:105DA000846924F0F00444EA021423F00A020A434E
:105DB0008461026210BD000070B5056A046A24F0B7
:105DC000010404628469154EB04214D0B0F1804FD2
:105DD00011D0134EB0420ED0124EB0420BD0124E24
:105DE000B04208D0114EB04205D0114EB04202D0A0
:105DF000104EB04203D124F00304144301E044F0F8
:105E000001041A0724F0F00444EA126225F00A03A0
:105E100001F00A0119438261016270BD002C01404A
:105E20000004004000080040000C00400034014025
:105E3000004001400050014010B5036A046A24F09C
:105E400010040462846923F0A00324F4704444EA3B
:105E5000023243EA01118261016210BD30B5046A69
:105E6000056A25F010050562856925F4407545EA47
:105E7000022222F470454FF6FF7202EA033224F048
:105E8000A0032A43A02404EA01111943826101629C
:105E900030BD000070B51949194D4FF40054087019
:105EA000002221462846FBF768FF052213493020CF
:105EB000FFF71EFA052211492A20FFF719FA0121DE
:105EC0002120FFF73BFA01212220FFF737FA1A21A0
:105ED0002420FFF733FA28212520FFF72FFA0F217E
:105EE0002620FFF72BFA0E212020FFF727FA214664
:105EF0002846BDE870400122FBF73FBF3601002075
:105F00000008004810B514211348FAF74FFFFAF7BC
:105F1000A6FA9FED121B53EC112BFAF72EFA9FED08
:105F2000111B53EC112BFAF728FAFAF7A5FA00EE39
:105F3000900AB1EE040A9FED0D1A30EE600A20EED1
:105F4000011A81EE200AFAF739FEBDEEC00A0848B0
:105F500080ED030A10BD00008000501D6666666675
:105F600066660A40000000000000303F00007A44EE
:105F70003C0100200149002008707047000000200B
:105F8000F8B5364C0025364EE17C05281CD2DFE8FA
:105F900000F0034B1C2052000B2912D10A2001F003
:105FA000D5FD304F4FF48066002231463846FBF76E
:105FB000E4FE642001F0CAFD012231463846FBF7B9
:105FC000DCFE2574FF20E074F8BD27480570022030
:105FD00011E0306802F0B8FD30B1002300951A4698
:105FE0000321306802F07CFDFAF7D6FDFAF794FE43
:105FF000032802D303202074F8BD1C4E306802F041
:10600000A3FD0028F8D1FAF7C3FBFAF785FE0328B1
:10601000F2D202F09BFB024600950023012130687A
:1060200002F05EFD2574F8BD01200029E3D00129AE
:10603000E1D10520DFE7FAF7AFFD042020743068D6
:1060400002F082FD0028EED102F080FB02460095AE
:1060500000230121306802F043FDF8BD3C0100201F
:10606000FC00002000080048DC00002000010020A7
:1060700008B51048FDF7B2FD0E480068C169C906B1
:1060800016D5102101620C48B0F8800002280FD903
:106090000A486946006802F012F90098002807D003
:1060A00007494FF080500860BFF34F8FBFF36F8FE9
:1060B00008BD000078040020E03200202800002005
:1060C00004ED00E030B5416EB9B1026891689268A4
:1060D000C1F342610B4B520F9C5CE50003F10804D5
:1060E000A25CB5FBF2F2A0F86A205A5C615CD200B7
:1060F000B2FBF1F1A0F8681030BD0121A0F86A10E0
:10610000F8E70000908B000890F82810090706D5E2
:1061100001684A68836B22F400421A434A6090F88F
:106120002810C90706D001684A68C36A22F4003201
:106130001A434A6090F82810890706D501684A6812
:10614000036B22F480321A434A6090F82810490702
:1061500006D501684A68436B22F480221A434A60DC
:1061600090F82810C90606D501688A68C36B22F426
:1061700080521A438A6090F82810890606D5016873
:106180008A68036C22F400521A438A6090F828103F
:10619000490611D501684A68436C22F480121A43FB
:1061A0004A60416CB1F5801F06D101684A68836C72
:1061B00022F4C0021A434A6090F82810090606D556
:1061C00001684A68C06C22F4002202434A607047AA
:1061D0002DE9F84300260446C0F89060FBF7D2FD95
:1061E0008046206800684FF0200500076FF07E476A
:1061F00013D54346002229042046009700F0ACFC4A
:1062000058B1216851E8000F20F0800041E80002F9
:10621000002AF6D1C4F8885021E0206800684007C1
:1062200022D5434600224FF480012046009700F01B
:1062300093FCC8B1216851E8000F20F4907041E848
:106240000002002AF6D12068083050E8001F21F033
:10625000010140E80012002AF5D1C4F88C5084F8FE
:1062600084600320BDE8F883C4F88850C4F88C50DB
:1062700044F86C6F666026760020F3E710B5806AFC
:106280000021A0F85E10FDF7A8FC10BD10B5026853
:1062900052E8001F21F4907142E80013002BF6D160
:1062A0000E4B0268083252E8001F194042E8001401
:1062B000002CF6D1C16E012908D1016851E8002FE8
:1062C00022F0100241E80023002BF6D12021C0F873
:1062D0008C100021C166416710BD0000FEFFFFEF7A
:1062E00010B5B0F86020D0F88C300168222B04D0B3
:1062F000886940F00800886110BD496A836D1140CB
:106300001980816D891C8165B0F85E10491EA0F866
:106310005E10B0F85E100029EED1026852E8001F4E
:1063200021F4907142E80013002BF6D10168083186
:1063300051E8002F22F0010241E80023002BF5D1A3
:106340002021C0F88C10002141670167154B0268BD
:106350009A420BD05268120208D5036853E8002F06
:1063600022F0806243E80024002CF6D1C26E012A9C
:1063700002D0FDF7A1FE10BDC166026852E8001F01
:1063800021F0100142E80013002BF6D10168CA6920
:10639000D243D20601D410220A62B0F85C10FDF795
:1063A000CCFB10BD008000402DE9F0470446B0F85A
:1063B00060600068C569D0F800A0D0F80890D4F8F3
:1063C0008C10222905D0816941F008018161BDE866
:1063D000F087B4F868704FF0000844E02068406A25
:1063E000A16D30400880A06D801CA065B4F85E00EF
:1063F000401EA4F85E002068C569690730D0E9072F
:106400000AD05FEACA5107D501210162D4F8900091
:1064100040F00100C4F89000A8070BD55FEAC970EE
:1064200008D0216802200862D4F8900040F00400EF
:10643000C4F8900068070BD55FEAC97008D02168DE
:1064400004200862D4F8900040F00200C4F89000E4
:10645000D4F8900020B12046FDF7BFFBC4F890802F
:10646000B4F85E0000B30FB1A806B7D4B4F85E006C
:106470000028ACD0B4F868108142A8D92068083050
:1064800050E8001F21F0805140E80012002AF5D1A9
:106490002A486067206850E8001F41F0200140E86A
:1064A0000012002AF6D192E7216851E8000F20F48B
:1064B000807041E80002002AF6D1214A20680830A5
:1064C00050E8001F114040E80013002BF6D12020B7
:1064D000C4F88C00C4F874804046C4F87080194A2F
:1064E000216891420BD04968090208D5226852E818
:1064F000001F21F0806142E80013002BF6D1E16E0D
:10650000012903D02046FDF7D7FDAFE7E0662168FB
:1065100051E8000F20F0100041E80002002AF6D1F7
:106520002068C169C943C90601D410210162B4F8C9
:106530005C102046FDF701FB98E70000E1620008CF
:10654000FEFFFFEF0080004010B5B0F86020D0F8EB
:106550008C300168222B04D0886940F008008861E3
:1065600010BD496A1140826D1170816D491C8165B1
:10657000B0F85E10491EA0F85E10B0F85E10002959
:10658000EED1016851E8002F22F4907241E8002317
:10659000002BF6D10168083151E8002F22F00102EA
:1065A00041E80023002BF5D12021C0F88C100021F8
:1065B00041670167154B02689A420BD0526812027C
:1065C00008D5036853E8002F22F0806243E80024D6
:1065D000002CF6D1C26E012A02D0FDF76DFD10BD70
:1065E000C166026852E8001F21F0100142E8001362
:1065F000002BF6D10168CA69D243D20601D4102219
:106600000A62B0F85C10FDF798FA10BD00800040F7
:106610002DE9F0470446B0F860600068C569D0F81D
:1066200000A0D0F80890D4F88C10222905D08169F8
:1066300041F008018161BDE8F087B4F868704FF05F
:10664000000844E02068406AA16D30400870A06DE9
:10665000401CA065B4F85E00401EA4F85E002068EF
:10666000C569690730D0E9070AD05FEACA5107D582
:1066700001210162D4F8900040F00100C4F89000BC
:10668000A8070BD55FEAC97008D02168022008620C
:10669000D4F8900040F00400C4F8900068070BD5CF
:1066A0005FEAC97008D0216804200862D4F890001D
:1066B00040F00200C4F89000D4F8900020B12046C9
:1066C000FDF78BFAC4F89080B4F85E0000B30FB108
:1066D000A806B7D4B4F85E000028ACD0B4F86810AF
:1066E0008142A8D92068083050E8001F21F080516D
:1066F00040E80012002AF5D12A486067216851E875
:10670000000F40F0200041E80002002AF6D192E795
:10671000216851E8000F20F4807041E80002002A4F
:10672000F6D1214A2068083050E8001F114040E8A7
:106730000013002BF6D12020C4F88C00C4F874801C
:106740004046C4F87080194A216891420BD04968CC
:10675000090208D5226852E8001F21F0806142E852
:106760000013002BF6D1E16E012903D02046FDF77E
:10677000A3FCAFE7E066206850E8001F21F010019D
:1067800040E80012002AF6D12068C169C943C90651
:1067900001D410210162B4F85C102046FDF7CDF958
:1067A00098E7000049650008FEFFFFEF0080004009
:1067B0002DE9F0410446016880682269E3691043CD
:1067C000626900251A431043DFF84CC20A68934BF4
:1067D0001A4002430A6020684168E26821F440518F
:1067E000114341602168A069614501D0226A1043CC
:1067F0008A688B4B1A4002438A602068C16A626AC9
:1068000021F00F011143C1628649236886488B42FB
:106810000DD1D0F8880010F0030006D0012867D011
:10682000022854D0032851D164E001204FE07F4971
:106830008B420BD1D0F8880010F00C0047D0042810
:1068400045D0082852D00C2840D153E078498B42DB
:106850000BD1D0F8880010F0300038D0102847D085
:10686000202843D0302831D144E072498B420BD1EB
:10687000D0F8880010F0C00029D0402838D08028F7
:1068800034D0C02822D135E06B498B420ED1D0F8EC
:10689000880010F440701AD0B0F5807F28D0B0F591
:1068A000007F23D0B0F5407F10D123E063450DD1A8
:1068B000D0F8880010F4406009D0B0F5806F17D090
:1068C000B0F5006F12D0B0F5406F13D010205B4AC6
:1068D0005B4F00264FF40041634539D160B1022877
:1068E0000DD004280DD0082831D10EE00220EEE7AB
:1068F0000420ECE70820EAE7FCF724F903E011465E
:1069000003E0FCF743F901007BD0606A37F8102000
:106910006768B1FBF2F007EB4703834269D8B0EB3D
:10692000073F66D8002308461946F9F7D1FC09024B
:1069300041EA106102027808101871413A460023BA
:10694000F9F7C6FC3F4AA0F54071914257D950E093
:10695000E3694FF6EF788B422BD1092849D2DFE863
:1069600000F005080D48254848480E00FCF7EAF8F5
:1069700001E0FCF7F9F8010001D142E01146606A3C
:1069800037F81000B1FBF0F04100606801EB5001F6
:10699000B1FBF0F1A1F1100040452AD84FF6F0729A
:1069A00001EA0200C1F34201084328E0FCF7EEF8D7
:1069B000E1E709281DD2DFE800F005080D1C1E1CC8
:1069C0001C1C0E00FCF7BEF801E0FCF7CDF801003E
:1069D00001D116E01146606A37F81000B1FBF0F102
:1069E000606801EB5001B1FBF0F0A0F110014145EE
:1069F00004D9012505E0FCF7C9F8E8E780B2216871
:106A0000C8600120A4F86A0024F8680F2846E660F0
:106A10002661BDE8F081000000800040F369FFCFEF
:106A2000FFF4FF1100380140001002400044004014
:106A300000480040004C0040005000400024F4009A
:106A4000788B0008FFFC0F0070B58165A0F85C2012
:106A5000A0F85E200023436781684FF48056FF242E
:106A6000B14204D10169F9B940F2FF1122E07F255A
:106A7000C1B1B1F1805F1AD0A0F86030C0F8903099
:106A80002221C0F88C100168083151E8003F43F022
:106A9000010341E80034002CF5D1416EB1F1005FF3
:106AA0000ED031E0016941B9A0F86040E6E7016924
:106AB00019B13F21A0F86010E0E7A0F86050DDE7D1
:106AC000B0F8681091421FD88168B14201D10169C4
:106AD000B9B11D494167016941B1026852E8001F1F
:106AE00041F4807142E80013002BF6D101680831AF
:106AF00051E8002F42F0805241E80023002BF5D1ED
:106B000020E012494167F1E78168B14201D1016992
:106B100069B10F494167016959B1026852E8001F24
:106B200041F4907142E80013002BF6D10AE00949C4
:106B30004167026852E8001F41F0200142E800135B
:106B4000002BF6D1002070BD11660008A963000873
:106B500049650008E16200082DE9F04799461746AB
:106B60000D4604464FF00008089E33E0701C31D0FB
:106B7000FBF708F9A0EB0900B04218D8BEB12068B5
:106B80000168490726D5802D24D0402D22D0C16927
:106B9000C94309070DD4082505622046FFF776FB97
:106BA000C4F8905084F884800120BDE8F087032069
:106BB000FBE7C069C04300050CD421684FF40060B6
:106BC00008622046FFF762FB2020C4F8900084F89A
:106BD0008480ECE72068C06935EA000004D000201A
:106BE000B842C3D00020E0E70120F9E78AB20146AD
:106BF00064230148FDF77CBA78040020FEE709070A
:106C0000090E002804DB00F1E02080F80014704732
:106C100000F00F0000F1E02080F8141D704702E042
:106C200008C8121F08C1002AFAD170477047002017
:106C300001E001C1121F002AFBD1704730B587B0B7
:106C400014216846F9F78EFB1948C16C41F0020126
:106C5000C164C06C174D00F0020005900022802135
:106C60002846FBF78AF8012240212846FBF785F8E1
:106C7000012251022846FBF780F8012100244FF43D
:106C80003070CDE90214CDE9000169462846FAF7D3
:106C900043FF2020CDE90004694628460294FAF714
:106CA0003BFF012220212846FBF767F807B030BDE3
:106CB00000100240000400482DE9F04100251F4F5C
:106CC00006462C462A4680213846FBF756F8300601
:106CD00001D5012200E0002240213846FBF74DF8A3
:106CE0007006060E012280213846FBF746F800BFE9
:106CF00000BF00BF00BF00BF00BF00BF00BF6006F5
:106D0000040E20213846FBF72BF8012801D144F06E
:106D10000104002280213846FBF72FF800BF00BF96
:106D200000BF00BF00BF00BF00BF00BF6D1CEDB2C1
:106D3000082DCCD32046BDE8F081000000040048B7
:106D400010B5FBF759FBFEF788FDFDF7A3FEFDF735
:106D500003FEFDF74BFEFEF747F8FDF7F9FFFEF7E0
:106D6000DBF8FDF7DBFFFFF769FFFEF7DDF900F069
:106D700007F8FDF779FE00F015F8002010BD0000BF
:106D8000EFF3058010B16FF005007047044801680B
:106D900011B14FF0FF3070470121016000207047B2
:106DA0009800002010B5EFF3058010B16FF00500DA
:106DB00010BD08480168012902D04FF0FF3010BD16
:106DC000054A002182F8141D0221016000F0B6FF7F
:106DD000002010BD980000200BE000E03EB5134CF1
:106DE0002079012820D10821114800F05DFD1049CB
:106DF00060810A8953BA0F4A834208D1888840BA11
:106E00005060C88840BA1060488840BAD0600A4BC9
:106E1000D2E90010DB7C8DE80B000848D3682179AB
:106E200002880748F9F763FF3EBD0000C800002054
:106E3000CC320020600100203C0100200400002032
:106E4000548E00082DE9F041134C0F460546E668C4
:106E50002068001D00F03EFD681C07D137B1216895
:106E6000BDE8F0410D48091D00F08CBD2068354497
:106E7000B5424560216805D2A06BBDE8F041091D0F
:106E800000F068BD606B091D00F064FDA06A8542DA
:106E900000D2A562BDE8F08148000020DC0A002095
:106EA0002DE9F041054600F079FD2D4CA068401C0D
:106EB000A06020682B4F10B1606930B32BE02560D3
:106EC000A068012827D1002606EB860007EB80008A
:106ED00000F032FD761C382EF6D3234800F02CFD4E
:106EE0002148143000F028FD1F48283000F024FD10
:106EF0001D483C3000F020FD1B48503000F01CFDC8
:106F0000194860631430A06305E02068E96AC06A2C
:106F1000884200D82560606A401C60626864E86A44
:106F20002169884200D9206100EB800007EB8000D6
:106F3000291D00F027FD00F051FD606900280CD0EC
:106F40002068E96AC06A884207D208494FF0805039
:106F50000860BFF34F8FBFF36F8FBDE8F081000073
:106F6000480000202C0600208C0A002004ED00E0E0
:106F700038B500F013FD104C2068C8B90F4800F078
:106F8000DBFC0E48143000F0D7FC0C48E0601430F5
:106F900020610A4B0020F03B009003F150021021C9
:106FA0000A2001F005F8206010B105A100F098FD5D
:106FB000BDE8384000F012BD84000020E00B002046
:106FC000546D72510000000030B4026C0B46002A70
:106FD0000BD0C1681144C1608468A14201D301682B
:106FE000C16030BC1846F9F7A4B930BC70472DE930
:106FF000F041856B174604460026026C82B1C7B18A
:10700000E068F9F796F9E168206C091AE1602268F6
:10701000914202D2A168081AE060022F16D017E050
:107020002068A8B9A06801F0FBFB06460020A0601C
:107030000EE06068F9F77DF9216C606808446060D3
:10704000A168884204D32068606001E005B16D1E2C
:107050006D1CA5633046BDE8F08110B5044690F87C
:10706000590058B101280CD002280FD0502080F3CD
:107070001188BFF34F8FBFF36F8FFEE7206B00F0D7
:10708000C1FC2046BDE8104000F0BCBC10BD0000B3
:1070900010484FF40051420706D0C01D0D4920F0A2
:1070A0000700411AC1F500510B4A00230144C2E90F
:1070B00000030839183A21F0070111604B600B609A
:1070C0000B1AC0E9001393604FF000405360506109
:1070D00070470000C0120020B4000020144E154C70
:1070E000A6F29C474FF08058DFF84C9012E000BFAA
:1070F00000F054FCF068C568281D00F0EBFBA068A8
:10710000401EA0606068401E606000F067FC28467A
:10711000FFF7A3FF60680028EAD138680128F9D991
:10712000C9F80080BFF34F8FBFF36F8FF2E7000005
:10713000C80A00204800002004ED00E0002807D025
:107140000021816001600B460A46C16000F0A8BFC3
:107150007047000070B51D46049C51B1C4F8002072
:10716000C4E90F010121204600F056FF84F84C507D
:1071700070BD2460F4E700002DE9F05F8846DDE98A
:107180000B941546834691009A460A9EA522206BD1
:10719000F9F7E1F86FF00301206B01EB850108447A
:1071A00020F00707780707D0502080F31188BFF33D
:1071B0004F8FBFF36F8FFEE70025B8F1000F0FD0A0
:1071C0005FF00000221818F8001082F8341018F848
:1071D000001011B1401C1028F4D384F8435001E092
:1071E00084F83450382E00D33726E662C4E913659C
:1071F000201D00F0ACFB04F1180000F0A8FB246196
:10720000C6F138006462A061656584F85850524642
:107210005946384600F098FA2060B9F1000F01D0C5
:10722000C9F80040BDE8F09F2DE9F0471E46DDE9B2
:10723000089417460D00804615D0002C11D0FFF79A
:1072400097FE04F11801C4F8008081E86002201D57
:1072500000F07DFB002F04D014F8280F40F004004C
:107260002070BDE8F087502080F31188BFF34F8F66
:10727000BFF36F8FFEE7000030B5114900E0114603
:107280000A688242FBD34B685C18844203D1406891
:1072900018444860084643681C18944209D1084CB9
:1072A000183C2468A24209D052681A4442600A6815
:1072B00012680260814200D0086030BD0460F9E7C6
:1072C000B400002070B5002441600B4D0061914274
:1072D00006D8D11A8269914206D2011D286907E0B9
:1072E0009A4203D2994201D3012403E0011DE868C8
:1072F00000F030FB204670BD8400002010B504462D
:1073000000F04CFBA06B28B15FF0000400F066FBBE
:10731000204610BD0124F9E730B589B03C4D6EE040
:107320000498002806DADDE90601059A90470498DA
:10733000002864DB069C606910B1201D00F0CAFAC9
:1073400003A800F0D7F8024604980A2857D2DFE8CD
:1073500000F00505052D334A05052D3394F8280066
:1073600040F0010084F828000599A069059B0144BC
:107370002046FFF7A7FF68B3216A2046884794F8A4
:10738000280040073BD5002000900598A169002304
:1073900042181946204601F0A3FBD8B9502080F3CB
:1073A0001188BFF34F8FBFF36F8FFEE714F8280FDC
:1073B00020F00100207022E094F8280040F0010045
:1073C00084F828000598A06128B18118134620464A
:1073D000FFF778FF13E0502080F31188BFF34F8F41
:1073E000BFF36F8FFEE794F82800810703D420468F
:1073F00000F008FB03E020F0010084F828000022E0
:1074000004A9286800F0AAFF002889D109B030BD7E
:10741000840000202DE9FC410F46054600F0D2FC17
:1074200001A800F067F80446019818B101F0ACFA21
:10743000BDE8FC81254EAFB130690068D0B30027AC
:10744000291B3A46306800F05FFB01F09DFA0028E6
:10745000EED11F494FF080500860BFF34F8FBFF34C
:107460006F8FE5E7A542EBD801F08EFAF06827466A
:10747000C068C468201D00F02DFA94F82800410768
:1074800019D5A0692B4641193A462046FFF71AFF45
:10749000A8B100200346014600902A46204601F08C
:1074A0001FFB60B9502080F31188BFF34F8FBFF3EB
:1074B0006F8FFEE707E020F0010084F82800216AC2
:1074C00020468847B4E70127BAE70000840000207F
:1074D00004ED00E00648416B096829B1416BC968B9
:1074E000C9684968816270474FF0FF31FAE70000D0
:1074F0004800002070B5054601F028F9064E044604
:10750000B068844203D200F009F8012000E00020B6
:1075100028602046B46070BD84000020F8B5194D85
:1075200020E0C068C4680668201D00F0D3F9216A15
:107530002046884794F82800400713D5A0693044B6
:10754000B04206D924616060211DE86800F002FAAB
:1075500008E000200346014600903246204601F034
:10756000BFFA38B1E86801680029DAD12969C5E9AC
:107570000310F8BD502080F31188BFF34F8FBFF385
:107580006F8FFEE784000020002101E0401C491CB1
:107590000278A52AFAD0C1F38F00704708484068E6
:1075A000401C4FF0500080F3118804D0BFF34F8F80
:1075B000BFF36F8FFEE7BFF34F8FBFF36F8FFEE711
:1075C000BC000020074CE068016841B1C0680021A0
:1075D000D0F80000FFF71EFFFFF79EFEF3E7012142
:1075E0000020F7E7840000202DE9F041044600F078
:1075F000D5F994F9455004F1240609E0606A48B1D0
:10760000304601F089F908B100F016FB6D1E6DB22D
:10761000002DF3DC4FF0FF3684F8456000F0DEF912
:1076200000F0BCF994F9445004F1100709E0206916
:1076300048B1384601F070F908B100F0FDFA6D1E4E
:107640006DB2002DF3DC84F84460BDE8F04100F039
:10765000C5B900002DE9F0410546002700F0B2FB56
:10766000324E306808B9FFF713FD706905424ED1FC
:10767000C5B3083568070ED005F00700C0F1080053
:107680000544680707D0502080F31188BFF34F8F5F
:10769000BFF36F8FFEE72DB37068854237D823485C
:1076A000183001460C6801E020460C466168A9428A
:1076B00002D221680029F7D131688C4227D00768AF
:1076C0002168016060680837411B10290FD96019D3
:1076D000420708D0502080F31188BFF34F8FBFF3CB
:1076E0006F8FFEE713E041606560FFF7C5FD6168DD
:1076F0007068401A7060B268904200D2B0607069E1
:1077000001430020C4E90001F068401CF06001F072
:107710003BF9780707D0502080F31188BFF34F8FD3
:10772000BFF36F8FFEE73846BDE8F0819C00002074
:107730000449086818B10868026D521C026508689F
:10774000704700004800002010B5031F4FF0807400
:107750001C601B1F21F001011960191F044B0B60F5
:1077600014390A60091F6FF0020244380A6010BD24
:107770009D7500081CB500F011F929490420CDE9D8
:1077800000010023C82227A12A4800F079FF2A49D6
:107790000820CDE900010023FA2228A12A4800F0A0
:1077A0006FFF2A480624CDE900400023FA2228A1D1
:1077B0002C4800F065FF2C490F20CDE90001002383
:1077C000FA222AA12C4800F05BFF2C480023CDE9C7
:1077D0000040FA222AA12E4800F052FF0322002185
:1077E000012000F0C4FB2B49032208600021012086
:1077F00000F0BDFB2849032208600021012000F0B1
:10780000B6FB26490860012000F0A6FB2449086069
:107810002448006800F0C0F9BDE81C4000F0DEB864
:107820000C0000204C656450726F635F7461736B71
:1078300000000000894500081000002050657269B2
:107840006F645F7461736B00A15300081400002023
:107850004661756C7448616E646C65725F746173C7
:107860006B000000010D000818000020426C6550FC
:10787000726F5F7461736B00E10700081C000020E9
:1078800052533438355F50726F635F7461736B00AD
:10789000C5550008200000202800002024000020FA
:1078A0002C0000200800002070B5094DFF231A4667
:1078B00005F5807606E000BF10F8014B54402A5DC4
:1078C0005A40335D491E89B2F6D242EA032070BDA8
:1078D000BD8B0008D0E9013201699A60D0E901232B
:1078E0005A604A68824201D182684A60002202617D
:1078F0000868401E086008687047000008B9024820
:107900000068006BFFF740BE48000020034B036097
:1079100003F15C000860802010607047080C0020B4
:10792000044B036003F15C0008604FF4807010604A
:1079300070470000640E002000F108014FF0FF3294
:10794000C0E90112C160016100210160704700219E
:107950000161704730B50B685A1C02D000F1080273
:1079600002E0026904E02246546825689D42FAD983
:1079700053684B6099608A60516008610168491CD6
:10798000016030BD42684A6093688B6093685960BB
:10799000916008610168491C01607047502080F3C4
:1079A0001188BFF34F8FBFF36F8F0A494868401C9F
:1079B000486001280CD10848006810F0FF0F07D07C
:1079C000502080F31188BFF34F8FBFF36F8FFEE716
:1079D00070470000BC00002004ED00E00849486842
:1079E00028B1401E486001D180F3118870475020B3
:1079F00080F31188BFF34F8FBFF36F8FFEE7000056
:107A0000BC00002070B500282AD0164DA0F1080453
:107A100060686969084207D1502080F31188BFF37C
:107A20004F8FBFF36F8FFEE722683AB1502080F38B
:107A30001188BFF34F8FBFF36F8FFEE788436060FD
:107A400000F0C0F960686968084468602046FFF784
:107A500013FC2869401C2861BDE8704000F094BF09
:107A600070BD00009C0000204FF0E020002101616B
:107A7000816105494FF47A720968B1FBF2F1491E40
:107A800041610721016170474400002010B5F8F7FB
:107A900009FC114910280ED300F1E02090F8F00302
:107AA0000A78904207D2502080F31188BFF34F8F9D
:107AB000BFF36F8FFEE709480068896800F4E06053
:107AC000884207D9502080F31188BFF34F8FBFF34E
:107AD0006F8FFEE710BD0000BC0000200CED00E041
:107AE00010B5084B002200BF53F832401CB1521CA5
:107AF000082AF9D310BD43F8321003EBC2014860E5
:107B000010BD0000EC05002070B515460E46044679
:107B1000FFF744FF94F944100020491C01D184F878
:107B2000440094F94510491C01D184F84500FFF741
:107B300055FFA06B28B92A46314604F1240000F015
:107B400099F82046BDE87040FFF74EBD10B5020021
:107B500014D00F48006B38B1502080F31188BFF368
:107B60004F8FBFF36F8FFEE700F02CF90021104616
:107B7000FFF768F900F008FF002807D105494FF02A
:107B800080500860BFF34F8FBFF36F8F10BD0000B0
:107B90004800002004ED00E070B50546FFF7FEFE4A
:107BA0001E4C05B92568281DFFF794FEA86A18B178
:107BB00005F11800FFF78EFE606A401C60622068C5
:107BC000854207D1291D1648FFF7DCFE6068401C7E
:107BD000606007E0A068401EA0602846FFF73DFAFD
:107BE000FFF778FCFFF7FAFE6069002814D02068E0
:107BF000854211D1206B38B1502080F31188BFF33A
:107C00004F8FBFF36F8FFEE706494FF0805008603B
:107C1000BFF34F8FBFF36F8F70BD0000480000208F
:107C2000C80A002004ED00E002490A6A0260C9683F
:107C3000416070474800002001490120C861704739
:107C40004800002010B50C4650B1094909681831A8
:107C5000FFF780FE2046BDE810400121FFF7F2B893
:107C6000502080F31188BFF34F8FBFF36F8FFEE773
:107C70004800002070B514460D4668B10A490968ED
:107C80001831FFF77FFE0CB14FF0FF352146284633
:107C9000BDE87040FFF7D6B8502080F31188BFF3DD
:107CA0004F8FBFF36F8FFEE74800002070B50400D0
:107CB0003ED0226DA2B1E06C884200D30146E06A5A
:107CC000884235D0012A33D11A4D2A6894420FD107
:107CD000502080F31188BFF34F8FBFF36F8FFEE703
:107CE000502080F31188BFF34F8FBFF36F8FFEE7F3
:107CF000E162A269002A02DBC1F13801A1610E4EE6
:107D000000EB8000616906EB8000814210D1201DEC
:107D1000FFF7E0FDE06A2969884200D9286100EB9D
:107D2000800006EB8000211DBDE87040FFF72ABEF1
:107D300070BD0000480000202C06002030B587B040
:107D40000024039405AA04A903A80494FFF7DEFD08
:107D5000DDE903010094CDE90110002315A11748C6
:107D6000059A00F0BAFC164D0028E8621FD000F01A
:107D700087FE012809D0401C19D1502080F31188BA
:107D8000BFF34F8FBFF36F8FFEE7502080F3118852
:107D9000BFF34F8FBFF36F8F4FF0FF30A86201200A
:107DA0006861EC6007B0BDE8304000F045B807B04E
:107DB00030BD000049444C4500000000DD70000863
:107DC000480000200248016B491C01637047000015
:107DD00048000020164810B5016B11B10121C161A6
:107DE00010BD0021C1610169124A01E0B9B1491E0B
:107DF00001EB810352F82330002BF7D001EB810314
:107E000002EB830202F1080453685B685360A342EB
:107E100001D15B685360DA680260016110BD5020D7
:107E200080F31188BFF34F8FBFF36F8FFEE7000021
:107E3000480000202C0600201CB537480168374A4E
:107E4000914207D1502080F31188BFF34F8FBFF3C9
:107E50006F8FFEE700683149491E884207D15020E4
:107E600080F31188BFF34F8FBFF36F8FFEE72C496C
:107E700008780190FF20087008788DF800009DF8C0
:107E800000009DF8002000F0F000904207D0502044
:107E900080F31188BFF34F8FBFF36F8FFEE79DF81C
:107EA0000000204C00F0500020700720A06005E08A
:107EB0009DF8002052008DF80020401E9DF8002003
:107EC0001206F5D4A060032807D0502080F3118853
:107ED000BFF34F8FBFF36F8FFEE74FF44070A0608A
:107EE000019808700C482030016841F4700101606D
:107EF000016841F070410160FFF7B6FD002060604D
:107F0000F8F798F90848016841F040410160F8F736
:107F10007DF900201CBD000000ED00E071C20F41A2
:107F200000E400E0BC00002034EF00E010B5502079
:107F300080F31188BFF34F8FBFF36F8F00F00CFCFD
:107F400018B104494FF080500860002080F3118878
:107F500010BD000004ED00E010B502460021012034
:107F600000F005F80446FFF7E9F8204610BDF8B523
:107F700017460E46050013D005FB06F05030FFF7FC
:107F800069FB04000AD0002084F8460004F1500286
:107F90003B46314628460094FFF7DCF82046F8BD02
:107FA000502080F31188BFF34F8FBFF36F8FFEE730
:107FB00038B5049D18B153B1CAB181B120E0502049
:107FC00080F31188BFF34F8FBFF36F8FFEE7502010
:107FD00080F31188BFF34F8FBFF36F8FFEE7502000
:107FE00080F31188BFF34F8FBFF36F8FFEE739B176
:107FF000502080F31188BFF34F8FBFF36F8FFEE7E0
:1080000050241C46012384F846302B460094FFF789
:10801000A1F8204638BD000070B50D46040025D0FB
:10802000FFF7BCFCD4E90F20216802FB0011A1601E
:108030000021A163216861600A46D4E90F01401E56
:1080400000FB0121E16021464FF0FF3001F8440FB1
:10805000487004F110008DB1FFF76EFC04F12400AC
:10806000FFF76AFCFFF7BAFC012070BD502080F3D7
:108070001188BFF34F8FBFF36F8FFEE7216900298F
:10808000F0D000F049FC0028ECD004494FF08050BB
:108090000860BFF34F8FBFF36F8FE3E704ED00E09D
:1080A0002DE9FF4782B01D468A464FF000080400C4
:1080B00003D0BAF1000F08D011E0502080F31188EE
:1080C000BFF34F8FBFF36F8FFEE7206C38B15020A6
:1080D00080F31188BFF34F8FBFF36F8FFEE7022D40
:1080E0000AD1E06B012807D0502080F31188BFF33C
:1080F0004F8FBFF36F8FFEE700F01AFB3F4F4FF03B
:1081000000094FF0805648B9049838B1502080F3E8
:108110001188BFF34F8FBFF36F8FFEE7FFF73EFC71
:10812000A06BE16B884207D3022D05D00498D0B133
:10813000B8F1000F1AD01EE02A4651462046FEF73D
:1081400056FF616A19B104F1240000F0E5FB20B18B
:108150003E60BFF34F8FBFF36F8FFFF73FFC0120EF
:1081600006B0BDE8F087FFF739FC22E06846FFF76C
:108170005BFD4FF00108FFF731FCFFF723FEFFF72F
:108180000DFC94F94400401C01D184F8449094F90A
:108190004500401C01D184F84590FFF71FFC04A95D
:1081A000684600F033FA30B12046FFF71DFA00F0C0
:1081B000EBFB0020D4E7FFF7F1FBA06BE16B8842FB
:1081C00013D1FFF70BFC04F110000499FFF73AFDFF
:1081D0002046FFF709FA00F0D7FB00289ED13E6049
:1081E000BFF34F8FBFF36F8F98E7FFF7F7FB204682
:1081F000FFF7FAF900F0C8FB90E7000004ED00E09B
:108200002DE9F0471F4690468946040003D0B9F196
:10821000000F08D011E0502080F31188BFF34F8F7A
:10822000BFF36F8FFEE7206C38B1502080F31188C8
:10823000BFF34F8FBFF36F8FFEE7022F0AD1E06BC2
:10824000012807D0502080F31188BFF34F8FBFF370
:108250006F8FFEE7FFF71AFC5020EFF3118680F3D3
:108260001188BFF34F8FBFF36F8FA06BE16B884214
:1082700006D3022F04D0002086F31188BDE8F087D2
:1082800094F94550A06B3A4649462046FEF7AFFEAA
:10829000681C04D06D1C84F845500120ECE7606A2E
:1082A0000028FAD004F1240000F036FB0028F4D0B6
:1082B000B8F1000FF1D00121C8F80010EDE770B55A
:1082C0000E46040009D0206C78B1502080F311884C
:1082D000BFF34F8FBFF36F8FFEE7502080F31188FD
:1082E000BFF34F8FBFF36F8FFEE7206848B9A068D8
:1082F00038B1502080F31188BFF34F8FBFF36F8FD9
:10830000FEE7FFF7C3FB5020EFF3118580F31188E0
:10831000BFF34F8FBFF36F8FA16BE06B884218D90B
:1083200094F94500491CA163411C04D0401C84F809
:10833000450001200EE0606A0028FAD004F1240014
:1083400000F0EAFA0028F4D0002EF2D001203060CC
:10835000EFE7002085F3118870BD00002DE9F74795
:10836000002683B08A46040003D0BAF1000F08D07B
:1083700011E0502080F31188BFF34F8FBFF36F8F50
:10838000FEE7206C38B1502080F31188BFF34F8F87
:10839000BFF36F8FFEE700F0CBF9DFF8F4804FF00A
:1083A00000094FF0805748B9059838B1502080F344
:1083B0001188BFF34F8FBFF36F8FFEE7FFF7EEFA21
:1083C000A56BC5B151462046FEF7FEFD6D1EA563A7
:1083D000206950B104F1100000F09EFA28B1C8F8ED
:1083E0000070BFF34F8FBFF36F8FFFF7F7FA0120D5
:1083F00006B0BDE8F087059808B11EB106E0FFF7AA
:10840000EDFA27E06846FFF70FFC0126FFF7E6FAD2
:10841000FFF7D8FCFFF7C2FA94F94400401C01D1E1
:1084200084F8449094F94500401C01D184F84590AB
:10843000FFF7D4FA05A9684600F0E8F800282046BE
:108440000AD0FFF7D1F800F09FFA2046FEF756FF5A
:108450000028B3D00020CBE7FEF750FF90B104F125
:1084600024000599FFF7EEFB2046FFF7BDF800F06A
:108470008BFA0028A2D1C8F80070BFF34F8FBFF36A
:108480006F8F9BE72046FFF7AFF800F07DFA95E786
:1084900004ED00E02DE9F343002683B004003546E7
:1084A00009D0206C78B1502080F31188BFF34F8F32
:1084B000BFF36F8FFEE7502080F31188BFF34F8F1B
:1084C000BFF36F8FFEE700F033F9DFF83C814FF028
:1084D00000094FF0805748B9049838B1502080F314
:1084E0001188BFF34F8FBFF36F8FFEE7FFF756FA88
:1084F000A06BC8B1401EA063206810B9FFF718F93F
:10850000A060206950B104F1100000F005FA28B114
:10851000C8F80070BFF34F8FBFF36F8FFFF75EFA9D
:10852000012005B0BDE8F083049808B166B10FE002
:108530003DB1502080F31188BFF34F8FBFF36F8F91
:10854000FEE7FFF74BFA5DE06846FFF76DFB01269B
:10855000FFF744FAFFF736FCFFF720FA94F94400DE
:10856000401C01D184F8449094F94500401C01D18D
:1085700084F84590FFF732FA04A9684600F046F8FF
:108580000028204612D0FFF72FF800F0FDF9204612
:10859000FEF7B4FE0028A9D09DB3FFF7FFF9606A8B
:1085A00050B3206B0068C0F1380126E0FEF7A6FE4C
:1085B000E0B1206838B9FFF7F1F9A06800F070F970
:1085C0000546FFF70BFA04F124000499FFF73AFB84
:1085D0002046FFF709F800F0D7F9002886D1C8F83F
:1085E0000070BFF34F8FBFF36F8F7FE72046FEF71A
:1085F000FBFF00F0C9F979E70021A068FFF756FBFF
:108600009FE7FFE700208CE704ED00E02DE9F04153
:108610000C46050011D0C4B1FFF7C0F9174BDA685A
:108620006E682068911B471C17D02F681B6A9F42F9
:1086300019D0964217D8012410E0502080F31188F9
:10864000BFF34F8FBFF36F8FFEE7502080F3118889
:10865000BFF34F8FBFF36F8FFEE70024FFF7BEF924
:108660002046BDE8F081884205D9401A206028469E
:10867000FFF7DAFAF1E700202060DCE7480000208D
:108680002DE9FF5F8346DDE90E87994616468A4647
:108690009000FEF7DFFF05001CD05C20FEF7DAFF3C
:1086A000040014D00020256384F85900CDE902406D
:1086B000CDE900874B46324651465846FEF75CFDF1
:1086C0002046FEF7EDFB012004B0BDE8F09F2846F0
:1086D000FFF798F94FF0FF30F6E7F0B585B0DDE928
:1086E0000B640A9DA6B1DCB15C27009726630226C5
:1086F00084F85960002604AFCDE90246CDE9005761
:10870000FEF73AFD2046FEF7CBFB049805B0F0BD1E
:10871000502080F31188BFF34F8FBFF36F8FFEE7B8
:10872000502080F31188BFF34F8FBFF36F8FFEE7A8
:108730000548416919B1006B18B10020704701204C
:108740007047022070470000480000200148C068C0
:1087500070470000480000202DE9F0412E4C002712
:10876000206B28B1A069401CA0613846BDE8F081AB
:10877000E668761CE66013D1606B006838B1502063
:1087800080F31188BFF34F8FBFF36F8FFEE7606BED
:10879000A16B6163A063206A401C2062FEF79AFE11
:1087A000A06ADFF87880864209D3606B0068A0B1C8
:1087B000606BC068C5686868864211D2A062206894
:1087C000C06A00EB800158F82100012800D9012778
:1087D000E0690028C9D00127C7E74FF0FF30EDE777
:1087E000281DFFF777F8A86A18B105F11800FFF700
:1087F00071F8E86A2169884200D9206100EB8001A4
:1088000008EB8100291DFFF7BDF8E86A2168C96AF5
:108810008842CAD30127C8E7480000202C06002060
:1088200070B504004FF0000133D01B4D286884421E
:1088300007D0502080F31188BFF34F8FBFF36F8FA5
:10884000FEE7206D38B1401E2065E36CE26A9A4273
:108850001FD040B11DE0502080F31188BFF34F8F2F
:10886000BFF36F8FFEE7201DFFF734F8E06CE06286
:10887000C0F13800A061E06A2969884200D9286106
:10888000064900EB800001EB8000211DFFF77AF81C
:108890000121084670BD0000480000202C06002081
:1088A00070B504004FF000002BD0194DE16A2A6822
:1088B000D26A914226D2A069002804DB2868C06AE7
:1088C000C0F13800A061134E01EB8101606906EB35
:1088D0008101884211D1201DFEF7FCFF2868C06A83
:1088E000E0622969884200D9286100EB800006EB2C
:1088F0008000211DFFF746F802E02868C06AE062A8
:10890000012070BDE16C2A68D26A9142F8D370BD33
:10891000480000202C06002070B5C068C46854B11F
:1089200004F118000646FEF7D5FF144D286B50B130
:108930003146134815E0502080F31188BFF34F8F64
:10894000BFF36F8FFEE7201DFEF7C4FFE06A2969C1
:10895000884200D928610B4900EB800001EB8000C0
:10896000211DFFF70FF8E06A2968C96A884202D919
:108970000120E86170BD002070BD000048000020AB
:10898000B40A00202C0600202DE9F0472C4D0024CD
:108990002746286B38B1FFF701F8286B401E286383
:1089A000286B40B146E0502080F31188BFF34F8F11
:1089B000BFF36F8FFEE7A968224E0120D1B3A6F561
:1089C000916980463068E0B1F068C46804F118002D
:1089D000FEF780FF201DFEF77DFFE06A29698842CF
:1089E00000D9286100EB800109EB8100211DFEF711
:1089F000C9FFE06A2968C96A8842E3D3C5F81C80C8
:108A0000E0E70CB1FEF766FDAC694CB14FEA080631
:108A1000FFF7A2FE00B1EE61641EF9D10020A8614B
:108A2000E86938B10849012738070860BFF34F8F5C
:108A3000BFF36F8FFEF7D2FF3846BDE8F087000026
:108A400048000020B40A002004ED00E02DE9FC47B6
:108A500081461E46174688462C200A9DFEF7FAFDE1
:108A600004000AD0002084F82800CDE900543346E1
:108A70003A4641464846FEF7D7FB2046BDE8FC870C
:108A800010B586B0FEF774FA114C2068B8B100201A
:108A90000390049005AA04A903A8FEF741FFDDE9AD
:108AA000032102208DE8070000230AA10B48059A44
:108AB000FFF713FE606010B106B0012010BD50201A
:108AC00080F31188BFF34F8FBFF36F8FFEE7000075
:108AD00084000020546D722053766300C575000831
:108AE0002DE9FF411E46134602000A9D4FF000008B
:108AF00016D0144C2768002F0FD0CDE90013029236
:108B0000062917DAFFF714FE02284FF000030FD0F2
:108B1000002269462068FFF7C3FA04B0BDE8F0817F
:108B2000502080F31188BFF34F8FBFF36F8FFEE7A4
:108B30002A46EEE70023324669463846FFF760FBD7
:108B4000EBE700008400002010B504000AD0FEF717
:108B500025FF94F82800C0070CD00124FEF73EFF43
:108B6000204610BD502080F31188BFF34F8FBFF314
:108B70006F8FFEE70024F1E7010002000400060009
:108B800008000A000C0010002000400080000001D6
:108B900001010103070100000804020408010101AA
:108BA000000000000000000001020304060708099D
:108BB0000000000001020304001AB1B10100C181EC
:108BC0004001C0804101C0804100C1814001C0809E
:108BD0004100C1814000C1814001C0804101C0808D
:108BE0004100C1814000C1814001C0804100C1817C
:108BF0004001C0804101C0804100C1814001C0806E
:108C00004100C1814000C1814001C0804100C1815B
:108C10004001C0804101C0804100C1814000C1814C
:108C20004001C0804101C0804100C1814001C0803D
:108C30004100C1814000C1814001C0804101C0802C
:108C40004100C1814000C1814001C0804100C1811B
:108C50004001C0804101C0804100C1814000C1810C
:108C60004001C0804101C0804100C1814001C080FD
:108C70004100C1814000C1814001C0804100C181EB
:108C80004001C0804101C0804100C1814001C080DD
:108C90004100C1814000C1814001C0804101C080CC
:108CA0004100C1814000C1814001C0804100C181BB
:108CB0004001C0804101C0804100C1814000C0C16D
:108CC00001C30302C2C60607C705C5C404CC0C0D08
:108CD000CD0FCFCE0E0ACACB0BC90908C8D81819B8
:108CE000D91BDBDA1A1EDEDF1FDD1D1CDC14D4D518
:108CF00015D71716D6D21213D311D1D010F03031A8
:108D0000F133F3F23236F6F737F53534F43CFCFD47
:108D10003DFF3F3EFEFA3A3BFB39F9F83828E8E9D7
:108D200029EB2B2AEAEE2E2FEF2DEDEC2CE4242557
:108D3000E527E7E62622E2E323E12120E0A06061C7
:108D4000A163A3A26266A6A767A56564A46CACAD87
:108D50006DAF6F6EAEAA6A6BAB69A9A86878B8B937
:108D600079BB7B7ABABE7E7FBF7DBDBC7CB4747597
:108D7000B577B7B67672B2B373B17170B0509091E7
:108D8000519353529296565797559594549C5C5DC7
:108D90009D5F9F9E5E5A9A9B5B9959589888484957
:108DA000894B8B8A4A4E8E8F4F8D4D4C8C448485D7
:108DB00045874746868242438341818040000000C8
:108DC0006072D548409F9F4880CB7048801F3748CD
:108DD000C05E0C4880D8D84700BBA847CD3984472F
:108DE000B3A95047B3BC2547667C04470020D5464D
:108DF000CD72AC469A578C4600B46546CDFE3C46D3
:108E000000401C4600E401468F10D945EC29B645C8
:108E10009A91994500088245E1225D45E1CE3C45A5
:108E200029D8214585430B45C38DF044A480D04407
:108E30000060B544EC419E44148E8A440060734443
:108E4000CD645644336B3D444AD42744391C154401
:108E50002FD5044425642C25640D0A525F543A250D
:108E60006420A1E3432C20525F563A2564562C20FF
:108E7000525F493A2564412C205458706172616DEB
:108E8000657465722E73797374656D5F7374617444
:108E9000323A25640D0A0000B88E00080000002058
:108EA0003C0100003C060008D88E00083C01002070
:108EB000D43600002E6C0008310533FF00E44B422D
:108EC000109201037A24F40535AAAAAAAA033E0F38
:088ED00027161AB1B1010000E0
:04000005080001D915
:00000001FF
