:020000040800F2
:1000000080380020AD0200089D5A0008594E0008B3
:10001000015900088F0D00087178000800000000E9
:10002000000000000000000000000000ED010008DA
:10003000C90E000800000000490200084D640008D5
:10004000C7020008C7020008C7020008C70200086C
:10005000C7020008C7020008C7020008C70200085C
:10006000C7020008C7020008C7020008C70200084C
:10007000C7020008C7020008C7020008C70200083C
:10008000C7020008C7020008C7020008C70200082C
:10009000C7020008C7020008C7020008C70200081C
:1000A000C7020008E1640008C7020008C702000890
:1000B000ED640008C7020008C7020008C702000874
:1000C000C7020008C7020008C7020008C7020008EC
:1000D000C7020008C7020008C7020008C7020008DC
:1000E000C7020008C7020008C7020008C7020008CC
:1000F000C7020008C7020008C7020008C7020008BC
:10010000C7020008C7020008C7020008C7020008AB
:10011000C7020008E56C0008C7020008C702000813
:10012000C7020008C7020008C7020008C70200088B
:10013000C7020008C7020008C7020008C70200087B
:10014000C7020008C7020008C7020008C70200086B
:10015000C7020008C7020008C7020008C70200085B
:10016000C7020008C7020008C7020008C70200084B
:10017000C7020008C7020008C7020008C70200083B
:10018000C7020008C7020008C7020008C70200082B
:10019000C702000800000000C7020008C7020008EC
:1001A000C7020008C7020008C7020008C70200080B
:1001B000C7020008C7020008C7020008C7020008FB
:1001C000C7020008C7020008C7020008C7020008EB
:1001D000C7020008C7020008DFF80CD000F0E8FAF8
:1001E00000480047B5790008803800202C4B19687A
:1001F0000868B0E8F04F80F30988BFF36F8F4FF0C5
:10020000000080F311887047000000000848006873
:10021000006880F308884FF0000080F3148862B60D
:1002200061B6BFF34F8FBFF36F8F00DF00BF00BF1A
:1002300008ED00E0DFF80C00016841F47001016096
:10024000704700BF88ED00E0EFF30980BFF36F8FC8
:10025000134B1A681EF0100F08BF20ED108A20E91A
:10026000F04F106009B44FF0500080F31188BFF3D5
:100270004F8FBFF36F8F08F0EFFB4FF0000080F35C
:10028000118809BC19680868B0E8F04F1EF0100F1B
:1002900008BFB0EC108A80F30988BFF36F8F7047F6
:1002A00068000020EFF30580704700000648804793
:1002B00006480047FEE7FEE7FEE7FEE7FEE7FEE74B
:1002C000FEE7FEE7FEE7FEE7D1640008D90100087B
:1002D0002DE9F05F0546002092469B46884606467B
:1002E000814640241BE0284641464746224600F00E
:1002F000A8F953465A46C01A914110D311461846E0
:10030000224600F08FF92D1A67EB01084F4622466E
:100310000120002100F086F917EB00094E41201E54
:10032000A4F10104DFDC484631462A464346BDE8D5
:10033000F09F40EA01039B0703D009E008C9121FA0
:1003400008C0042AFAD203E011F8013B00F8013B8F
:10035000521EF9D27047D2B201E000F8012B491EBB
:10036000FBD270470022F6E710B513460A46044652
:100370001946FFF7F0FF204610BD2DE9FE4F8046DD
:1003800081EA0300C00F0C46009021F0004123F0E9
:100390000045B8EB0200A94105D2404621469046EF
:1003A0001C460B46024623F00040104347D0270D61
:1003B000C7F30A00C3F30A510290401A0190402883
:1003C0006BDAC3F3130040F4801B0098924620B10F
:1003D0000023D2EB030A63EB0B0B01985946C0F1E3
:1003E0004002504600F01EF906460D46504659465A
:1003F000019A00F036F910EB08006141002487EA09
:10040000115284EAE7731A4340D0009A62B3019A0A
:10041000012A4FEA075215DC001B61EB02014FF085
:10042000004202EA0752CDE90042001C41F580116A
:1004300032462B4600F06DF903B0BDE8F08F404620
:100440002146F9E7001B61EB0201001C41F5801316
:1004500000185B412018A2F5001747EB030140EAA2
:10046000D570B6196D4111E06D084FEA360645EAC0
:10047000C0754FEA0752001B61EB0201001C41F5F9
:10048000801149084FEA30000019514132462B468D
:1004900003B0BDE8F04F00F02DB9009801224000F4
:1004A0000023D0EB020263EBE073009821464FEA91
:1004B000E074B8EB000061EB0401E9E783F000436E
:1004C0005BE781F0004158E72DE9FE4F81EA030424
:1004D00004F0004421F0004100944FF0000B23F0A1
:1004E000004350EA01045ED052EA03045BD0C3F338
:1004F0000A54C1F30A552C44A4F2F3340194A0FB2E
:100500000254C1F3130141F48011C3F3130343F404
:10051000801301FB024400FB034E840A970A44EA5D
:10052000815447EA8357A4FB076802958D0A05FBAF
:1005300007854FEA932C04FB0C542705029D4FEAD4
:10054000065847EA1637B5EB08056EEB070C870E21
:10055000920E47EA811742EA8312A7FB0201B6EB2B
:100560000B0164EB00042B0D43EA0C335E1844EBE3
:100570001C50DA465146E7FB0201C5F313044FEA6B
:100580000B3343EA14534FEA0432019C43EA060357
:10059000A4F10C040294009CCDE900B400F0B9F879
:1005A00003B0BDE8F08F00200146F9E70EB540F238
:1005B000334102910021CDE900110A460B4600F0BB
:1005C000A8F803B000BD00F0004230F000400AD0AF
:1005D000C10D01F56071C0F3160042EA0151C20875
:1005E00040071143704700200146704701F0004367
:1005F00030B421F0004150EA010206D00A0DA2F504
:100600006072C1F31301002A02DC30BC0020704785
:10061000440F44EAC104C100E01830BC00EBC250F2
:1006200000F031B8202A04DB203A00FA02F1002061
:1006300070479140C2F1200320FA03F31943904020
:100640007047202A04DB203A21FA02F0002170478B
:1006500021FA02F3D040C2F120029140084319462A
:100660007047202A06DBCB17203A41FA02F043EA12
:10067000E07306E041FA02F3D040C2F1200291405B
:100680000843194670470029A8BF7047401C49001D
:1006900008BF20F00100704710B4B0FA80FC00FAE7
:1006A0000CF050EA010404BF10BC704749B1CCF112
:1006B000200421FA04F411FA0CF118BF012121439E
:1006C0000843A3EB0C01CB1D4FEA00614FEA102059
:1006D00042BF002010BC704700EBC35010440029FB
:1006E000A4BF10BC7047401C490008BF20F00100A7
:1006F00010BC704710B5141E73F1000408DA401CDA
:1007000041F1000192185B411A4301D120F0010030
:1007100010BD2DE9F04D92469B4611B1B1FA81F220
:1007200002E0B0FA80F220329046FFF77BFF0446E9
:100730000F4640EA0A0041EA0B0153465A46084375
:1007400013D0114653EA010019D0C8F140025046B7
:10075000FFF777FF05460E46504659464246FFF7DB
:1007600061FF084305D0012004E020463946BDE87A
:10077000F08D0020054346EAE0762C4337430A9883
:100780006305E40AA0EB08000022FD0A44EA47548E
:100790000A3002D500200146E9E701051019694138
:1007A000DDE9084500196941BDE8F04DA2E7000008
:1007B000064C074D06E0E06840F0010394E80700AE
:1007C00098471034AC42F6D3FFF70AFD1C9B000893
:1007D0003C9B000870B58C1810F8015B15F00703FE
:1007E00001D110F8013B2A1106D110F8012B03E0CA
:1007F00010F8016B01F8016B5B1EF9D12B0705D4D2
:100800000023521E0DD401F8013BFAE710F8013B1A
:10081000CB1A921C03E013F8015B01F8015B521E36
:10082000F9D5A142D8D3002070BD0000F8B5044628
:10083000002000902068816811F0010F4AD1816882
:10084000254A114237D18168D5432940491C81602E
:100850002068B0F1A04F02D02049884201D1204841
:1008600000E02048806800F0E07000020DD51E48CE
:100870001E490068B0FBF1F0401C00EB4000800016
:1008800000E0401E00900028FBD101F07DFE0646EE
:100890001BE0816811F0010F03D181682940491CD8
:1008A000816001F071FE801B02280ED9206800686B
:1008B000C043C00709D0E06D40F01000E065206E35
:1008C00040F0010020660120F8BD20680168C9439E
:1008D000C907DED10020F8BD3F00008000010050B4
:1008E000000300500007005064000020400D03008A
:1008F00070B51421144800F079FD40F6E4414843F6
:10090000040B1434214611A000F0DFFACD20134D62
:100910004443322112482C6000F068FD40F6E44167
:100920004843040B21460FA000F0CFFA11496000A4
:100930000969884201D2002003E0401A00EB8000E0
:100940004008686070BD00000080F03E6164635F35
:100950007066633A25642E0D0A000000A001002095
:100960002000F01474785F68616C6C3A25642E0D79
:100970000A0000000001002010B507F051FE0448F5
:100980000178491C0170BDE8104007F069BE000005
:10099000FC00002000F0D4B9094810B5017839B145
:1009A0000021017000F0E8F9BDE8104000F0CDB979
:1009B0000121017000F0DAF9BDE8104000F0CBB978
:1009C0002C01002000F0CDB908B5C14800900023EB
:1009D00001224FF4FA71BFA008F07AFEC04C2061EA
:1009E00008F0F6FC4FF000090246CDF800904B46A7
:1009F0000121206908F0B6FE05F0B4F805F050F8C2
:100A0000DFF8E0820126A8B3B7A000F05EFABC4D83
:100A100003274FF47A702F7007F0DAFE05F040F8E4
:100A200048B341F2883A2F70504607F0D1FE05F0E6
:100A300037F800B32F70152088F81300504607F0E0
:100A4000C7FE002006F02CF84FF4FA6007F0C0FE55
:100A5000AC4D43F60730DFF8B0A2474628804FF090
:100A6000640BA046387D01280DD098F805000128B8
:100A700077D029E100E004E0E670A4A000F025FAB8
:100A8000DFE7E670DDE798F8050008BB05F070FCCD
:100A90000124DAF800202888C2F89400C4F1640325
:100AA000434393FBFBF3DAF800C0CCF89C3060437F
:100AB00090FBFBF0DAF80010C1F8A800142007F052
:100AC00087FE641C2E2CE4DB00F0ACFC88F805608B
:100AD00098F80400444628B1914805F099F8207030
:100AE000F0B3AEE06078002816D18D480A3005F0EA
:100AF000A9F8A070202810D02988A1F56C500738DB
:100B000002D1E068401CE060E2684FF4FA70B2FB8A
:100B1000F0F300FB132040B1C0E0002005F042FBE1
:100B20007748267106700A20B6E046F640208142DA
:100B30001BD20A3188B22880DAF80010C1F894007C
:100B4000362100FB01F3B3FBFBF3DAF80040C4F8F5
:100B50009C302E235843B0FBFBF0DAF8001001E084
:100B600016E09DE0C1F8A80098E0E088C821401C8C
:100B700080B2B0FBF1F2E08001FB1200002806D148
:100B8000C4F80C90A4F80690667005F025FC85E08A
:100B9000DFF88CE1A4F808909EF8000020B101284D
:100BA00009D002280ED016E028884FF4FA41884276
:100BB00010D2401C0CE0288843F60731884209D93E
:100BC000401E05E028884FF4FA41884202D2801C7A
:100BD000288000E02980DAF800102888C1F8940005
:100BE000362100FB01F3B3FBFBF3DAF800C0CCF8CD
:100BF0009C302E235843B0FBFBF0DAF80010C1F80C
:100C0000A80048480078E0B99EF80100F87405286B
:100C100009D0042809D060B101280AD002280BD0DD
:100C200003280BD00DE0022109E0354903200870AC
:100C300007E03348067004E0042100E00521304855
:100C4000017020894FF47A71401C80B2B0FBF1F240
:100C5000208101FB120008BB43F60730288005F015
:100C6000BBFB05F0D3FA314A2F4884F80590116890
:100C7000016011790171002005F012FF84F80490E1
:100C8000A4F80690C4F80C9084F8019018201C4930
:100C9000F87403200870C82007F09AFD012014E0C2
:100CA0002249214888F805900A6802600979017193
:100CB0004446002005F0F4FE84F80490A4F8069061
:100CC000C4F80C9084F80190642007F081FDC9E617
:100CD000517A000870617273655F64617465000029
:100CE000E8000020A00100204E524632344C303142
:100CF0002020697320206572726F72210A0D000036
:100D00000000002004000020380300204E5246322C
:100D1000344C30312020697320206F6B210A0D0084
:100D20003033002000010020600100203C980008C2
:100D300000F028B8002220214FF0904001F01FBCA5
:100D400020214FF0904001F012BC002240214FF0D2
:100D5000904001F014BC012240214FF0904001F07E
:100D60000EBC40214FF0904001F001BC00228021D8
:100D70004FF0904001F003BC012280214FF09040E1
:100D800001F0FDBB80214FF0904001F0F0BBFEE789
:100D9000064910B500200875054943F6073008805C
:100DA00005F01AFBBDE8104005F030BAA0010020A4
:100DB0000400002010EE100A234910B5DFED230ACD
:100DC000884204DC10EE100A2149884202DAB0EEB3
:100DD000600A10BD002224211E4B122003EB800468
:100DE000D4ED000AF4EEC00AF1EE10FA01D2014689
:100DF00001E021DD0246881840088C1A012CEDD153
:100E000003EB820203EB8101D2ED000A91ED001A9F
:100E1000F1EE041A30EE600A31EE601A00EB800049
:100E2000373820EE210AC0EE010A00EE100AB8EEB3
:100E3000C00A30EE800A10BD00EB8000373800EEAB
:100E4000100AB8EEC00A10BD6072D54800C07944DF
:100E50002FD50444449A000813481449C279C9683C
:100E600042B10023012A19D0022A02D111F11E0F2A
:100E700016DC70470C4A127A531CDBB2502905DB92
:100E8000032A01D3012107E00372704711F1230FF8
:100E9000FBDC032AF8D30221C17170473729FCDA41
:100EA0000372C3717047000000010020A001002000
:100EB00010B507F0B5FB034900200870BDE81040ED
:100EC00007F0CEBBFC0000207047704701490020AE
:100ED000087070470000002072B6FEE7144A117FC8
:100EE0001448012901D003290FD1036823F40073AA
:100EF0000360036843F400630360036823F4006342
:100F00000360036843F400730360022901D00329DE
:100F10000BD1016841F480510160016821F48051D6
:100F20000160016841F48061016000201077704722
:100F300044000020002002400C490A6A520210D5E9
:100F4000C20703D04A6942F004024A61800703D510
:100F5000486940F400404861486940F48030486185
:100F60007047486948F204021043F4E70020024049
:100F70000E4A136A5B0201D5C90703D0516921F4F7
:100F8000006102E0516941F4006151615169C0B2F0
:100F900021F47E7141EAC0005061506940F00200C6
:100FA0005061506940F48030506170470020024029
:100FB000054910B54C6944F001044C610260BFF36F
:100FC0006F8F436010BD000000200240094A10B539
:100FD0005469402344F480245461EFF3108272B6C4
:100FE00010C95B1E10C013F0FF03F9D182F3108803
:100FF00010BD00000020024070B5064601F0C4FAA2
:101000000546134C07E000BF01F0BEFA401BB0429A
:1010100001D9032070BD2069C003F5D420694CF2CA
:10102000FA3108400CD00B494A6802434A60010F6C
:1010300001D0A169A161010100D02061012070BD32
:101040002069C00701D001202061002070BD000090
:101050000020024044000020074800214172012185
:10106000017006490320087005480F21C174C16949
:1010700004A0FFF72ABF00000001002000000020AC
:10108000A001002054696D65722046616E20657272
:10109000726F722C2066616E5F73706565643A25AD
:1010A000642E0D0A000000002DE9F8434149002597
:1010B000414CC86832283CDD8846E169091A00D5F0
:1010C000494201260227052906DBE06100F0B2F85B
:1010D0006078012828D048B36078022827D1D8F852
:1010E0000C104046322922DD344A6169B2FBF1F12D
:1010F000C161637A53B3012B42D0022B17D15A2915
:1011000055D2A27A521CD2B2A2720A2A0FD32C4B09
:101110006572267003221A700F2288F8132029A006
:10112000BDE8F843FFF7D1BE6770D8E76670BDE849
:10113000F8833220E0612A48006845639FED290A60
:10114000657281ED060ACD616570F0E7A06A08F06E
:101150003DFB30B1002300951A460321A06A08F038
:1011600001FB08F035F90246009500230121A06A31
:1011700008F0F8FA617A1CA0FFF7A7FE6672D6E7BE
:101180005A290DD9A06A08F021FB30B1002300953F
:101190001A460321A06A08F0E5FAA5726772C6E74D
:1011A0000A461946BDE8F84315A0FFF78EBEA572A2
:1011B0001CA0B5E7A00100200001002040420F0064
:1011C0000000002046616E206572726F722C2066EE
:1011D000616E5F73706565643A25642E0D0A0000C8
:1011E000900400200000000046616E206374726C61
:1011F0002073746167653A25642E0D0A00000000B3
:1012000046616E206374726C2073746167653A2561
:10121000642C2066616E5F73706565643A25642E88
:101220000D0A000066616E5F73706565643A25643F
:101230002E0D0A0000EE100AB0EE041A10B5B8EE3A
:10124000C00A2349DFED210A224C20EE010A10EEEC
:10125000100A884202DDC4ED060A0EE0DFED1E0A28
:101260001E4930EEC00A10EE100A84ED060A8842CC
:1012700003DD9FED1B0A84ED060A94ED060ADFEDFF
:10128000190A1A4920EE200ADFED170A80EE201A0B
:10129000BDEEC10A10EE100A00B2888141F68F211E
:1012A000081A134909684863642007F091FA94ED1D
:1012B000060ADFED100A20EE200ADFED0F0A30EEFD
:1012C000C00ABCEEC00A84ED080A10BD0000000090
:1012D0000000E142A00100200000E142000048427D
:1012E000000048420080D4450000C84200010020B0
:1012F00090040020D7A350403DEAA443044D4FF48E
:10130000FA74287805F068FC204607F061FAF8E7DF
:101310000000002010B507F083F90348047807F0B7
:101320009FF9204610BD0000FC00002070B50F4959
:101330004FF6FF734FF400240A889A4201D12546E4
:1013400001E01504AD094FF0006606EB5505854236
:1013500004D900BFA0F10060C00A70BD9A4201D05C
:1013600011048C09A0EB5400F4E70000E075FF1FA6
:1013700010B504461B4888B0844209D11A4800F0D1
:10138000CBFD6421184800F027FD10BB164825E06E
:1013900020216846FEF7E6FF0620CDE90040022046
:1013A00002907F20039004200490002005900E48B6
:1013B00069466C3800F028F908B1FFF78DFD0A483E
:1013C0006C3800F0A9FD084864216C3800F004FD79
:1013D00010B1002008B010BD03486C3800F04AFB83
:1013E00080B2F7E70080F03ECC0200202DE9F0410A
:1013F00000260F4680463546344609E04046FFF752
:10140000B7FF60B10644012007F0E2F9641CA4B202
:10141000BC42F3D3781BB6FBF0F0BDE8F0816D1C45
:10142000EDB2F0E71D4810B50168001D0268001D0F
:1014300003681B480C0A017044700C0C8470090E80
:10144000C1700271110A4171110C8171110EC171CB
:101450000372190A4172190C8172190EC1720C21A2
:1014600004F06AFC0F49020A48708A70020CCA70C4
:10147000000E0B4A08710968C2F816109076082110
:1014800002F1160007F052F8054C000A1634082144
:101490002072204607F04AF8607210BD9075FF1F59
:1014A00024330020600100202DE9F04F044690F81D
:1014B00058009BB00F464FF0000B012812D00120BE
:1014C00084F8580000261796189620684FF0A04818
:1014D000DFF81C91DFF81CA1474D404506D1284696
:1014E000009508E002201BB0BDE8F08F48450AD106
:1014F0005046CDF800A003F0E1FC0090206803F016
:10150000DDFC40B109E0E06D40F02000E06584F8CA
:1015100058600120E7E7009850B1E06D40F02000EE
:10152000E0654FF0010B00BF84F858605846DAE7D9
:1015300020684146884201D0A84201D12F4800E0EE
:101540002F48D7F800C02F4B40F61F72BCF1000F98
:101550002DD0D0F808C094F838802CF4604C4CEAB8
:10156000483CD7F804804CEA080CC0F808C0D4F80E
:1015700000C08C4501D0AC4504D18968AB6801F04E
:10158000010109E0D9F80810DAF8085001F001016A
:1015900005F001059B68294303F001031943C3D1FA
:1015A000BB68396819438368934319431DE0876812
:1015B00027F46047876027688F4201D0AF4204D18B
:1015C0008968AB6801F0010109E0D9F80810DAF880
:1015D000085001F0010105F001059B68294303F063
:1015E00001031943A0D18168914381609CE7000009
:1015F000000400500005005000010050000300509E
:1016000000070050000600502DE9F84F002704465F
:10161000009790F85800DFF81C840D46B946012861
:1016200011D0012684F85860206803F043FC60B1B3
:10163000E06D40F02000E0655FF0010784F858900D
:101640003846BDE8F88F0220FBE7D5E900210C23DE
:10165000206803EA91131844036B01F01F014FF057
:101660001F0C0CFA01FCC2F3846223EA0C038A40CB
:1016700013430363206803F01DFC8246206803F0D7
:1016800015FC5AEA00003CD1AA6829682068B2F12A
:10169000004F37D003F01EFC2068416921F0004163
:1016A000416120686969C268C2F3C1025200914079
:1016B0002A69042A31D000EB82002B68026EDFF821
:1016C00078C303F0F84302EA0C020B431A4342F0DA
:1016D0000041016622682869A96902EB8000026E58
:1016E00022F080720A430266297F22682869012954
:1016F00010D0002102EB8000026E22F000720A433B
:1017000002667DE0002203F0E5FB2068416941F0BC
:101710000041C5E74FF00071ECE7002103F0C0FB8A
:10172000400320684FF0000172D003F0B9FB90FA3B
:10173000A0F0B0FA80F1286842036ED090FAA0F0D1
:10174000B0FA80F0814204D100221146206803F0F3
:10175000D0FB0121206803F0A3FB400320684FF079
:1017600001015DD003F09CFB90FAA0F0B0FA80F18B
:101770002868420359D090FAA0F0B0FA80F0814274
:1017800004D100220121206803F0B3FB022120686C
:1017900003F086FB400320684FF0020148D003F0BD
:1017A0007FFB90FAA0F0B0FA80F12868420344D0A1
:1017B00090FAA0F0B0FA80F0814204D10022022118
:1017C000206803F096FB0321206803F069FB4003C7
:1017D00020684FF0030133D003F062FB90FAA0F0D1
:1017E000B0FA80F1286842032FD090FAA0F0B0FA46
:1017F00080F0814204D100220321206803F079FBAC
:101800002068816811F0010F22D0ACE000E004E014
:1018100003F046FBC0F384618DE7C0F3846091E779
:1018200003F03EFBC0F38461A2E7C0F38460A6E747
:1018300003F036FBC0F38461B7E7C0F38460BBE715
:1018400003F02EFBC0F38461CCE7C0F38460D0E7E3
:101850002A7B296850F8B03FC1F3120C23EA0C032D
:1018600002F0180C754A22FA0CF20A401343036086
:10187000E968414577D1286841031CD090FAA0F16E
:10188000B1FA81F1491C01F01F0109294FEA4031E9
:1018900032D8002912D000BF90FAA0F1B1FA81F13C
:1018A00001F1010101F01F0106FA01F609D100BFA3
:1018B000C0F3846109E0C0F38461E3E7C0F38461AD
:1018C000EEE790FAA0F1B1FA81F101F1010101F026
:1018D0001F0146EA816102D1C0F3846003E090FAFF
:1018E000A0F0B0FA80F000F1010000F01F0000EB62
:1018F000400041EA005132E000290ED090FAA0F1F8
:10190000B1FA81F101F1010101F01F0106FA01F6BE
:1019100006D100BFC0F3846106E0C0F38461F1E743
:1019200090FAA0F1B1FA81F101F1010101F01F017A
:1019300046EA816102D1C0F3846003E090FAA0F02E
:10194000B0FA80F000F1010000F01F003C4A00EB0B
:10195000400002EB005041EA000141F00071AA682A
:10196000206803F0B7FA37482B6803423FF466AEAD
:1019700021684FF0A04C3448344E354D614501D0BC
:10198000A94201D1024600E032469268DFF8C480E5
:1019900002F0E072434503D0DFF8BC80434521D11B
:1019A0005FEA02281ED4614506D02C4B99427FF491
:1019B00045AEA94200D0304642F40001826822F0D0
:1019C000E0720A438260264826490068B0FBF1F0C5
:1019D000401C00EB4000800000E0401E009000280A
:1019E000FBD12BE6DFF8808043450FD15FEAC218B8
:1019F0000CD4A94202D11D4B9942F2D0614502D0CC
:101A0000A94200D0304642F080710CE0DFF86080DF
:101A10004345E6D15302E4D4A942E2D0614500D067
:101A2000304642F48001826822F0E0720A4382600C
:101A300004E6000000007F4000F0FF03FFFF070006
:101A4000000020FE00000880000300500007005046
:101A500000010050000021C31000C090000600509B
:101A600064000020400D0300000052C70005005034
:101A7000000084CB0068006C70470000F8B54FF0A0
:101A8000000504002E46009502D0E06D10B107E07D
:101A90000120F8BD204600F009F9266684F8586058
:101AA00020688168C1F3407119B18168734A11409F
:101AB000816020688168C1F3007189B98168704ACA
:101AC000114041F0805181606E486F490068B0FB61
:101AD000F1F04000801C00E0401E00900028FBD187
:101AE00020688168C1F3007141B9E16D41F01001D6
:101AF000E165216E41F001012166012503F0DAF96B
:101B0000E16DC90600D430B1E06D40F01000E06531
:101B100001252846F8BDE06D20F4807040F00200F9
:101B2000E0652068816811F0010F27D14FF0A043D4
:101B3000564A984201D0904204D19968966801F0C3
:101B400001010AE052498968524E01F00101B6686C
:101B500006F001063143504EB66806F001063143E7
:101B60000CD1984201D0904201D14C4800E04C4841
:101B70006168826822F47C120A438260E168E06B4B
:101B8000627F0843A16841EA4231084394F8241077
:101B900040EA0140012904D1218D424A02EB414132
:101BA0000843E16A29B101F47871226B014342EAEA
:101BB00001002268D1683C4B19400143D160206884
:101BC0000169626B21F0406111430161206803F0FB
:101BD0006DF970BB207F94F838102268800340EACA
:101BE0004100D16844F2020399430143D160206966
:101BF0000028206801690AD041F480310161206821
:101C000050F8C01F22696FF30D01114307E021F462
:101C100080310161206850F8C01F6FF30D01016031
:101C200094F8400001280CD02068016921F00101DE
:101C30000161606901282068016B21F00F0111D05A
:101C400013E0D4E911010843D4E913121143084306
:101C500021680A6940F2FC739A43104340F0010086
:101C60000861E6E7226A521E11430163E06D20F02D
:101C7000020040F00100E0654BE70000C0FFFF5F9D
:101C8000C0FFFF7F64000020400D030000010050F2
:101C900000040050000500500006005000030050F2
:101CA000000700500000FEFF0740F0FF2DE9F04361
:101CB0009BB00446142115A8FEF754FB5421684636
:101CC000FEF750FB4FF00051206800253D4F0326E2
:101CD000DFF8F4908A133D4CB0F1A04F11D03C4B8B
:101CE00098426CD1904668460092119101F09EF89E
:101CF00008B1FFF7F1F83868401C3860012846D079
:101D00004DE068460092119101F090F808B1FFF79C
:101D1000E3F83868401C3860012807D1E06C40F4D3
:101D20000050E064E06C00F400501A90E06C40F069
:101D30000400E064E06C00F004001A90E06C40F0F5
:101D40000200E064E06C00F002001A90E06C40F0E9
:101D50000100E064E06C179500F001001A90022089
:101D6000CDE9150615A91B4800F0D8FA4FF48040BC
:101D70001795CDE9150615A9484600F0CFFA0620BB
:101D80001795CDE9150615A94FF0904015E0E06CC8
:101D900040F40050E064E06C00F400501A90E06CF5
:101DA00040F00200E064E06CCDF8548000F00200E6
:101DB000CDE916651A9015A9484600F0AFFA1BB098
:101DC000BDE8F0833000002000040048001002400D
:101DD00000010050000800482DE9F04704468846FD
:101DE00000684FF0A0454749474BDFF82091A842D3
:101DF00001D0484501D10A4600E01A46926802F037
:101E00001F06A269082A14D0AEB1052E13D0092EE0
:101E100011D0A84202D0484500D01946886800F485
:101E2000604058B1E06D40F02000E0650120BDE861
:101E3000F087082703E0C068C007F2E7042700F036
:101E4000A3FB824619E000BFB8F1FF3F15D000F0B8
:101E50009BFBA0EB0A01414502D8B8F1000F0CD161
:101E600020680068384208D1E06D40F00400E06569
:101E7000002084F858000320D9E720680068384221
:101E8000E2D0E06D40F40070E065206803F01AF8DD
:101E900080B1607F70B92068006800070AD5E06DE6
:101EA00020F48070E065E06DC00403D4E06D40F084
:101EB0000100E0652068164A164B484501D12C46C2
:101EC00004E0904201D11C4600E0044684420AD05E
:101ED0004EB1052E07D0092E05D0484506D09042B8
:101EE00003D11D4602E0C16801E00546E968082FFC
:101EF00005D0490401D40C210160002097E7082196
:101F0000FAE70000000300500007005000010050F5
:101F100000050050000400502DE9F041044600681F
:101F20004FF0A045444FA84201D0B84201D14349E7
:101F300000E04349896801F01F0602F0BBFF18B1B9
:101F400002210846BDE8F08194F8580001280CD021
:101F5000012084F858002046FEF768FC01004FF08D
:101F6000000204D084F85820EBE70220EAE7E06D95
:101F700040F60163984340F48070E0652068314B7F
:101F8000DFF8C4C0B84201D1AE4604E0984201D1A6
:101F9000E64600E08646864500D02EB9D4F85CE0DF
:101FA0002EF4801EC4F85CE0D4F85CE05FEACE4E0C
:101FB00006D5D4F860E02EF0060EC4F860E000E02C
:101FC00022664FF01C0EC0F800E084F8582020680C
:101FD000B84201D12A4604E0984201D1624600E0AD
:101FE000024682420ED06EB1052E0BD0092E09D0CA
:101FF000E26D42F48012E265B84213D0984210D1EB
:1020000065460FE0C268920105D5E26D22F40052E8
:1020100042F48052E26582680C4B1A40121D8260C5
:102020008FE70546E86880018BD5E06D20F400500D
:1020300040F48050E06584E7000100500003005048
:10204000000700500005005000040050C0FFFF7F53
:1020500010B590F8253000210122022B03D0042175
:10206000C163012122E003681C6824F00E041C6097
:10207000836C1C6824F480741C6003681C6824F062
:1020800001041C6090F84430046C03F01F0302FA52
:1020900003F36360D0E913345C60436D33B11C68B3
:1020A00024F480741C60D0E916345C6080F825202C
:1020B000002280F82420084610BD70B590F8252035
:1020C000002401212346022A07D00422C26380F89B
:1020D000251080F82430012429E00268156825F0D5
:1020E0000E0515600268156825F001051560826C03
:1020F000156825F48075156090F84420056C02F091
:102100001F0201FA02F26A60D0E913255560426DA0
:1021100032B1156825F480751560D0E91625556033
:1021200080F8251080F82430816B01B18847204663
:1021300070BD000070B5044600F026FA0546601C2C
:1021400002D004484068044400F01EFA401BA0423C
:10215000FAD370BD380000202DE9F05F0546334802
:102160008946017801290CD00126804606704FF47B
:102170007A7B5846FEF740FF07004FF0000A03D075
:102180004FE00220BDE8F09F51464046C8F804A049
:10219000274C226892050AD52168490505D5216892
:1021A00021F480612160032109E0067708E02268BC
:1021B000520504D5216821F4806121600221017754
:1021C0002868012807D04FF0FF31C9F8001040F20D
:1021D000FA3BAE681EE06868FEF7AEFE5846FEF7B2
:1021E0000BFF0746606948F204018843606116E00E
:1021F00030466968FEF7BCFE4FF47A70FEF7FCFECD
:102200000700606920EA0B00606102D0C9F8006035
:1022100005E0761CD5E902010844B042E8D8FEF793
:102220005DFE88F800A03846ACE7000044000020BE
:1022300000200240054901204A6942F000424A61FB
:102240004969002900DA00207047000000200240A0
:102250002DE9FF5F254C0646904620789A460128D6
:102260000BD0012020704FF47A7B5846FEF7C4FE55
:1022700007004FF0000904D02AE0022004B0BDE8B6
:10228000F09F4846C4F80490194D2968490504D5C3
:10229000286820F4806028600220207726B1012E73
:1022A00009D0022E07D00CE0424653460198FEF7B3
:1022B0007FFE012612E041460198FEF787FE022EBE
:1022C0000AD05846FEF798FE4FEA0007FEF706FED2
:1022D00084F800903846D1E74FF480265846FEF740
:1022E0008BFE07466869B0436861EFE74400002051
:1022F00000200240064900204A69002A07DA054A00
:102300008A60054A8A604969002900DA012070471D
:102310000020024023016745AB89EFCD2DE9F04F46
:10232000DFF82092002301260324A9F1040B85B0D5
:102330000F2709F1040AABF1040EFAE006FA03F5DF
:102340002A407CD091F804C00CF0030CBCF1010FC2
:1023500002D0BCF1020F26D1D0F808C0CDF800C0E1
:102360004FEA430C04FA0CF8CDF810C0DDF800C0B9
:102370002CEA080CCDF800C0D1F80C80DDF810C0B4
:1023800008FA0CF8DDF800C048EA0C08C0F808802C
:10239000D0F804C02CEA050C0D79C5F300159D405A
:1023A00045EA0C0545600D79ED43AD070ED0C568D3
:1023B0004FEA430804FA08FC25EA0C05D1F808C0E6
:1023C0000CFA08FC4CEA050CC0F80CC00D7905F0BD
:1023D0000305022D16D1DD0800EB850CCDF808C0F1
:1023E000DCF820805D074FEAD56C07FA0CF528EA87
:1023F00005080D6905FA0CF5DDF808C045EA080581
:10240000CCF8205005684FEA430CCDF808C004FA18
:102410000CFC25EA0C0591F804C00CF00308DDF86B
:1024200008C008FA0CF848EA0508C0F800804D68B2
:1024300015F4403F7CD0444DD5F860C000E077E013
:102440004CF0010CC5F860C02D6E23F0030C05F0B4
:10245000010500953D4D65440295AD684FEA837CCA
:102460004FEA1C7807FA08FC25EA0C05B0F1904FFA
:1024700006D0DFF8DCC0604505D14FF0010C20E04C
:102480004FF0000C1DE0DFF8CCC0604502D14FF0EA
:10249000020C16E0DFF8C0C0604502D14FF0030C1B
:1024A0000FE0DFF8B8C0604502D14FF0040C08E03F
:1024B000DFF8ACC0604502D14FF0050C01E04FF0F1
:1024C000060C0CFA08FC4CEA050C029DC5F808C085
:1024D000D9F80050CC46D1F8048095435FEAC8286B
:1024E00000D51543CCF80050DAF80050D446D1F8A6
:1024F000048095435FEA882800D51543CCF8005046
:10250000DBF80050DC46D1F8048095435FEA883858
:1025100000D51543CCF80050DEF80050F446D1F851
:10252000048095435FEAC83800D51543CCF80050C5
:102530005B1C0A6832FA03F57FF400AF05B0BDE812
:10254000F08F00000804014000100240000001402C
:102550000004004800080048000C00480010004833
:10256000001400480069084000D00120704742690B
:1025700021EA02030A4043EA0241816170470AB13D
:102580008161704781627047014880687047000030
:102590003800002030B590F8DD20022A37D090F8BE
:1025A000DC20012A33D0012480F8DC40022280F8AC
:1025B000DD200368D3F8A02322F002050A7802F098
:1025C00002022A4322F03C050A7902F03C022A4327
:1025D00022F470758A682A4322F480658A8902F49D
:1025E00080622A430D69C3F8A45305684B69C5F896
:1025F000A83303688969C3F8AC130168C1F8A02344
:1026000080F8DD40002180F8DC10084630BD022053
:1026100030BD10B590F8DD20022A16D090F8DC20ED
:10262000012A12D0012200F8DC2F0223437050F857
:10263000DC3CD3F8A04324F001040C43C3F8A043CE
:10264000427000210170084610BD022010BD10B577
:1026500090F8DC20012A21D0012280F8DC2002231E
:1026600080F8DD304B1C1BD00368D3F8CC4344F01A
:102670000204C3F8CC430368D3F8CC4324F00C0421
:102680000C43C3F8CC430168D1F8CC3343F00103C9
:10269000C1F8CC3380F8DD20002010BD022010BD31
:1026A0000168D1F8CC3323F00203C1F8CC33EAE758
:1026B00038B5040056D0022084F8DD000025C4F8A7
:1026C000E050C4F8E450C4F8E850C4F8EC50C4F842
:1026D000F050C4F8F450C4F8F850207AC0071BD06A
:1026E00021492068884208D12048016E41F080616C
:1026F0000166006E00F0806000902168086820F498
:102700004042208A00F44040104320F44052A08A06
:1027100000F4405010430860204600F029F8207A69
:10272000800708D52168086820F44072A08900F469
:10273000407010430860012084F8DD0084F8DC500C
:102740005FF00001C1EBC10004EB8000491C856112
:10275000C561056245628562C9B205630629F1D982
:10276000002038BD012038BD006801400010024043
:1027700008B500680649884208D10648016E41F054
:1027800080610166006E00F08060009008BD00006E
:10279000006801400010024070B50D460446FFF786
:1027A000F3FE064607E0681C05D0FFF7EDFE801B30
:1027B000A8420DD865B12068D0F88803C043C00393
:1027C000F1D4012084F8DD00002084F8DC0070BD25
:1027D000072084F8DD00032070BD70B590F8DD306F
:1027E000022B1DD090F8DC30012B19D0012380F88A
:1027F000DC30022480F8DD40EC25046805EBC115CF
:102800006159CE0605D54FF6C076B14332400A4332
:10281000625180F8DD30002180F8DC10084670BD80
:10282000022070BD70B590F8DD30022B23D002235A
:1028300080F8DD30062920D08023046803EBC11521
:10284000635923F007069368334323F01806D368CF
:10285000334363519425046805EBC1151368635134
:102860009824036804EBC11152685A50012180F882
:10287000DD10002070BD022070BD0368196821F0D2
:1028800007049168214321F01804D168214319609D
:10289000036811685961516802689161E6E72DE9A2
:1028A000F04F90F8DD40022C25D090F8DC40012C50
:1028B00021D04FF0010980F8DC90022480F8DD403F
:1028C00000274FF0070C062918D09C2404EBC116F2
:1028D000012A39D08024A8254FF4005A4FF4405BD8
:1028E00005EBC11504EBC114022A2FD0042A45D0F0
:1028F000082A0BD144E00220BDE8F08F012A0AD05B
:10290000022A0CD0042A0ED0082A10D080F8DDC08C
:1029100080F8DC700EE002681968D1610AE0026894
:102920001968516206E002681968916202E0026863
:102930001968D16290F8DD10072948D080F8DD9041
:1029400080F8DC700020D7E7196835E04FF0A40864
:10295000D0F800C008EBC1111A684CF80120596882
:10296000002901680A5922F440522ED00A51016808
:102970000A59D3F804C042EA0C0218E0196821E0B1
:102980004FF0AC08D0F800C008EBC1111A684CF841
:1029900001205968002901680A5922F4404214D0E4
:1029A0000A5101680A59D3F804C042EA8C020A515C
:1029B0005968514503D1996802689151BAE7594560
:1029C000B8D1996802685151B4E70A51B2E70120C1
:1029D00092E710B590F8DC20012A0ED0012200F811
:1029E000DC2F0223437050F8DC3C1C680C431C6055
:1029F000427000210170084610BD022010BD70B564
:102A0000044690F8DD00022811D094F8DC0001287B
:102A10000ED0012584F8DC50022084F8DD00204629
:102A200002F0DDF884F8DD50002084F8DC0070BD91
:102A3000022070BD10B590F8DC20012A10D00122D0
:102A400000F8DC2F0223437050F8DC3CD3F89443A9
:102A50000C43C3F89443427000210170084610BD36
:102A6000022010BD2DE9F041044690F8DD00154626
:102A70000E46022826D094F8DC00012821D0012738
:102A800084F8DC70022084F8DD00062E1CD020467D
:102A900002F014F9C6EBC60004EB8000296801625D
:102AA00069684162A9688162E968C1622969016354
:102AB0003146204602F016F8062E15D0E86A40B1DD
:102AC00012E00220BDE8F0811146204602F03EF8F7
:102AD000E0E78021206801EBC6114258EB6D22F43B
:102AE000007242EA4322425084F8DD70002084F8EC
:102AF000DC00E7E72DE9F041044690F8DD0002280C
:102B000024D094F8DC0001281FD0012584F8DC5083
:102B1000022084F8DD00EC20266800EBC113F05899
:102B2000176820F0100040EA071020F48017506862
:102B3000384320F48037D068384320F40037906859
:102B400038439769012F03D00CE00220BDE8F081E3
:102B500020F004071069384320F002075069384319
:102B600040F00100F050204601F0BCFF84F8DD5039
:102B7000002084F8DC00E9E770B5040011D021687A
:102B80004CF6CC400860216845F255500860D4E905
:102B9000000141602168A0688860FFF7F5FC0546E8
:102BA0000DE0012070BD00BFFFF7EEFC401B312897
:102BB00005D92068C068400701D0032070BD206897
:102BC000C0684007F0D120680269E1688A4201D0FC
:102BD000016102E04AF6AA210160002070BD006890
:102BE0004AF6AA210160002070470000024881686F
:102BF00042681144816070473800002010B50024FD
:102C0000032000F09BF80F2000F008F808B1012421
:102C100001E000F047F8204610BD000030B5054641
:102C20001B4887B0016E41F400610166006E06A981
:102C300000F40060009001A800F066FB00F096FB35
:102C40001449154AB0FBF1F11448491E0260416075
:102C500040F2E7320021C0E90321816000F08BFEE1
:102C6000040012D10D4800F0FDFE04000DD1192022
:102C700000F036F8102D07D200222946192000F066
:102C80003DF80748056000E0012407B0204630BD4C
:102C90000010024040420F00002C014004060020BA
:102CA000380000200D4808B5016E41F001010166B1
:102CB000016E01F001010091816D41F0805181654B
:102CC000806D002200F0805000900F21901E00F0D7
:102CD00015F8BDE8084000F0A1B80000001002405F
:102CE000002809DB00F01F0201219140400980000B
:102CF00000F1E020C0F8001170470000F0B40E4B66
:102D00001B680C46C3F30223C3F10705042D00D949
:102D10000425191D072901D2002300E0DB1E01262E
:102D200006FA05F1491E214099409E40761E164044
:102D30003143F0BC04F09DBD0CED00E0064900F00D
:102D4000070208684FF6FF03184040EA0220034AD2
:102D500010430860704700000CED00E00000FA0529
:102D60002B492C4B0A6832214A432B4940B1B0F51C
:102D7000007F086829D020F4C06040F480602CE017
:102D80000868C0F34120022804D051F8800F20F4D5
:102D9000807022E0D1F8800020F48070C1F88000BB
:102DA000086820F4C06040F400700860B2FBF3F0E3
:102DB000401C00E0401E4A69520501D50028F9D1A7
:102DC000486940050AD503207047C0F34120022816
:102DD00006D051F8800F40F48070086000207047E2
:102DE000D1F8800040F48070C1F88000086820F4B9
:102DF000C06040F400700860B2FBF3F0401C00E0DB
:102E0000401E4A695205DBD50028F9D1D8E70000F9
:102E10006400002040420F000070004002488168BA
:102E200041F4804181607047007000402DE9F84313
:102E3000044600680026BB4D00035ED5A86D002740
:102E4000C00008D4A86D40F08050A865A86D012787
:102E500000F080500090DFF8D092D9F8001041F4D3
:102E60008071C9F80010FFF78FFB804606E000BFB5
:102E7000FFF78AFBA0EB080002282BD8D9F8000046
:102E8000C005F5D5D5F8900010F4407014D0216D30
:102E9000814211D0D5F89000D5F8901020F4407000
:102EA00041F48031C5F89010D5F8901021F48031AC
:102EB000C5F89010C5F89000C00711D0FFF764FB6B
:102EC000804641F2883907E0FFF75EFBA0EB08017E
:102ED000494501D903260BE0D5F890008007F3D5CA
:102EE000D5F89000216D20F440700843C5F890009B
:102EF0001FB1A86D20F08050A8652078C00707D0CA
:102F0000D5F88800616820F003000843C5F8880000
:102F10002078800707D5D5F88800A16820F00C003C
:102F20000843C5F888002078400707D5D5F8880001
:102F3000E16820F030000843C5F8880020780007D9
:102F400007D5D5F88800216920F0C0000843C5F8EE
:102F500088002078C00607D5D5F88800616920F47C
:102F600040700843C5F888002078800607D5D5F85A
:102F70008800A16920F440600843C5F888002078E3
:102F8000400607D5D5F88800E16920F44050084391
:102F9000C5F888002078000607D5D5F88800216A92
:102FA00020F440400843C5F888002088C00507D5B4
:102FB000D5F88800616A20F440300843C5F88800DD
:102FC0002068800307D5D5F89C00A16A20F0030093
:102FD0000843C5F89C002088800507D5D5F88800EF
:102FE000E16A20F440200843C5F8880020884005A5
:102FF0000FD5D5F88800216B20F440100843C5F8A0
:103000008800206BB0F5801F03D1E86840F4801081
:10301000E860208800050FD5D5F88800616B20F4A2
:1030200040000843C5F88800606BB0F5800F03D1FD
:10303000E86840F48010E8602088C0040FD5D5F817
:103040008800A16B20F040700843C5F88800A06B91
:10305000B0F1807F03D1E86840F48010E8602088F8
:103060004FF0006180040ED5D5F88800E26B20F0A7
:1030700040601043C5F88800E06B884203D1E868DF
:1030800040F48010E860208840040ED5D5F8880010
:10309000226C20F040601043C5F88800206C884204
:1030A00003D1E86840F48010E860208800040FD560
:1030B000D5F88800616C20F040500843C5F88800BE
:1030C000606CB0F1805F03D1E86840F48030E86064
:1030D0002068C0030FD5D5F88800A16C20F04040CF
:1030E0000843C5F88800A06CB0F1804F03D1E868B0
:1030F00040F48030E860206840030FD5D5F89C008C
:10310000E16C20F440100843C5F89C00E06CB0F579
:10311000001F03D1E86840F48010E8603046BDE845
:10312000F883000000100240007000402DE9F047D5
:103130000E4605004FF0000725D0DFF8AC81D8F827
:10314000000000F00F00B0420CD2D8F8001021F0BF
:103150000F013143C8F80010D8F8000000F00F004C
:10316000B04210D12968614CC80741F2883A5AD060
:103170006868DFF87C91032808D0022820682DD0E9
:10318000400500282CDB0120BDE8F0872068800185
:10319000F9D5E06800F00302E068C0F30310401CBA
:1031A000032A19D0534A00BFB2FBF0F0E268C2F321
:1031B00006225043E268C2F34162521C5200B0FB47
:1031C000F2F0484517D9A06810F0F00F0CD088072E
:1031D00011D5A86840B10EE0474AE5E78003D0E783
:1031E00000F0D6F8484506D9A06820F0F00040F07D
:1031F0008000A0608027A068696820F00300084371
:10320000A060FFF7C1F9814606E000BFFFF7BCF9F7
:10321000A0EB090151453AD8A068696800F00C009C
:10322000B0EB810FF2D12868810714D5400703D590
:10323000A06840F4E060A0602878000705D5A06889
:1032400020F4605040F4E060A060A068A96820F01D
:10325000F000084304E0802F03D1A06820F0F000C4
:10326000A060D8F80010404601F00F01B14216D915
:10327000016821F00F0131430160FFF785F907462E
:1032800007E000BFFFF780F9C11B514501D90320BA
:103290007AE7D8F8000000F00F00B042F2D12878A9
:1032A000400705D5A068E96820F4E0600843A06005
:1032B0002878000706D5A068296920F4605040EA04
:1032C000C100A06000F064F8A1680C4AC1F30311CA
:1032D000515C01F01F01C8400949086009480068B5
:1032E000BDE8F047FFF79ABC002002400010024002
:1032F00000B4C4040024F400001BB70024980008A4
:1033000064000020380000200F2202600C4A9368FD
:1033100003F003034360936803F0F0038360936852
:1033200003F4E063C36092684FF4E06303EAD202FF
:1033300002610448006800F00F0008607047000058
:1033400000100240002002400548064900688968D4
:10335000054AC1F30221515C01F01F01C8407047CA
:103360006400002000100240349800080548064917
:1033700000688968054AC1F3C221515C01F01F0150
:10338000C8407047640000200010024034980008D4
:10339000184910B58868C0F381021748012A0BD07C
:1033A0008A68164BC2F38102022A06D08A68C2F3E9
:1033B0008102032A03D0002010BD184610BDCA6840
:1033C00002F00304CA68C2F30312521C032C02D099
:1033D000B0FBF2F001E0B3FBF2F0CA68C968C2F3D7
:1033E00006225043C1F34161491C4900B0FBF1F092
:1033F00010BD0000001002400024F400001BB700C4
:103400002DE9F84304007AD02078F84DC00747D062
:10341000A868E96800F00C0001F003010C2802D054
:10342000082817D001E0032914D06068B0F5803F68
:1034300017D0B0F5A02F286817D020F4803028606E
:10344000286820F4802028606068E0B1FFF79CF8CD
:10345000064614E02868800322D560680028D2D090
:103460001EE0286840F48030EDE740F480202860BA
:10347000F7E700BFFFF788F8801B642870D828683A
:103480008003F7D50CE0FFF77FF8064605E000BFA4
:10349000FFF77AF8801B6428F0D828688003F7D4F7
:1034A000207880074CD5A868E96800F00C0001F08E
:1034B00003010C2802D004280DD001E002290AD013
:1034C000E068002828682BD040F480702860FFF75F
:1034D0005BF8064619E02868400502D5E068002838
:1034E00091D06868217C20F0FE4040EA016068606D
:1034F000BF480068FFF792FB002800D120E072E18E
:10350000FFF742F8801B0228B8D828684005F7D595
:103510006868217C20F0FE4040EA016068600FE0AE
:1035200020F480702860FFF72FF8064605E000BF02
:10353000FFF72AF8801B0228A0D828684005F7D496
:103540002078000729D560690028D5F8940013D0A9
:1035500040F00100C5F89400FFF716F8064606E0B3
:1035600090E000BFFFF710F8801B022886D8D5F83E
:1035700094008007F6D510E020F00100C5F8940013
:10358000FFF702F8064604E0FEF7FEFF801B022864
:1035900078D8D5F894008007F6D42078400761D514
:1035A000A86D0026C00008D4A86D40F08050A86522
:1035B000A86D012600F0805000908E480168C90572
:1035C00011D40168804641F480710160FEF7DCFF90
:1035D000074604E0FEF7D8FFC01B022852D8D8F8EF
:1035E0000000C005F6D5A068012815D00528D5F83B
:1035F000900016D020F00100C5F89000D5F890009A
:1036000020F00400C5F89000A06841F28838B8B1F5
:10361000FEF7BAFF07460EE0D5F8900040F0010033
:10362000F0E740F00400C5F89000F5E7FEF7ACFFC6
:10363000C11B414526D8D5F890008007F6D50CE08F
:10364000FEF7A2FF074604E0FEF79EFFC11B4145BF
:1036500018D8D5F890008007F6D41EB1A86D20F0D8
:103660008050A8652078800629D5A0690028D5F863
:10367000980013D040F00100C5F89800FEF784FFD1
:10368000064606E075E000BFFEF77EFF801B0228BD
:103690006FD8D5F898008007F6D510E020F001002B
:1036A000C5F89800FEF770FF064604E0FEF76CFFD1
:1036B000801B02285DD8D5F898008007F6D4E06911
:1036C000F0B3A968C1F3810103295DD002282868FD
:1036D00020F08070286003D0FEF756FF04464BE0D0
:1036E000FEF752FF064604E0FEF74EFF801B02285D
:1036F0003FD828688001F7D4F4E908016FF00F0281
:1037000002EB01110843218A5204490802EB41519E
:10371000A26841EA02210843217D4FF07E42490818
:1037200002EB41610843217B40EAC160E968324A0B
:1037300011400843E860286840F08070286000E08D
:103740005EE0E86840F08070E860FEF71DFF044628
:1037500005E000BFFEF718FF001B022809D8286803
:103760008001F7D54CE000BFFEF70EFF001B0228DA
:1037700002D90320BDE8F88328688001F4D4E86802
:103780001E490840E8603BE00128F3D0E868226A5F
:1037900000F00301914226D1616A00F0F0020901B4
:1037A000103991421FD1A26A00F4FE41B1EB022F01
:1037B00019D194F82C2000F07841B1EBC26F12D1EE
:1037C000218E00F4C00249084905A1F5001191427B
:1037D00009D194F8341000F0C06049084906A1F1FD
:1037E000007181420CD00120C4E7000000100240AB
:1037F00038000020007000400C809F01FCFFEEFEAE
:103800000020B7E7704770477047000030B590F868
:103810003C20012A45D0012280F83C20CA688B68F0
:1038200022F440721A434B6822F480621A430B68F8
:1038300022F400621A430B6922F480521A434B6946
:1038400022F400521A430B6B22F480421A430B8B72
:1038500022F4702242EA0342CB6922F080521A43DA
:10386000114D03680024AB4205D0104DAB4202D08D
:103870000F4DAB4210D10D8D22F4700242EA055279
:103880000D6A22F080722A434D6A22F000722A43A8
:10389000C96A22F000520A435A6480F83C40002072
:1038A00030BD022030BD0000002C0140003401403A
:1038B000005001407047704770470000F0B590F825
:1038C0003C20012A43D0012580F83C50022280F898
:1038D0003D2003685A689C681E4E1F4FDFF87CC06D
:1038E000B34203D0BB4201D0634504D122F4700E31
:1038F0004A6842EA0E02DFF868E002EA0E02D1F8F6
:1039000000E04EEA020EC3F804E00268B24212D0B0
:10391000B2F1804F0FD0134B9A420CD0124B9A4207
:1039200009D0124B9A4206D0BA4204D0104B9A42A8
:1039300001D0624504D1896824F080031943916065
:1039400080F83D50002180F83C100846F0BD022070
:10395000F0BD0000002C0140003401400050014047
:103960008FFFFFFD0004004000080040000C0040F5
:1039700000400140704710B5040003D094F83D00AA
:1039800010B107E0012010BD002084F83C00204663
:1039900000F022F8022084F83D00211D206802F08A
:1039A000ABFD012084F8480084F83E0084F83F0015
:1039B00084F8400084F8410084F8420084F8430011
:1039C00084F8440084F8450084F8460084F84700F1
:1039D00084F83D00002010BD10B586B004461421C7
:1039E0006846FCF7BFFC21681B48B1F1804F0CD042
:1039F0001A4A914207D1016E41F400510166006EEE
:103A000000F40050059006B010BD816D41F0010139
:103A10008165816D01F001010591C16C41F00201E8
:103A2000C164C06C694600F0020005900820009057
:103A30000220019000200290039001200490084889
:103A4000FEF76CFC002208211C20FFF757F91C2010
:103A5000FFF746F9D7E700000010024000340140AC
:103A60000004004890F83D10012901D00120704762
:103A7000022180F83D100168CA6842F00102CA6064
:103A800000681349884214D0B0F1804F11D0114919
:103A900088420ED0104988420BD01049884208D085
:103AA0000F49884205D00F49884202D00E4988420A
:103AB00007D181680D4A1140062906D0B1F5803F33
:103AC00003D0016841F0010101600020704700004F
:103AD000002C01400004004000080040000C0040A1
:103AE0000034014000400140005001400700010047
:103AF00070B5044690F83C00002501281CD0012632
:103B000084F83C60022084F83D0022689068334BC2
:103B1000184020F47F4090600868B0F5005F2ED018
:103B200016DC402849D009DCD0B1102818D0202854
:103B300016D0302849D113E0022070BD50282AD079
:103B4000602830D070280FD0B0F5805F3DD13DE0C7
:103B500010F00F0F39D10111A1F58031072934D8A8
:103B600022680146104625E0CB68D1E90121206892
:103B700002F041FD2068816841F0770109E0CB68DF
:103B8000D1E90121206802F036FD2068816841F406
:103B9000804181601AE0CA684968206802F000FF2D
:103BA0005021206806E0CA684968206802F04AFF90
:103BB0006021206802F02AFD08E0CA684968206890
:103BC00002F0EEFE40212068F4E7012584F83D6014
:103BD000002084F83C00284670BD000088FFCEFF1E
:103BE0002DE9F0410068B0F1804F53D12A4C206894
:103BF000C068C04340074DD4DFF8A080082140468C
:103C0000FEF7B0FC0026264D012708B1687928B1DF
:103C100008214046FEF7A6FC60B10DE06F712068F8
:103C2000016A21F0A00101622068016A41F02001CF
:103C3000016229E0A87940B108214046FEF792FCD4
:103C400020B3A87901280FD020E00421124800F009
:103C5000E1FBA8612068016A21F0A00101622068EF
:103C6000016A0162AF7111E004210B4800F0D2FB40
:103C700068612068016A21F0A00101622068016A80
:103C800041F020010162AE712068466221686FF048
:103C900004000861BDE8F0814404002000040048ED
:103CA000000100202DE9F041054690F83C00002677
:103CB0000C46012810D0012085F83C0072B1042A7E
:103CC0001CD0082A2CD00C2A50D00126002085F8C0
:103CD0003C003046BDE8F0810220FBE7D4E9001249
:103CE000E368286802F06EFE2868816921F00C0103
:103CF000816128688169A26811430FE0D4E900124C
:103D0000E368286802F0B0FE2868816921F4406108
:103D1000816128688169A26841EA02218161D5E751
:103D20002868D4E9002C277B036A016A21F480719A
:103D30000162C16923F4206321F0030141EA0C010F
:103D400021F0F00C39074FF420674CEA116107EAC3
:103D500002221A43C16102622868C16921F00C0184
:103D6000C1612868C169A26811432BE02868D4E9C1
:103D70000021E768036AD0F820C02CF4805CC0F80A
:103D800020C0D0F81CC023F420432CF4407C4CEA23
:103D9000012121F4704C4FF6FF7101EA07314FF415
:103DA000204741EA0C0107EA02321A43C16102626C
:103DB0002868C16921F44061C1612868C169A268AD
:103DC00041EA0221C16181E710B5040003D094F8F3
:103DD0003D0010B107E0012010BD002084F83C0038
:103DE000204600F022F8022084F83D00211D2068C2
:103DF00002F082FB012084F8480084F83E0084F839
:103E00003F0084F8400084F8410084F8420084F8C0
:103E1000430084F8440084F8450084F8460084F8A0
:103E2000470084F83D00002010BD704730B50446BF
:103E3000002571B1042911D0082914D00C2917D0FC
:103E4000102918D094F8430094F84720012817D17E
:103E500014E094F83E0094F84420F7E794F83F000B
:103E600094F84520F2E794F8400094F84620EDE7F6
:103E700094F84100E8E794F84200E5E7012A01D010
:103E8000012030BD022079B1042916D008291DD0A7
:103E90000C294FD0102950D084F8430084F84700F3
:103EA0000C294DD0012543E084F83E0084F84400FD
:103EB0002068C26842F0020210E084F83F0084F8F3
:103EC00045002068C26842F0040207E084F8400020
:103ED00084F846002068C26842F00802C2600122ED
:103EE000206802F07BFB19492068884214D0B0F1A9
:103EF000804F11D0164988420ED0164988420BD007
:103F00001549884208D01549884205D0144988428D
:103F100002D01449884207D18168134A114006290A
:103F200006D0B1F5803F03D0016841F00101016086
:103F3000284630BD84F84100B0E784F84200ADE780
:103F40002068C26842F01002C8E70000002C01405F
:103F50000004004000080040000C00400034014014
:103F60000040014000500140070001002DE9F041F0
:103F700004460068C66805694FF00007A90713D515
:103F8000B10711D5F91E01610120207720688069F1
:103F90008007204602D0FFF723FE04E000F0E0F89F
:103FA000204600F0A2F92777680716D5700714D5C8
:103FB00021686FF004000861022020772068806982
:103FC00010F4407F204602D0FFF70AFE04E000F024
:103FD000C7F8204600F089F92777280715D530075C
:103FE00013D521686FF0080008610420207720684D
:103FF000C0698007204602D0FFF7F2FD04E000F020
:10400000AFF8204600F071F92777E80616D5F006DC
:1040100014D521686FF0100008610820207720680F
:10402000C06910F4407F204602D0FFF7D9FD04E0BC
:1040300000F096F8204600F058F92777E80708D0F6
:10404000F00706D021686FF001000861204600F0FB
:10405000D7F9280601D4A80408D5300606D521686A
:104060006FF4025008612046FFF7CDFBE80508D544
:10407000300606D521686FF4807008612046FFF78E
:10408000C1FB680608D5700606D521686FF04000B0
:104090000861204600F0D3F9A80608D5B00606D579
:1040A00021686FF0200008612046FFF7ADFBE802B1
:1040B00008D5F00206D521686FF48010086120460B
:1040C000FFF7F9FBA80208D5B00206D521686FF406
:1040D000001008612046FFF7EDFB680208D570026A
:1040E00006D521686FF4800008612046FFF7E4FBE5
:1040F00028020AD5300208D521686FF40000086153
:104100002046BDE8F041FFF735BCBDE8F081000076
:1041100010B586B0044614216846FCF723F90E4911
:104120002068884216D10D48C16C41F00101C1647C
:10413000C06C002100F0010005904FF40040009099
:104140000220CDE90101CDE9031069464FF090400E
:10415000FEF7E4F806B010BD003401400010024044
:10416000704770B5044690F83C0000260D460128C3
:104170000BD0012084F83C000C2A4AD007DC82B125
:10418000042A20D0082A06D131E0022070BD102A6E
:1041900053D0142A63D00126002084F83C00304616
:1041A00070BD206802F03CFA2068816941F0080186
:1041B00081612068816921F0040181612068816941
:1041C0002A69114311E0206802F080FA20688169B1
:1041D00041F4006181612068816921F4806181611D
:1041E000206881692A6941EA02218161D4E7206857
:1041F00002F0BCFA2068C16941F00801C161206881
:10420000C16921F00401C1612068C1692A691143B3
:1042100011E0206802F0FAFA2068C16941F40061F7
:10422000C1612068C16921F48061C1612068C169F0
:104230002A6941EA0221C161AEE7206802F036FB3B
:104240002068016D41F0080101652068016D21F0D1
:10425000040101652068016D2A69114311E020689D
:1042600002F060FB2068016D41F400610165206887
:10427000016D21F4806101652068016D2A6941EAC0
:104280000221016588E710B5040003D094F83D00D1
:1042900010B107E0012010BD002084F83C0020464A
:1042A00000F022F8022084F83D00211D206802F071
:1042B00023F9012084F8480084F83E0084F83F0088
:1042C00084F8400084F8410084F8420084F84300F8
:1042D00084F8440084F8450084F8460084F84700D8
:1042E00084F83D00002010BD7047704770B504464B
:1042F000022269B1042912D0082917D00C291CD038
:10430000102921D094F84300012824D0012070BD49
:1043100094F83E000128F9D184F83E201DE094F87D
:104320003F000128F2D184F83F2016E094F84000C5
:104330000128EBD184F840200FE094F841000128D7
:10434000E4D184F8412008E094F842000128DDD14E
:1043500084F8422001E084F843200122206802F022
:104360003DF91D4920681D4A1D4B1E4D88420BD04A
:10437000904209D0984207D01B4EB04204D01B4E49
:10438000B04201D0A84203D1466C46F400464664D0
:104390002068884211D0B0F1804F0ED01449884275
:1043A0000BD01449884208D01349884205D0904266
:1043B00003D0984201D0A84207D181680F4A11402A
:1043C000062906D0B1F5803F03D0016841F0010114
:1043D0000160002070BD0000002C0140003401404D
:1043E00000400140005001400044014000480140AD
:1043F0000004004000080040000C004007000100DD
:1044000000680349884201D1FEF7F0BB7047000005
:10441000002C01400246002041B1042909D008299E
:104420000AD00C2901D11068006C70471068406BED
:1044300070471068806B70471068C06B704770479A
:1044400090F88410012918D0012180F884102421CB
:10445000C0F8881001680A680B6823F001030B603C
:1044600022F0005100224266036819602021C0F842
:10447000881080F8842010467047022070477047EB
:10448000704770B5044690F8840001281DD00120C3
:1044900084F884002420C4F8880020680568026835
:1044A00022F0010202602068826822F060620A4302
:1044B0008260204602F040FC206805602020C4F89D
:1044C0008800002084F8840070BD022070BD70B5A3
:1044D000044690F8840001281DD0012084F884004F
:1044E0002420C4F8880020680568026822F00102D0
:1044F00002602068826822F060420A43826020469F
:1045000002F01AFC206805602020C4F88800002012
:1045100084F8840070BD022070BD704770477047FA
:104520002DE9F04103680446D86919689A6840F695
:104530000F0528424FF000054FF002060AD187060A
:104540007ED501F0200702F0805C57EA0C0777D097
:10455000616F42E1B64FDFF8DCC2174001EA0C0C94
:1045600057EA0C0C6CD05FEAC07C0CD05FEAC15CEF
:1045700009D54FF0010CC3F820C0D4F8903043F0B7
:104580000103C4F89030830709D5D30707D0236807
:104590001E62D4F8903043F00403C4F8903043070F
:1045A0000AD5D30708D0266804233362D4F89030A4
:1045B00043F00203C4F8903003070CD501F0200348
:1045C0003B4308D0266808233362D4F8903043F088
:1045D0000803C4F8903003050BD54B0109D52668B4
:1045E0004FF400633362D4F8903043F02003C4F8F2
:1045F0009030D4F89030002B3DD0800609D501F0E2
:10460000200002F08051084303D0616F09B12046B9
:104610008847D4F8900021688968490602D410F0D0
:10462000280F2AD0204602F06BFC206880684006E4
:104630001ED52068083050E8001F21F0400100E03E
:1046400021E040E80012002AF3D1D4F8800078B1CC
:1046500079498163D4F88000FDF72FFD00280AD046
:10466000D4F88000816B00E02046BDE8F0410847A7
:104670002046FFF754FFBDE8F0812046FFF74FFFCB
:10468000C4F89050F7E7D4F86CC02027BCF1010FB4
:104690007ED15FEAC06C7BD55FEAC16C78D5102013
:1046A000186220688068400651D5D4F880100A68E6
:1046B00050680004000C3ED0B4F85C3083423AD914
:1046C000A4F85E000868006880062CD4216851E8D0
:1046D000000F20F4807041E80002002AF6D1206823
:1046E000083050E8001F21F0010140E80012002AC4
:1046F000F5D12068083050E8001F21F0400140E863
:104700000012002AF5D1C4F88C70E566216851E8E2
:10471000000F20F0100041E80002002AF6D1D4F882
:104720008000FDF795FC2667B4F85C00B4F85E10D5
:10473000401A81B207E0B4F85C1081429BD1106846
:10474000800698D526672046FFF799FE93E7B4F8D0
:104750005C00B4F85E10401A81B2B4F85E00002824
:1047600089D0002987D0226852E8000F20F4907089
:1047700042E80003002BF6D12D4BDB4320680830C4
:1047800050E8002F1A4040E8002CBCF1000F00E078
:104790000EE0F3D1C4F88C70E5666567206850E8D8
:1047A000002F22F0100240E80023002BF6D1C9E7C9
:1047B000C60209D5560207D54FF48010186220466C
:1047C000BDE8F041FFF7AABE03060AD501F0800359
:1047D00002F40002134304D0A16F00297FF444AF18
:1047E00049E7420611D54A060FD52046016851E82F
:1047F000002F22F0400241E80023002BF6D1C0F840
:104800008870856700F06DF935E7020206D54A0029
:1048100004D52046BDE8F041FFF77FBEC00195D525
:10482000002993DA2046BDE8F041FFF729BE0000D9
:104830000100001020010004F16E000810B5040012
:1048400003D0D4F8880010B107E0012010BD00208B
:1048500084F88400204600F027F82420C4F888005B
:104860002068016821F001010160A06A10B12046B2
:1048700002F084FA204602F0D5FD0128E6D0206837
:10488000416821F4904141602068816821F02A014B
:1048900081602068016841F0010101602046BDE8A7
:1048A000104002F0CFBA00002DE9F0419CB0044660
:1048B000142115A8FBF756FD54216846FBF752FD5D
:1048C00037492068374C0226DFF8DC8004270025B2
:1048D00088423CD11020059500906846FEF7A6FA64
:1048E00008B1FCF7F9FAA06D40F48010A065A06D46
:1048F00000F480101A90E06C40F00400E064E06C7A
:1049000000F004001A90E06C40F00800E064E06CF5
:10491000CDE9166500F008001A904FF4805015900C
:104920000520CDE9185015A94046FDF7F7FC15A95B
:104930001E481597FDF7F2FC3520FEF7D1F900224D
:1049400007213520FEF7DAF91CB0BDE8F0811849DF
:104950008842F9D1684600970395FEF767FA08B1D7
:10496000FCF7BAFAA06D40F48020A065A06D00F4B9
:1049700080201A90E06C40F00400E064E06CCDE927
:10498000166500F004001A904FF44060159007205F
:10499000CDE9185015A94046FDF7C0FCD4E700004A
:1049A000005000400010024000080048000C004881
:1049B0000048004030B4D0F88C30202B02D00220C8
:1049C00030BC7047A9B1A2B10023C3660A4C03688A
:1049D000A3420BD05B681B0208D5046854E8003F73
:1049E00043F0806344E80035002DF6D130BC02F07E
:1049F00065BE0120E4E7000000800040006809492E
:104A000088420ED1084801780848B0F880208154C7
:104A100030F8801F491C0180012203490448FFF738
:104A2000C9BF7047005000403400002044330020CC
:104A3000DC0400202DE9F8430446D0F888009846AD
:104A400016460D46202802D00220BDE8F883A5B105
:104A50009EB10020C4F890002120C4F888001834CA
:104A6000FDF792FDA6878146E68754F8100C2027B3
:104A7000183CB0F5805F02D003E00120E5E7206933
:104A800010B12E46002510E000260EE080212046C1
:104A900002F09CFEC0B9DEB116F8010B21688862F5
:104AA000B4F85600401EA4F85600B4F856004B4621
:104AB0004FF00002CDF800800028E7D14FF0400110
:104AC000204602F083FE40B1C4F888700320BCE7A2
:104AD00035F8020BC0F30800E0E7C4F88870002046
:104AE000B3E77047072930D2DFE801F00A10161C3F
:104AF000222804000068D0F8841341F0010122E06C
:104B00000068D0F8841341F002011CE00068D0F87E
:104B1000841341F0040116E00068D0F8841341F0DA
:104B2000080110E00068D0F8841341F010010AE099
:104B30000068D0F8841341F0200104E00068D0F848
:104B4000841341F04001C0F88413704770B50368C6
:104B50001A68D3F8A0534C6922F020022646144369
:104B600024F0C002202E2BD08C69022C28D0032CDC
:104B70002BD0042C2ED022F0E00200BF22F40064DF
:104B8000CA69224322F480640A6A224322F0C06484
:104B90004A6A224322F000648A6A2243CC6A22F0E5
:104BA000404242EA840222F000544A6B096B2243DD
:104BB00025F4803421431A600068C0F8A01370BD4A
:104BC00022F0C00242F02002D8E722F0800242F038
:104BD0004002D3E722F0400242F08002CEE7F0B577
:104BE0000024E426056806EBC11755F807C0B8266F
:104BF00006EBC116AE59402A20D00EDC082A2CD074
:104C000006DC012A1AD0022A27D0042A31D115E065
:104C1000102A13D0202A2CD11FE0B2F5007F1CD01F
:104C200005DC802A19D0B2F5807F22D106E0B2F5EA
:104C3000806F03D0B2F5006F1BD10EE04FF0BC0EB9
:104C40000EEBC11E5A6845F80E204FF0C00E0568E5
:104C50000EEBC1119A686A500BE0C42404EBC11436
:104C60005A682A51C825046805EBC1119A68625038
:104C70001024FE21A1401A682CEA010CA240D96838
:104C800042EA0C02A14011431A69D3F814C0154638
:104C9000A2400A430CFA04FC99694CEA020CA140B8
:104CA00041EA0C01082D06D1B20504D4B20102D4A8
:104CB000DA69A24011430068C151F0BD2DE9F04FFF
:104CC0008024036804EBC117DC5924F07044DC51E4
:104CD0000568EC59E82303EBC1139E4655F803C061
:104CE000E42303EBC1139B4655F803A0D5F8A0338A
:104CF000566924F020043443202E24D09669022ED5
:104D000021D0032E24D0042E27D024F4D07400BF49
:104D100024F40066D469344324F48066146A34436E
:104D200024F0C066546A344324F00066946A344325
:104D300024F07046D46A3443566B24F40034B6F140
:104D4000005F0FD010E024F4C07444F02004DFE7CB
:104D500024F4807444F08004DAE724F0800444F4FE
:104D60008074D5E744F4003424F04008946B2CF0B0
:104D70003F0C264644EA080424F48028946D44EA53
:104D80000804DFF8D08004EA0804D2F8508048EA2A
:104D9000040992F83C40D2F8408004F03F0444EA11
:104DA0000C0424F0004448EA0408546C2AF4807C83
:104DB00044EA0C04D2F848C0BCF5606F02D0BCF5E0
:104DC000F05F01D1402E03D124F4F0544CEA0404E6
:104DD00024F48046D46C3443566D062927D2DFE88C
:104DE00001F003090F151B21126B23F4003343EA72
:104DF00042031CE0126B23F4802343EA820316E093
:104E0000126B23F4002343EAC20310E0126B23F475
:104E1000801343EA02130AE0126B23F4001343EAFF
:104E2000421304E0126B23F4800343EA821345F833
:104E30000790056845F80E80056845F80B40D424B6
:104E4000026804EBC11156500068C0F8A033BDE8F9
:104E5000F08F0000FFFF06FEFEE7000070B5C91CE2
:104E6000C1F3870400210A4D0FE000BF00EBC1032E
:104E70005A685B881E0C324330F8316046EA0343BF
:104E800005EBC106491CC6E90032A142EEDB70BD4C
:104E9000800100200148FDF7A2BE0000340400207C
:104EA00000EB8100006E00F0F84070478068C0F3AE
:104EB000C00070478068C0F3800070478068C0F30E
:104EC00080007047C06810F4406F01D00020704728
:104ED00001207047042303EAD15310B518444369F5
:104EE000C1F3045107248C40A3438A401343436118
:104EF00010BD00EB8100016E21F0004111430166FD
:104F00007047000008B5AE480090FF24002301223E
:104F10006421ACA004F0DCFBDFF8B0924FF47A76A9
:104F20004D46C9F80400AA480090002301223146EA
:104F3000A8A004F0CDFBA860AA480090002301229D
:104F4000C821A9A004F0C4FBE860AA48009000238F
:104F500001223146A8A004F0BBFB2861AA480090BA
:104F6000002301223146A9A004F0B2FB686104F0DD
:104F70002FFA4FF0000A0246CDF800A05346012157
:104F8000686804F0EFFBA548006803F0F9FA0146F1
:104F9000A3A0FBF79AFFA9A1ABA0FBF796FFAEA1D8
:104FA000B0A0FBF792FFB34EDFF8CC824FF4FA7B50
:104FB00003F036FB377898F8105003F051FBFCF7FC
:104FC000A9F90146ADA0FBF780FF2946AFA0FBF78A
:104FD0007CFF2146B4A0FBF778FF3946B7A0FBF76A
:104FE00074FFAC4252D02C46062D4FD2DFE805F0BC
:104FF00003284F769BBE0023CDF800A055461A46E5
:1050000003214F46D9F80C0004F0ACFB00230095B7
:105010001A460321386904F0A5FB002300951A46BF
:105020000321786904F09EFBFBF7A0FEFBF78DFEE1
:1050300004F0CEF90246002300950121B868B9E0DA
:105040000023CDF800A055461A4603214F46D9F853
:10505000080004F087FB002300951A460321F86836
:1050600004F080FB002300951A460321386904F000
:1050700079FB002300951A460321786904F072FB3E
:10508000FBF758FEFBF761FEFBF776FE94E000238A
:10509000CDF800A055461A4603214F46D9F808001E
:1050A00004F060FB002300951A460321F86804F021
:1050B00059FB002300951A460321386904F052FB7E
:1050C000002300951A460321786904F04BFBFBF797
:1050D00031FEFBF74BFEFBF73EFE6DE00023CDF803
:1050E00000A055461A4603214F46D9F8080004F09F
:1050F00039FB002300951A460321386904F032FB7E
:10510000002300951A460321786904F02BFBFBF776
:1051100011FEFBF71AFE04F05BF90246002300952E
:105120000121F86846E00023CDF800A055461A4654
:1051300003214F46D9F8080004F014FB0023009522
:105140001A460321F86804F00DFB002300951A4667
:105150000321386904F006FBFBF7ECFD04F038F995
:105160000246002300950121786923E00023CDF851
:1051700000A055461A4603214F46D9F8080004F00E
:10518000F1FA002300951A460321F86804F0EAFAC0
:10519000002300951A460321786904F0E3FAFBF72F
:1051A000C9FDFBF7E3FD04F013F902460095002367
:1051B0000121386904F0D6FA584603F009FBF7E6F6
:1051C000954E0008494F5F4C454400002C010020DB
:1051D00095090008424C455F424C55455F4C45449B
:1051E00000000000310D0008424C455F5245445F0D
:1051F0004C454400C5090008424C455F47524545AF
:105200004E5F4C454400000099090008475245454F
:105210004E5F5245445F4C45440000000C000020A6
:105220004C656450726F635461736B5F48616E6468
:105230006C65723A256C642E0D0A0000536570206F
:1052400020352032303235005F444154455F2069BB
:10525000733A25730D0A000031373A33313A353944
:10526000000000005F54494D455F2069733A257383
:105270000D0A000000000020A001002047657445D1
:105280007272436E743A25642E0D0A005458706190
:1052900072616D657465722E6C65645F73746174A0
:1052A0003A25642E0D0A0000496E69745F6C6564CE
:1052B0005F737461743A25642E0D0A00675F747819
:1052C0005F73797374656D5F737461743A25642ECE
:1052D0000D0A000030B58BB00024089409942021F9
:1052E00068460A94FBF73EF81D484FF0A04104259C
:1052F00001604FF44031C0E90114C4600461C0E9A9
:105300000545047744770121016280F82440C46296
:10531000046380F83840C46380F84040FCF7AEFB7B
:1053200008B1FBF7D9FD08A90D480894FCF7BCF8B3
:1053300008B1FBF7D1FD0B48009006200190072033
:1053400002907F200594CDE9030569460448FCF7E7
:105350005BF9002801D0FBF7BFFD0BB030BD0000AA
:10536000600200200200300430B589B02021684678
:10537000FAF7F8FF19481849002401604FF440314A
:10538000C0E90114C46004250461C0E9054504773F
:1053900044770121016280F82440C462046380F8EC
:1053A0003840C46380F84040FCF768FB08B1FBF765
:1053B00093FD0B4800900620CDE901047F20059461
:1053C000CDE9030569460548FCF71EF9002801D020
:1053D000FBF782FD09B030BD00010050CC02002077
:1053E0000080F03E1CB505490120CDE900010023F5
:1053F000322203A1054803F085FF1CBD08000020F0
:1054000073746172745F7461736B0000F5830008DC
:1054100070B586B014216846FAF7A4FF2D48C16C18
:1054200041F00401C164C16C01F004010591C16C3B
:1054300041F02001C164C16C01F020010591C16CF3
:1054400041F00101C164C16C01F001010591C16C21
:1054500041F00201C164C16C01F002010591C16C0F
:1054600041F00801C164C06C012200F008009502FF
:105470004FF09046059029463046FDF780F800220F
:10548000E0213046FDF77BF800244FF44050CDE991
:105490000004694610480294FCF740FF009501257E
:1054A000CDE90254694630460195FCF737FFE0200C
:1054B000CDE90005CDE9025469463046FCF72EFFE0
:1054C0001020CDE90004694604480294FCF726FF49
:1054D00006B070BD001002400004004800080048FB
:1054E0002DE9F043B5B000242E942F9430941C2164
:1054F00027A83194FAF736FF60216846FAF732FFA1
:1055000032943394202118A83494FAF72BFF1C21ED
:1055100020A8FAF727FF5E485C49C0E900148460C0
:10552000FDF7C6F808B1FBF7D7FC0C215848FDF78A
:105530008EF808B1FBF7D0FC0A215548FDF72CF98D
:1055400008B1FBF7C9FC02274FF004092097CDE909
:10555000219401268020CDE92406239420A94C48DB
:105560002696FDF717F808B1FBF7B6FCDFF82481A3
:1055700008252EAAB8F80000CDE92E0400214448E1
:10558000CDE93045FDF74EF908B1FBF7A5FC2994AC
:105590002A9427AA00213E4827962D94FDF7AAFABF
:1055A00008B1FBF799FC4AF6802200213848FDF744
:1055B00014F908B1FBF790FC009401940294CDE932
:1055C00003460594069407944FF000600894CDE9D3
:1055D0000940C012CDE90B404003CDE90D040F9402
:1055E0001094119412941494159416946A46002100
:1055F00027481794FDF736FA08B1FBF76DFCB8F8A9
:10560000000032AB50383290012200212048FDF7D3
:1056100046F908B1FBF760FC5020329032AB04220F
:1056200000211B48FDF73BF908B1FBF755FCCDE91C
:105630001875CDE91A541C941D941E9418AB0122C0
:10564000002113481F94FDF7DAF908B1FBF744FC79
:105650002020CDE91840CDE91A091C9518AB02228B
:1056600000210B48FDF7CBF908B1FBF735FC00F042
:10567000B3FE03210648FDF7DDF94FF4003104487D
:10568000FDF7A7F935B0BDE8F083000000680140E0
:1056900038030020040000200B4810B509490160C0
:1056A0000421416040F6FF71C1604FF4FA718160DE
:1056B000FDF762FA002803D0BDE81040FBF70CBCF0
:1056C00010BD0000003000403404002010B58CB044
:1056D00000240594234804940694079408940A949B
:1056E00009940094019402944FF080410394016066
:1056F000A921C0E901144FF6FF71C0E903148461C8
:10570000FEF739F908B1FBF7E7FB4FF4805004903E
:1057100004A91448FEF7ECF908B1FBF7DDFB1148CA
:10572000FEF752FB08B1FBF7D7FB2020089008A931
:105730000A940C48FEF7C2F808B1FBF7CDFB012034
:10574000CDE9004002940422694606480394FEF71E
:10575000A9FA08B1FBF7C0FB04210248FEF766FB7B
:105760000CB010BD4404002070B59CB00024199406
:105770001A9417941894149415941C210DA8169437
:10578000FAF7F0FD34216846FAF7ECFD2F4D2E486C
:1057900041F68F26C5E90004C5E9024680202C6148
:1057A000C5E905402846FEF7E6F808B1FBF794FB8B
:1057B0004FF48050179017A92448FEF799F908B1C3
:1057C000FBF78AFB2148FEF75EFD08B1FBF784FB7F
:1057D0001494159414A91D481694FEF76FF808B197
:1057E000FBF77AFB6020CDE90E640D9010941194C4
:1057F000129400220DA915481394FEF7B2FC08B1CB
:10580000FBF76AFB00944FF40050CDE90440039489
:105810000003CDE9084001940294069407940A9489
:105820000B94694609480C94FDF7F0FF08B1FBF7AB
:1058300053FB0648FEF76CFC00210448FEF756FDBA
:10584000286844631CB070BD0034014090040020FF
:1058500010B50F4C0D49C4E900100020A0600C21C8
:10586000E060C4E90401A0612046FEF7E7FF08B14B
:10587000FBF732FB012207490548FFF79BF8206838
:10588000016841F01001016010BD000000500040AF
:10589000DC04002034000020184810B516490160CF
:1058A0004FF4E1314160002181600C22C160C0E908
:1058B00004128161C161016241628162FEF7BEFF33
:1058C00008B1FBF709FB00210C48FEF700FE08B108
:1058D000FBF702FB00210948FEF7D3FD08B1FBF7F7
:1058E000FBFA0648FEF7ACFD002803D0BDE81040E7
:1058F000FBF7F2BA10BD0000004800407005002020
:10590000FEE700002DE9F0412248234D214980881F
:10591000204C40BA2882EA890B78823416184978DC
:10592000B6F57A7F23702ED261704100A1700021FC
:1059300004F182070CE0531857F8236033884FEACC
:10594000132C04EB4103491C83F803C036781E7105
:1059500003468142EFDB032101EB430081B20D4896
:10596000823002F0E3FD6882298A04EB4102D070A4
:10597000000A1071052000EB4101BDE8F041054827
:10598000823001F06DBF41F0800060700220A07095
:105990000321F2E7443300204401002070B5174D85
:1059A0001548EB8900F58272017952F8233009021B
:1059B00000F182041980EB8952F8232043791943BE
:1059C000118001782170417861708178A170C1786F
:1059D000E17001792171407960710621204602F061
:1059E000A5FD6882A071000AE0712046BDE8704004
:1059F000082101F035BF000044330020440100209D
:105A00002DE9F04720481F49214E0160091F4160E0
:105A1000891C8160091DC160891C01610E318C1EC9
:105A2000C0E905140C39C16118490020A4F114051E
:105A300008604860174FE8804FF0FF0886F8008044
:105A40004FF0060987F80090A88028806880A4F8A5
:105A50000080A4F80290032221460F4800F0E4FBE6
:105A6000A088A881A0F57F41FF3905D0207830704B
:105A7000A0783870BDE8F08786F8008087F800903D
:105A8000F8E700004801002048340020C40100204D
:105A9000020000200300002000F80008FEE70000DC
:105AA0001FB50FA10522D1E90001CDE9020102A92C
:105AB000302000F0FDF805226946102000F068F85B
:105AC000002069460A5CA52A03D1401CC0B2052803
:105AD000F8D3052802D0012004B010BD0020FBE758
:105AE000A5A5A5A5A500000070B51B4886B0C16C92
:105AF00041F00201C164C06C4FF4005500F0020097
:105B0000059001200024CDE90050CDE90204134E98
:105B100069463046FCF702FC012229463046FCF774
:105B20002EFD1020CDE9000402940D4C694620465C
:105B3000FCF7F4FB012220212046FCF720FD002287
:105B400029463046FCF71BFD012251022046FCF796
:105B500016FD06B070BD00000010024000080048AD
:105B60000004004810B500224FF400510648FCF72D
:105B700006FD012251020548FCF701FDBDE8104079
:105B80000A20FCF7D7BA00000008004800040048CB
:105B90002DE9F047DFF8409015460F4604464FF4D4
:105BA0000078002241464846FCF7E9FC204601F017
:105BB000BDFE0646002405E0FF2001F0B7FE385583
:105BC000641CE4B2AC42F7D3012241464846FCF7DC
:105BD000D6FC3046BDE8F0870004004870B50B4E97
:105BE00004464FF40075002229463046FCF7C7FCF6
:105BF000204601F09BFEFF2001F098FE04460122A2
:105C000029463046FCF7BBFC204670BD0004004826
:105C100070B505460720FFF7E1FF0446014627203F
:105C200000F06CF860060AD50A2229466120FFF7C9
:105C3000AFFFFF21E22000F061F8002070BD0120DD
:105C400070BD000070B5184E04464FF40055002298
:105C500029463046FCF793FC0A222146A02000F09A
:105C600027F8012229463046FCF789FC0F4C102109
:105C70002046FCF777FC0028F9D10720FFF7AEFF9C
:105C800004460146272000F039F8E00605D5FF213B
:105C9000E12000F033F8102070BDA00601D52020CF
:105CA00070BDFF2070BD00000008004800040048DF
:105CB0002DE9F047DFF8409015460F4604464FF4B3
:105CC0000078002241464846FCF759FC204601F086
:105CD0002DFE0646002404E0385D01F027FE641C1A
:105CE000E4B2AC42F8D3012241464846FCF747FCF7
:105CF0003046BDE8F0870000000400482DE9F0417F
:105D00000C4E0F4604464FF40075002229463046DB
:105D1000FCF735FC204601F009FE0446384601F048
:105D200005FE012229463046FCF729FC2046BDE845
:105D3000F08100000004004810B50446002002462F
:105D40000AE0A35C03EB001010F0704302D080EA7D
:105D500013605840521CD2B28A42F2D310BD0000E8
:105D600008B54A48002300901A4647F2305148A02F
:105D700003F0AEFC4B4D00231A4628624A480090BF
:105D800041F2883149A003F0A3FC68624B4800232C
:105D900000901A464FF4FA6149A003F099FCA862FA
:105DA000642002F015FD14214848FBF71FFB40F664
:105DB000E4414843000B00EB40004008444E4CF2E5
:105DC0004F374FF001084FF0030ADFF80891424CBB
:105DD000C5F8100000F09CFEFAF78AFD21688819CA
:105DE000B84240D8DFF8F4B04FF480515846FCF781
:105DF000B9FB00904FF400515846FCF7B3FB024644
:105E00000098012801D1012A0AD085F800800B20D2
:105E1000E07489F800A032A00099FBF756F82BE057
:105E2000E068A0F54071E73904D0344800780128D3
:105E300007D00AE01620E07489F800A085F80080F9
:105E40001AE000F081F800202870FBF705F8E879E7
:105E500030B11120E074042189F8001085F8008029
:105E6000FBF722F908E085F8008089F800A00A20F5
:105E7000E07423A0FBF729F8D4E9001227A0E36817
:105E8000FBF723F8642002F0A3FCA3E7CD6B000826
:105E900054656D70657261747572652054696D65C5
:105EA0004F75740000010020CD0E00084572726F1E
:105EB000722053746174757300000000591000085B
:105EC00046616E20436F6E74726F6C000400600850
:105ED000BF81FAFF00000020A0010020000400485C
:105EE0005F7265616479312025642C5F6661756C31
:105EF0007431202025640D0A00000000EB00002012
:105F00005458706172616D657465722E54785F5576
:105F10005F504643A3BA2564200D0A0054587061AF
:105F200072616D657465722E54785F555F5046439B
:105F3000A3BA256420693A2025642054656D703A1F
:105F40002025640D0A000000F8B510212448FCF754
:105F500009FB244F244E254C012170B10025244813
:105F6000A570E1700078C0B10A20E0722079E17A72
:105F7000884214D2401C2071F8BDA1702171E078D4
:105F8000052802D2401CE070F8BD38780028FBD10B
:105F9000307D0028F8D13175F8BD0320E5E7FAF728
:105FA000F7FE144805707574FAF782FF3D70206A99
:105FB00003F00CFC30B1002300951A460321206A3F
:105FC00003F0D0FB606A03F001FC0028E4D000235A
:105FD00000951A460321606A03F0C4FBF8BD000077
:105FE0000008004800000020A0010020000100205F
:105FF000EC00002001000020FFF702FD224800789D
:1060000000F086F9FFF724FCDFF88080204DDFF8F0
:1060100084A0DFF884B0214C214E4FF6FF774FF07B
:106020000A0900BF4FF0FF31D8F8000003F074F800
:1060300002F0F6FA6868010C218060802968A1806E
:10604000D5F80CC048439CFBF9F3B0FBFAF0327B67
:10605000DBB207EA022213436381E0809BF8000071
:1060600002280ED0F07C208102F0FAFA00F01CF831
:1060700080210C48FAF776F90A490020A1F880003F
:10608000D0E70520EFE700000300002028000020F3
:10609000C401002040420F00000000204401002005
:1060A000A0010020443300202DE9F041384C394F45
:1060B00021783878814268D1627804F1820542F013
:1060C0008000032A05D0062A03D0297068700120B9
:1060D00043E06288304E52BAB2F57A7FF28139D20B
:1060E000B4F88000801E81B2294802F01FFA708245
:1060F0002749B4F88020891E11440988884221D19B
:106100006078032802D0062805D102E0FFF7FAFBE9
:1061100001E0FFF743FC2049F28914311F48052AAA
:1061200023D0062A31D16278062A2ED14AF6AA2235
:106130008A8009783970BDE8F0411749032214318B
:1061400000F092B820782870607840F08000687085
:10615000042002E0297068700220A870BDE8F041B8
:106160000B480321823001F07BBB6278062A0CD1F8
:106170004AF6BB228A800A4A8978117006490322AE
:10618000143100F071F800F0E1F8BDE8F081000092
:1061900044330020020000204401002000F80008E1
:1061A0000300002070B51749174D4FF400540870D4
:1061B000002221462846FCF7E2F9052211492A204F
:1061C000FFF776FD01212120FFF798FD0121222014
:1061D000FFF794FD28212520FFF790FD0A213120AB
:1061E000FFF78CFD0F212620FFF788FD0F212020CF
:1061F000FFF784FD21462846BDE870400122FCF7E8
:10620000BEB90000600100200008004804490020D9
:10621000086048608860C8600249487488747047A4
:10622000C4010020A001002070B58AB00D460446CC
:10623000521CC2F3470628216846FAF793F8002259
:1062400069460CE001CC41F8220025F8220051F803
:10625000220005EB8203000C521C588092B2B2421D
:10626000F0D30AB070BD00002DE9F0410B460646A0
:1062700011461846FEF7F2FDFCF73CF820494FF4B2
:10628000004008611F48FBF751F81F4C1D4F203795
:1062900020603846FBF74AF822680123811A491C1E
:1062A0001A48C4E90113C0E902210025C0E90053DE
:1062B0000A2505E0144915481031FBF74DFF10B1D0
:1062C0006D1EEDB2F6D2DFF84080002508F1180807
:1062D000E6600CE008EBC500D0E900230020FBF7E6
:1062E000B7FF20B9E06808306D1CEDB2E060E168EE
:1062F000B942EFD3FBF79EFFE660BDE8F0810000F6
:106300000020024000F800086801002070340020DE
:106310004FF4E131062816D2DFE800F00306090C3D
:106320000F124FF4166070474FF4965070474FF4B9
:10633000165070474FF4964070474FF41640704720
:106340004FF46140704708467047000072B6BFF3D3
:106350004F8F05480168054A01F4E061114301606F
:10636000BFF34F8F00BFFDE70CED00E00400FA051E
:1063700000B5164987B043F607300880FFF7B0F83C
:106380001348C16C41F00101C164C06C142100F0DC
:10639000010005906846F9F7E5FF00210D48FCF77C
:1063A00038F94FF4FA70FBF7C5FE4FF440700090D7
:1063B000022001900290002003900D200490694675
:1063C0004FF09040FBF7AAFF07B000BD040000208B
:1063D000001002403803002030B587B01421684611
:1063E000F9F7C0FF1748C16C41F00101C164C06CEE
:1063F0004FF4407400F0010005900120CDE9004009
:106400000020029003204FF09045039069462846F3
:10641000FBF784FF002221462846FCF7B0F80A4823
:1064200043F6B7210268C2F89C1000685021C0F8FA
:10643000A81001210448FCF7ECF86420FBF77AFE71
:1064400007B030BD001002403803002010B54FF0F7
:10645000E020006902F0AEFF012803D0BDE8104043
:1064600002F0A6BB10BD10B594B038216846F9F70C
:1064700079FF14210EA8F9F775FF0020FCF770FCD6
:10648000092000904FF480300190012005900220F7
:106490000324CDE907045521CDE90A100C900D9095
:1064A00009946846FCF7ACFF08B172B6FEE70F200E
:1064B000CDE90E04002010901190129004210EA836
:1064C000FCF734FE002801D072B6FEE714B010BD10
:1064D0000248016841F470010160704788ED00E0F6
:1064E0000148FDF743BD0000040600200148FDF708
:1064F0003DBD0000440400202DE9F04F02682E4B02
:106500002E4E2F4FDFF8BCC02F4C304D4FF0804B3C
:1065100098420BD0584509D0B04207D0B84205D0B8
:10652000604503D0A04201D0A84204D122F07008F7
:106530004A6842EA0802DFF89880DFF89890DFF8AE
:1065400098A0984211D058450FD0B0420DD0B84213
:106550000BD0604509D0A04207D0404505D0484542
:1065600003D0504501D0A84203D122F44076CA6836
:1065700032434E6922F08002324302608A68C2626E
:106580000A688262984209D0A04207D0404505D0EF
:10659000484503D0504501D0A84201D109690163A3
:1065A000012141610169C90703D0016921F001019D
:1065B0000161BDE8F08F0000002C014000040040A4
:1065C00000080040000C0040003401400050014031
:1065D00000400140004401400048014010B501F076
:1065E0001F030121046A99408C430462016A9A40A6
:1065F0001143016210BD10B5846842EA032224F4FD
:106600007F440A432243826010BD00008268034B2E
:106610001A400A4342F00701816070478FFFCFFFA5
:106620002DE9F047056A026A22F00102026243681E
:1066300082691F4C25F0020522400C6822F00302FB
:1066400014438A681C4E2A431A4D1C4FDFF870C051
:10665000DFF87090DFF870A0A84209D0B04207D0F0
:10666000B84205D0604503D0484501D0504506D119
:1066700022F00808CA6842EA080222F00402A8428E
:1066800009D0B04207D0B84205D0604503D0484594
:1066900001D0504505D14D6923F440731D438B69EA
:1066A0002B4343608461496841630262BDE8F0871F
:1066B0008FFFFEFF002C01400034014000400140EC
:1066C000004401400048014000500140F0B5056A17
:1066D000026A22F010020262426883691C4C1E4E5C
:1066E00023400C6823F4407343EA042425F020037C
:1066F0008D681A4F43EA0513164DA84203D0B042E5
:1067000001D0B84207D1D1F80CC023F0800343EA8E
:106710000C1323F04003A8420CD0B0420AD0104D15
:10672000A84207D00F4DA84204D00F4DA84201D077
:10673000B84207D14D6922F4406242EA85028D6970
:1067400042EA850242608461496881630362F0BD68
:10675000FF8FFFFE002C014000340140005001403B
:10676000004001400044014000480140F0B5056A86
:10677000026A22F4807202624368C2691C4C1E4E97
:1067800022400C6822F00302144325F400728D6845
:106790001A4F42EA0522174DA84203D0B04201D059
:1067A000B84207D1D1F80CC022F4006242EA0C22B0
:1067B00022F48062A8420CD0B0420AD0104DA84208
:1067C00007D0104DA84204D00F4DA84201D0B842C6
:1067D00007D14D6923F4405343EA05138D6943EA19
:1067E00005134360C4614968C1630262F0BD0000E3
:1067F0008FFFFEFF002C014000340140005001409B
:10680000004001400044014000480140F0B5056AE5
:10681000026A22F4805202624268C3691C4C1E4E16
:1068200023400C6823F4407343EA042425F4005306
:106830008D681A4F43EA0533164DA84203D0B04283
:1068400001D0B84207D1D1F80CC023F4004343EA89
:106850000C3323F48043A8420CD0B0420AD0104D30
:10686000A84207D00F4DA84204D00F4DA84201D036
:10687000B84207D14D6922F4404242EA85128D693F
:1068800042EA85124260C461496801640362F0BD56
:10689000FF8FFFFE002C01400034014000500140FA
:1068A00000400140004401400048014030B5056A05
:1068B000026A22F4803202624268036D124C234065
:1068C0000C681C4325F400330D8943EA05430F4D42
:1068D000A8420ED00E4DA8420BD00E4DA84208D0B3
:1068E0000D4DA84205D00D4DA84202D00C4DA84236
:1068F00004D14D6922F4803242EA052242600465E7
:1069000049688164036230BD8FFFFEFF002C0140A7
:106910000034014000400140004401400048014073
:106920000050014030B5046A026A22F4801202620B
:106930004268036D134D24F400142B400D6843EAA4
:1069400005230D8944EA05540F4DA8420ED00F4D82
:10695000A8420BD00E4DA84208D00E4DA84205D03B
:106960000D4DA84202D00D4DA84204D14D6922F42C
:10697000802242EA8522426003654968C16404625C
:1069800030BD0000FF8FFFFE002C014000340140AD
:1069900000400140004401400048014000500140D7
:1069A00010B5036A046A24F001040462846924F0C7
:1069B000F00444EA021423F00A020A4384610262EA
:1069C00010BD000070B5056A046A24F00104046279
:1069D0008469154EB04214D0B0F1804F11D0134EDF
:1069E000B0420ED0124EB0420BD0124EB04208D080
:1069F000114EB04205D0114EB04202D0104EB042FE
:106A000003D124F00304144301E044F001041A0705
:106A100024F0F00444EA126225F00A0301F00A01AE
:106A200019438261016270BD002C014000040040E6
:106A300000080040000C00400034014000400140CC
:106A40000050014010B5036A046A24F01004046287
:106A5000846923F0A00324F4704444EA023243EA38
:106A600001118261016210BD30B5046A056A25F02A
:106A700010050562856925F4407545EA022222F475
:106A800070454FF6FF7202EA033224F0A0032A4356
:106A9000A02404EA011119438261016230BD0000A3
:106AA00070B51949194D4FF4005408700022214661
:106AB0002846FBF764FD052213493020FFF7F8F85C
:106AC000052211492A20FFF7F3F801212120FFF7C1
:106AD00015F901212220FFF711F91A212420FFF7CF
:106AE0000DF928212520FFF709F90F212620FFF7AE
:106AF00005F90E212020FFF701F921462846BDE8BF
:106B000070400122FBF73BBD6001002000080048F7
:106B100010B514212DED028B1E48FAF767FCF9F72A
:106B200045FD9FED1D1B53EC112BF9F7CDFC9FED9F
:106B30001C1B53EC112BF9F7C7FCF9F757FDF9F7BC
:106B400042FD9FED191B53EC112BF9F716FCF9F7D9
:106B50004DFD08EE100A18EE100AF9F734FD41EC6D
:106B6000100B13A053EC102BFAF7AFF9B1EE040A97
:106B7000DFED140A30EE480A60EE200A80EE880A43
:106B8000FAF718F9BDEEC00A0F4880ED030ABDEC14
:106B9000028B10BD8000501D6666666666660A4000
:106BA000000000000000303F9A9999999999A93FF7
:106BB000746F74616C5F76616C3A25302E33662E8B
:106BC0000D0A000000007A44A001002001490020C5
:106BD0000870704700000020F8B53E4C3E4E02465B
:106BE0000327E17C00253068062A1DD2DFE802F089
:106BF000034A1D2152650B2913D10A2001F0E8FD3B
:106C00004FF480664FF09047002231463846FBF73C
:106C1000B6FC642001F0DCFD012231463846FBF76A
:106C2000AEFC2574FF20E074F8BD2C4805700220EE
:106C30002CE002F0CBFD30B1002300951A46032171
:106C4000306802F08FFDFAF7A3F8FAF763FB032828
:106C500001D32774F8BD224E306802F0B7FD00283A
:106C6000F8D1F9F789FEFAF755FB0328F2D202F0C2
:106C7000AFFB0246009500230121306802F072FD4F
:106C80002574F8BD012009B1012901D02074F8BD97
:106C90000520FBE7FAF77CF804202074306802F046
:106CA00095FD0028F3D102F093FB024600950023E6
:106CB0000121306802F056FDF8BD02F087FD30B1C9
:106CC000002300951A460321306802F04BFDFAF7C5
:106CD0005FF8BEE7A001002020010020FC0000209A
:106CE0002401002008B51048FDF71AFC0E48006882
:106CF000C169C90616D5102101620C48B0F88000A0
:106D000002280FD90A486946006802F01AF900986B
:106D1000002807D007494FF080500860BFF34F8F1D
:106D2000BFF36F8F08BD0000DC0400204433002057
:106D30002800002004ED00E030B5416EB9B10268D2
:106D400091689268C1F342610B4B520F9C5CE50065
:106D500003F10804A25CB5FBF2F2A0F86A205A5CC9
:106D6000615CD200B2FBF1F1A0F8681030BD0121E6
:106D7000A0F86A10F8E700001498000890F82810AE
:106D8000090706D501684A68836B22F400421A435A
:106D90004A6090F82810C90706D001684A68C36A9B
:106DA00022F400321A434A6090F82810890706D569
:106DB00001684A68036B22F480321A434A6090F8F3
:106DC0002810490706D501684A68436B22F48022DF
:106DD0001A434A6090F82810C90606D501688A68E7
:106DE000C36B22F480521A438A6090F828108906F7
:106DF00006D501688A68036C22F400521A438A603F
:106E000090F82810490611D501684A68436C22F4AD
:106E100080121A434A60416CB1F5801F06D10168A7
:106E20004A68836C22F4C0021A434A6090F8281022
:106E3000090606D501684A68C06C22F400220243A4
:106E40004A6070472DE9F84300260446C0F8906078
:106E5000FBF79AFB8046206800684FF0200500078A
:106E60006FF07E4713D54346002229042046009741
:106E700000F0ACFC58B1216851E8000F20F0800010
:106E800041E80002002AF6D1C4F8885021E02068C9
:106E90000068400722D5434600224FF48001204677
:106EA000009700F093FCC8B1216851E8000F20F46E
:106EB000907041E80002002AF6D12068083050E8BE
:106EC000001F21F0010140E80012002AF5D1C4F8AA
:106ED0008C5084F884600320BDE8F883C4F888509F
:106EE000C4F88C5044F86C6F666026760020F3E797
:106EF00010B5806A0021A0F85E10FDF710FB10BDF0
:106F000010B5026852E8001F21F4907142E80013A6
:106F1000002BF6D10E4B0268083252E8001F1940D0
:106F200042E80014002CF6D1C16E012908D1016895
:106F300051E8002F22F0100241E80023002BF6D187
:106F40002021C0F88C100021C166416710BD0000EF
:106F5000FEFFFFEF10B5B0F86020D0F88C3001686C
:106F6000222B04D0886940F00800886110BD496A6E
:106F7000836D11401980816D891C8165B0F85E10A8
:106F8000491EA0F85E10B0F85E100029EED102682C
:106F900052E8001F21F4907142E80013002BF6D153
:106FA0000168083151E8002F22F0010241E8002376
:106FB000002BF5D12021C0F88C100021416701671A
:106FC000154B02689A420BD05268120208D503682A
:106FD00053E8002F22F0806243E80024002CF6D111
:106FE000C26E012A02D0FDF709FD10BDC16602681C
:106FF00052E8001F21F0100142E80013002BF6D1E7
:107000000168CA69D243D20601D410220A62B0F8DC
:107010005C10FDF734FA10BD008000402DE9F04708
:107020000446B0F860600068C569D0F800A0D0F8E8
:107030000890D4F88C10222905D0816941F008010C
:107040008161BDE8F087B4F868704FF0000844E053
:107050002068406AA16D30400880A06D801CA0654A
:10706000B4F85E00401EA4F85E002068C569690798
:1070700030D0E9070AD05FEACA5107D50121016281
:10708000D4F8900040F00100C4F89000A8070BD598
:107090005FEAC97008D0216802200862D4F8900025
:1070A00040F00400C4F8900068070BD55FEAC9708F
:1070B00008D0216804200862D4F8900040F0020053
:1070C000C4F89000D4F8900020B12046FDF727FACC
:1070D000C4F89080B4F85E0000B30FB1A806B7D42E
:1070E000B4F85E000028ACD0B4F868108142A8D98A
:1070F0002068083050E8001F21F0805140E800125D
:10710000002AF5D12A486067206850E8001F41F046
:10711000200140E80012002AF6D192E7216851E8E8
:10712000000F20F4807041E80002002AF6D1214AC5
:107130002068083050E8001F114040E80013002B81
:10714000F6D12020C4F88C00C4F874804046C4F8FE
:107150007080194A216891420BD04968090208D50C
:10716000226852E8001F21F0806142E80013002BE2
:10717000F6D1E16E012903D02046FDF73FFCAFE7D1
:10718000E066216851E8000F20F0100041E800029D
:10719000002AF6D12068C169C943C90601D410216B
:1071A0000162B4F85C102046FDF769F998E7000029
:1071B000556F0008FEFFFFEF0080004010B5B0F8EB
:1071C0006020D0F88C300168222B04D0886940F010
:1071D0000800886110BD496A1140826D1170816D8F
:1071E000491C8165B0F85E10491EA0F85E10B0F829
:1071F0005E100029EED1016851E8002F22F4907250
:1072000041E80023002BF6D10168083151E8002F36
:1072100022F0010241E80023002BF5D12021C0F823
:107220008C10002141670167154B02689A420BD010
:107230005268120208D5036853E8002F22F08062DA
:1072400043E80024002CF6D1C26E012A02D0FDF7DB
:10725000D5FB10BDC166026852E8001F21F0100185
:1072600042E80013002BF6D10168CA69D243D20666
:1072700001D410220A62B0F85C10FDF700F910BDCD
:10728000008000402DE9F0470446B0F860600068D7
:10729000C569D0F800A0D0F80890D4F88C10222945
:1072A00005D0816941F008018161BDE8F087B4F83B
:1072B00068704FF0000844E02068406AA16D3040DB
:1072C0000870A06D401CA065B4F85E00401EA4F8D4
:1072D0005E002068C569690730D0E9070AD05FEA17
:1072E000CA5107D501210162D4F8900040F0010095
:1072F000C4F89000A8070BD55FEAC97008D02168D0
:1073000002200862D4F8900040F00400C4F8900015
:1073100068070BD55FEAC97008D0216804200862AD
:10732000D4F8900040F00200C4F89000D4F8900027
:1073300020B12046FDF7F3F8C4F89080B4F85E0061
:1073400000B30FB1A806B7D4B4F85E000028ACD0E3
:10735000B4F868108142A8D92068083050E8001FAE
:1073600021F0805140E80012002AF5D12A486067D8
:10737000216851E8000F40F0200041E80002002A97
:10738000F6D192E7216851E8000F20F4807041E8BF
:107390000002002AF6D1214A2068083050E8001F78
:1073A000114040E80013002BF6D12020C4F88C00D7
:1073B000C4F874804046C4F87080194A216891422C
:1073C0000BD04968090208D5226852E8001F21F055
:1073D000806142E80013002BF6D1E16E012903D051
:1073E0002046FDF70BFBAFE7E066206850E8001F82
:1073F00021F0100140E80012002AF6D12068C1698E
:10740000C943C90601D410210162B4F85C102046BA
:10741000FDF735F898E70000BD710008FEFFFFEFAB
:10742000008000402DE9F04104460168806822692F
:10743000E3691043626900251A431043DFF84CC228
:107440000A68934B1A4002430A6020684168E26868
:1074500021F44051114341602168A069614501D088
:10746000226A10438A688B4B1A4002438A60206864
:10747000C16A626A21F00F011143C1628649236823
:1074800086488B420DD1D0F8880010F0030006D05A
:10749000012867D0022854D0032851D164E001208C
:1074A0004FE07F498B420BD1D0F8880010F00C00E0
:1074B00047D0042845D0082852D00C2840D153E0AA
:1074C00078498B420BD1D0F8880010F0300038D0CA
:1074D000102847D0202843D0302831D144E07249C9
:1074E0008B420BD1D0F8880010F0C00029D0402882
:1074F00038D0802834D0C02822D135E06B498B4267
:107500000ED1D0F8880010F440701AD0B0F5807F0A
:1075100028D0B0F5007F23D0B0F5407F10D123E014
:1075200063450DD1D0F8880010F4406009D0B0F563
:10753000806F17D0B0F5006F12D0B0F5406F13D048
:1075400010205B4A5B4F00264FF40041634539D160
:1075500060B102280DD004280DD0082831D10EE0EA
:107560000220EEE70420ECE70820EAE7FBF7ECFE58
:1075700003E0114603E0FBF70BFF01007BD0606ADC
:1075800037F810206768B1FBF2F007EB470383423E
:1075900069D8B0EB073F66D8002308461946F8F7CC
:1075A00097FE090241EA1061020278081018714141
:1075B0003A460023F8F78CFE3F4AA0F5407191420D
:1075C00057D950E0E3694FF6EF788B422BD1092869
:1075D00049D2DFE800F005080D48254848480E006C
:1075E000FBF7B2FE01E0FBF7C1FE010001D142E072
:1075F0001146606A37F81000B1FBF0F04100606896
:1076000001EB5001B1FBF0F1A1F1100040452AD887
:107610004FF6F07201EA0200C1F34201084328E08C
:10762000FBF7B6FEE1E709281DD2DFE800F0050808
:107630000D1C1E1C1C1C0E00FBF786FE01E0FBF758
:1076400095FE010001D116E01146606A37F810007E
:10765000B1FBF0F1606801EB5001B1FBF0F0A0F17B
:107660001001414504D9012505E0FBF791FEE8E74B
:1076700080B22168C8600120A4F86A0024F8680F6D
:107680002846E6602661BDE8F081000000800040E9
:10769000F369FFCFFFF4FF110038014000100240F2
:1076A0000044004000480040004C004000500040B2
:1076B0000024F400FC970008FFFC0F0070B5816502
:1076C000A0F85C20A0F85E200023436781684FF497
:1076D0008056FF24B14204D10169F9B940F2FF118B
:1076E00022E07F25C1B1B1F1805F1AD0A0F86030EF
:1076F000C0F890302221C0F88C100168083151E8A0
:10770000003F43F0010341E80034002CF5D1416E05
:10771000B1F1005F0ED031E0016941B9A0F86040DD
:10772000E6E7016919B13F21A0F86010E0E7A0F891
:107730006050DDE7B0F8681091421FD88168B1420F
:1077400001D10169B9B11D494167016941B10268BF
:1077500052E8001F41F4807142E80013002BF6D17B
:107760000168083151E8002F42F0805241E80023BF
:10777000002BF5D120E012494167F1E78168B14261
:1077800001D1016969B10F494167016959B10268C5
:1077900052E8001F41F4907142E80013002BF6D12B
:1077A0000AE009494167026852E8001F41F02001E0
:1077B00042E80013002BF6D1002070BD857200084E
:1077C0001D700008BD710008556F00082DE9F047D5
:1077D000994617460D4604464FF00008089E33E0D0
:1077E000701C31D0FAF7D0FEA0EB0900B04218D8D7
:1077F000BEB120680168490726D5802D24D0402DD0
:1078000022D0C169C94309070DD408250562204665
:10781000FFF776FBC4F8905084F884800120BDE81F
:10782000F0870320FBE7C069C04300050CD4216842
:107830004FF4006008622046FFF762FB2020C4F886
:10784000900084F88480ECE72068C06935EA000085
:1078500004D00020B842C3D00020E0E70120F9E7BF
:107860008AB2014664230148FDF7E4B8DC04002035
:10787000FEE70907090E002804DB00F1E02080F88C
:107880000014704700F00F0000F1E02080F8141D94
:10789000704702E008C8121F08C1002AFAD17047D9
:1078A0007047002001E001C1121F002AFBD1704780
:1078B00030B587B014216846F8F754FD1948C16CFB
:1078C00041F00201C164C06C174D00F00200059048
:1078D000002280212846FAF752FE01224021284644
:1078E000FAF74DFE012251022846FAF748FE01211F
:1078F00000244FF43070CDE90214CDE9000169464F
:107900002846FAF70BFD2020CDE9000469462846F9
:107910000294FAF703FD012220212846FAF72FFEF0
:1079200007B030BD00100240000400482DE9F041CE
:1079300000251F4F06462C462A4680213846FAF776
:107940001EFE300601D5012200E00022402138460B
:10795000FAF715FE7006060E012280213846FAF766
:107960000EFE00BF00BF00BF00BF00BF00BF00BFD2
:1079700000BF6006040E20213846FAF7F3FD012807
:1079800001D144F00104002280213846FAF7F7FDC6
:1079900000BF00BF00BF00BF00BF00BF00BF00BFEF
:1079A0006D1CEDB2082DCCD32046BDE8F08100005F
:1079B0000004004810B5FBF721F9FEF754FDFDF770
:1079C00027FDFDF787FCFDF7CFFCFDF7CDFEFDF7AA
:1079D0007DFEFDF761FFFDF75FFEFFF769FFFEF734
:1079E00083F800F007F8FDF7FDFC00F015F8002023
:1079F00010BD0000EFF3058010B16FF00500704777
:107A00000448016811B14FF0FF3070470121016057
:107A100000207047B800002010B5EFF3058010B1CA
:107A20006FF0050010BD08480168012902D04FF031
:107A3000FF3010BD054A002182F8141D02210160AB
:107A400000F0BEFF002010BDB80000200BE000E0F9
:107A50003EB5164C2079012826D10821144800F0A3
:107A600065FD134A608111894BBA124983420ED1D8
:107A7000908840BA4860D08840BA0860508840BAC0
:107A8000C860020403D5C0F30E004042C8600A4B30
:107A9000D1E90020DB7C8DE80D000848CB68217916
:107AA00002880748F9F711FA3EBD0000E8000020FF
:107AB00030330020C4010020A00100200400002079
:107AC000D89A00082DE9F041134C0F460546E668A8
:107AD0002068001D00F040FD681C07D137B1216807
:107AE000BDE8F0410D48091D00F08EBD2068354409
:107AF000B5424560216805D2A06BBDE8F041091D83
:107B000000F06ABD606B091D00F066FDA06A854249
:107B100000D2A562BDE8F08168000020400B002083
:107B20002DE9F041054600F07BFD2D4CA068401C7E
:107B3000A06020682B4F10B1606930B32BE0256046
:107B4000A068012827D1002606EB860007EB8000FD
:107B500000F034FD761C382EF6D3234800F02EFDBD
:107B60002148143000F02AFD1F48283000F026FD7F
:107B70001D483C3000F022FD1B48503000F01EFD37
:107B8000194860631430A06305E02068E96AC06AA0
:107B9000884200D82560606A401C60626864E86AB8
:107BA0002169884200D9206100EB800007EB80004A
:107BB000291D00F029FD00F053FD606900280CD05C
:107BC0002068E96AC06A884207D208494FF08050AD
:107BD0000860BFF34F8FBFF36F8FBDE8F0810000E7
:107BE0006800002090060020F00A002004ED00E06C
:107BF00038B500F015FD104C2068C8B90F4800F0EA
:107C0000DDFC0E48143000F0D9FC0C48E060143064
:107C100020610A4B0020F03B009003F1500210213C
:107C20000A2001F007F8206010B105A100F09AFDCC
:107C3000BDE8384000F014BDA4000020440C002032
:107C4000546D72510000000030B4026C0B46002AE3
:107C50000BD0C1681144C1608468A14201D301689E
:107C6000C16030BC1846F8F764BB30BC70472DE9E2
:107C7000F041856B174604460026026C82B1C7B1FD
:107C8000E068F8F756FBE168206C091AE1602268A9
:107C9000914202D2A168081AE060022F16D017E0C4
:107CA0002068A8B9A06801F0FDFB06460020A0608E
:107CB0000EE06068F8F73DFB216C60680844606086
:107CC000A168884204D32068606001E005B16D1EA0
:107CD0006D1CA5633046BDE8F08110B5044690F8F0
:107CE000590058B101280CD002280FD0502080F341
:107CF0001188BFF34F8FBFF36F8FFEE7206B00F04B
:107D0000C3FC2046BDE8104000F0BEBC10BD000022
:107D100010484FF40051420706D0C01D0D4920F015
:107D20000700411AC1F500510B4A00230144C2E982
:107D300000030839183A21F0070111604B600B600D
:107D40000B1AC0E9001393604FF00040536050617C
:107D50007047000024130020D4000020144E154C5E
:107D6000A6F29C474FF08058DFF84C9012E000BF1D
:107D700000F056FCF068C568281D00F0EDFBA06817
:107D8000401EA0606068401E606000F069FC2846EC
:107D9000FFF7A3FF60680028EAD138680128F9D905
:107DA000C9F80080BFF34F8FBFF36F8FF2E7000079
:107DB0002C0B00206800002004ED00E0002807D014
:107DC0000021816001600B460A46C16000F0AABF35
:107DD0007047000070B51D46049C51B1C4F80020E6
:107DE000C4E90F010121204600F058FF84F84C50EF
:107DF00070BD2460F4E700002DE9F05F8846DDE9FE
:107E00000B941546834691009A460A9EA522206B44
:107E1000F8F7A1FA6FF00301206B01EB850108442C
:107E200020F00707780707D0502080F31188BFF3B0
:107E30004F8FBFF36F8FFEE70025B8F1000F0FD013
:107E40005FF00000221818F8001082F8341018F8BB
:107E5000001011B1401C1028F4D384F8435001E005
:107E600084F83450382E00D33726E662C4E913650F
:107E7000201D00F0AEFB04F1180000F0AAFB246105
:107E8000C6F138006462A061656584F858505246B6
:107E90005946384600F098FA2060B9F1000F01D039
:107EA000C9F80040BDE8F09F2DE9F0471E46DDE926
:107EB000089417460D00804615D0002C11D0FFF70E
:107EC00097FE04F11801C4F8008081E86002201DCB
:107ED00000F07FFB002F04D014F8280F40F00400BE
:107EE0002070BDE8F087502080F31188BFF34F8FDA
:107EF000BFF36F8FFEE7000030B5114900E0114677
:107F00000A688242FBD34B685C18844203D1406804
:107F100018444860084643681C18944209D1084C2C
:107F2000183C2468A24209D052681A4442600A6888
:107F300012680260814200D0086030BD0460F9E739
:107F4000D400002070B5002441600B4D00619142C7
:107F500006D8D11A8269914206D2011D286907E02C
:107F60009A4203D2994201D3012403E0011DE8683B
:107F700000F032FB204670BDA400002010B504467E
:107F800000F04EFBA06B28B15FF0000400F068FB2E
:107F9000204610BD0124F9E730B589B03C4D6EE0B4
:107FA0000498002806DADDE90601059A904704984E
:107FB000002864DB069C606910B1201D00F0CCFA3B
:107FC00003A800F0D7F8024604980A2857D2DFE841
:107FD00000F00505052D334A05052D3394F82800DA
:107FE00040F0010084F828000599A069059B014430
:107FF0002046FFF7A7FF68B3216A2046884794F818
:10800000280040073BD5002000900598A169002377
:1080100042181946204601F0A5FBD8B9502080F33C
:108020001188BFF34F8FBFF36F8FFEE714F8280F4F
:1080300020F00100207022E094F8280040F00100B8
:1080400084F828000598A06128B1811813462046BD
:10805000FFF778FF13E0502080F31188BFF34F8FB4
:10806000BFF36F8FFEE794F82800810703D4204602
:1080700000F00AFB03E020F0010084F82800002251
:1080800004A9286800F0ACFF002889D109B030BDF0
:10809000A40000202DE9FC410F46054600F0D4FC69
:1080A00001A800F067F80446019818B101F0AEFA93
:1080B000BDE8FC81254EAFB130690068D0B3002720
:1080C000291B3A46306800F061FB01F09FFA002856
:1080D000EED11F494FF080500860BFF34F8FBFF3C0
:1080E0006F8FE5E7A542EBD801F090FAF0682746DC
:1080F000C068C468201D00F02FFA94F828004107DA
:1081000019D5A0692B4641193A462046FFF71AFFB8
:10811000A8B100200346014600902A46204601F0FF
:1081200021FB60B9502080F31188BFF34F8FBFF35C
:108130006F8FFEE707E020F0010084F82800216A35
:1081400020468847B4E70127BAE70000A4000020D2
:1081500004ED00E00648416B096829B1416BC9682C
:10816000C9684968816270474FF0FF31FAE7000043
:108170006800002070B5054601F02AF9064E044655
:10818000B068844203D200F009F8012000E000202A
:1081900028602046B46070BDA4000020F8B5194DD9
:1081A00020E0C068C4680668201D00F0D5F9216A87
:1081B0002046884794F82800400713D5A06930442A
:1081C000B04206D924616060211DE86800F004FA1D
:1081D00008E000200346014600903246204601F0A8
:1081E000C1FA38B1E86801680029DAD12969C5E91E
:1081F0000310F8BD502080F31188BFF34F8FBFF3F9
:108200006F8FFEE7A4000020002101E0401C491C04
:108210000278A52AFAD0C1F38F0070470848406859
:10822000401C4FF0500080F3118804D0BFF34F8FF3
:10823000BFF36F8FFEE7BFF34F8FBFF36F8FFEE784
:10824000DC000020074CE068016841B1C0680021F3
:10825000D0F80000FFF71EFFFFF79EFEF3E70121B5
:108260000020F7E7A40000202DE9F041044600F0CB
:10827000D7F994F9455004F1240609E0606A48B141
:10828000304601F08BF908B100F018FB6D1E6DB29D
:10829000002DF3DC4FF0FF3684F8456000F0E0F984
:1082A00000F0BEF994F9445004F1100709E0206988
:1082B00048B1384601F072F908B100F0FFFA6D1EBE
:1082C0006DB2002DF3DC84F84460BDE8F04100F0AD
:1082D000C7B900002DE9F0410546002700F0B4FBC6
:1082E000324E306808B9FFF713FD706905424ED170
:1082F000C5B3083568070ED005F00700C0F10800C7
:108300000544680707D0502080F31188BFF34F8FD2
:10831000BFF36F8FFEE72DB37068854237D82348CF
:10832000183001460C6801E020460C466168A942FD
:1083300002D221680029F7D131688C4227D0076822
:108340002168016060680837411B10290FD9601946
:10835000420708D0502080F31188BFF34F8FBFF33E
:108360006F8FFEE713E041606560FFF7C5FD616850
:108370007068401A7060B268904200D2B060706954
:1083800001430020C4E90001F068401CF06001F0E6
:108390003DF9780707D0502080F31188BFF34F8F45
:1083A000BFF36F8FFEE73846BDE8F081BC000020C8
:1083B0000449086818B10868026D521C0265086813
:1083C000704700006800002010B5031F4FF0807454
:1083D0001C601B1F21F001011960191F044B0B6069
:1083E00014390A60091F6FF0020244380A6010BD98
:1083F0001D8200081CB500F013F92A490420CDE9BC
:1084000000010023C82228A12B4800F07BFF2B4944
:108410000820CDE900010023FA2229A12B4800F011
:1084200071FF2B490620CDE900010023FA2229A182
:108430002D4800F067FF2D490F20CDE900010023F2
:10844000FA222BA12D4800F05DFF2D490C20CDE92B
:1084500000010023FA222BA12E4800F053FF032233
:108460000021012000F0C5FB2B49032208600021F8
:10847000012000F0BEFB29490322086000210120F1
:1084800000F0B7FB26490860012000F0A7FB254952
:1084900008602548006800F0C1F9BDE81C4000F004
:1084A000DFB800000C0000204C656450726F635F01
:1084B0007461736B00000000054F0008100000207D
:1084C000506572696F645F7461736B00615D000871
:1084D000140000204661756C7448616E646C6572AE
:1084E0005F7461736B000000FD120008180000202B
:1084F000426C6550726F5F7461736B00C90900084C
:108500001C00002052533438355F50726F635F7423
:1085100061736B00F95F0008200000202800002034
:10852000240000202C0000200800002070B5094D18
:10853000FF231A4605F5807606E000BF10F8014BD0
:1085400054402A5D5A40335D491E89B2F6D242EA50
:10855000032070BD41980008D0E9013201699A609A
:10856000D0E901235A604A68824201D182684A6098
:10857000002202610868401E086008687047000019
:1085800008B902480068006BFFF73EBE6800002093
:10859000034B036003F15C000860802010607047AB
:1085A0006C0C0020044B036003F15C0008604FF486
:1085B0008070106070470000C80E002000F10801B4
:1085C0004FF0FF32C0E90112C1600161002101607A
:1085D000704700210161704730B50B685A1C02D00A
:1085E00000F1080202E0026904E0224654682568AE
:1085F0009D42FAD953684B6099608A605160086166
:108600000168491C016030BD42684A6093688B6014
:1086100093685960916008610168491C0160704766
:10862000502080F31188BFF34F8FBFF36F8F0A493B
:108630004868401C486001280CD10848006810F0C8
:10864000FF0F07D0502080F31188BFF34F8FBFF387
:108650006F8FFEE770470000DC00002004ED00E0B3
:108660000849486828B1401E486001D180F311884C
:108670007047502080F31188BFF34F8FBFF36F8F87
:10868000FEE70000DC00002070B500282AD0164D5F
:10869000A0F1080460686969084207D1502080F39E
:1086A0001188BFF34F8FBFF36F8FFEE722683AB197
:1086B000502080F31188BFF34F8FBFF36F8FFEE719
:1086C0008843606000F0C0F96068696808446860C9
:1086D0002046FFF711FC2869401C2861BDE8704066
:1086E00000F094BF70BD0000BC0000204FF0E020FF
:1086F00000210161816105494FF47A720968B1FB7B
:10870000F2F1491E416107210161704764000020B8
:1087100010B5F7F7C7FD114910280ED300F1E0207E
:1087200090F8F0030A78904207D2502080F3118825
:10873000BFF34F8FBFF36F8FFEE70948006889686A
:1087400000F4E060884207D9502080F31188BFF31D
:108750004F8FBFF36F8FFEE710BD0000DC000020DD
:108760000CED00E010B5084B002200BF53F832407A
:108770001CB1521C082AF9D310BD43F8321003EB88
:10878000C201486010BD00005006002070B51546BB
:108790000E460446FFF744FF94F944100020491C9C
:1087A00001D184F8440094F94510491C01D184F8A2
:1087B0004500FFF755FFA06B28B92A46314604F162
:1087C000240000F099F82046BDE87040FFF74CBD4A
:1087D00010B5020014D00F48006B38B1502080F360
:1087E0001188BFF34F8FBFF36F8FFEE700F02CF9B6
:1087F00000211046FFF766F900F008FF002807D1B6
:1088000005494FF080500860BFF34F8FBFF36F8F63
:1088100010BD00006800002004ED00E070B50546C2
:10882000FFF7FEFE1E4C05B92568281DFFF794FED4
:10883000A86A18B105F11800FFF78EFE606A401CA7
:1088400060622068854207D1291D1648FFF7DCFECB
:108850006068401C606007E0A068401EA060284679
:10886000FFF73BFAFFF776FCFFF7FAFE6069002896
:1088700014D02068854211D1206B38B1502080F38C
:108880001188BFF34F8FBFF36F8FFEE706494FF09C
:1088900080500860BFF34F8FBFF36F8F70BD000033
:1088A000680000202C0B002004ED00E002490A6A59
:1088B0000260C968416070476800002001490120DA
:1088C000C86170476800002010B50C4650B10949D6
:1088D00009681831FFF780FE2046BDE810400121ED
:1088E000FFF7F0B8502080F31188BFF34F8FBFF32C
:1088F0006F8FFEE76800002070B514460D4668B122
:108900000A4909681831FFF77FFE0CB14FF0FF35B7
:1089100021462846BDE87040FFF7D4B8502080F3C8
:108920001188BFF34F8FBFF36F8FFEE76800002001
:1089300070B504003ED0226DA2B1E06C884200D335
:108940000146E06A884235D0012A33D11A4D2A689F
:1089500094420FD1502080F31188BFF34F8FBFF3A3
:108960006F8FFEE7502080F31188BFF34F8FBFF366
:108970006F8FFEE7E162A269002A02DBC1F13801D4
:10898000A1610E4E00EB8000616906EB8000814220
:1089900010D1201DFFF7E0FDE06A2969884200D967
:1089A000286100EB800006EB8000211DBDE87040CF
:1089B000FFF72ABE70BD000068000020900600206E
:1089C00030B587B00024039405AA04A903A8049431
:1089D000FFF7DEFDDDE903010094CDE9011000237E
:1089E00015A11748059A00F0BAFC164D0028E86258
:1089F0001FD000F087FE012809D0401C19D150205B
:108A000080F31188BFF34F8FBFF36F8FFEE75020C5
:108A100080F31188BFF34F8FBFF36F8F4FF0FF309C
:108A2000A86201206861EC6007B0BDE8304000F04A
:108A300045B807B030BD000049444C450000000077
:108A40005D7D0008680000200248016B491C01633D
:108A50007047000068000020164810B5016B11B186
:108A60000121C16110BD0021C1610169124A01E00B
:108A7000B9B1491E01EB810352F82330002BF7D026
:108A800001EB810302EB830202F1080453685B6887
:108A90005360A34201D15B685360DA6802600161F0
:108AA00010BD502080F31188BFF34F8FBFF36F8F3D
:108AB000FEE7000068000020900600201CB5374843
:108AC0000168374A914207D1502080F31188BFF3E3
:108AD0004F8FBFF36F8FFEE700683149491E884210
:108AE00007D1502080F31188BFF34F8FBFF36F8FF2
:108AF000FEE72C4908780190FF20087008788DF86F
:108B000000009DF800009DF8002000F0F000904269
:108B100007D0502080F31188BFF34F8FBFF36F8FC2
:108B2000FEE79DF80000204C00F050002070072068
:108B3000A06005E09DF8002052008DF80020401E46
:108B40009DF800201206F5D4A060032807D050201D
:108B500080F31188BFF34F8FBFF36F8FFEE74FF4A1
:108B60004070A060019808700C482030016841F402
:108B700070010160016841F070410160FFF7B6FDCE
:108B800000206060F7F756FB0848016841F040415B
:108B90000160F7F73BFB00201CBD000000ED00E08A
:108BA00071C20F4100E400E0DC00002034EF00E07F
:108BB00010B5502080F31188BFF34F8FBFF36F8F34
:108BC00000F00CFC18B104494FF080500860002000
:108BD00080F3118810BD000004ED00E010B50246DE
:108BE0000021012000F005F80446FFF7E7F82046D1
:108BF00010BDF8B517460E46050013D005FB06F06C
:108C00005030FFF767FB04000AD0002084F84600CC
:108C100004F150023B46314628460094FFF7DAF84B
:108C20002046F8BD502080F31188BFF34F8FBFF36B
:108C30006F8FFEE738B5049D18B153B1CAB181B149
:108C400020E0502080F31188BFF34F8FBFF36F8F68
:108C5000FEE7502080F31188BFF34F8FBFF36F8F73
:108C6000FEE7502080F31188BFF34F8FBFF36F8F63
:108C7000FEE739B1502080F31188BFF34F8FBFF367
:108C80006F8FFEE750241C46012384F846302B46A4
:108C90000094FFF79FF8204638BD000070B50D46E0
:108CA000040025D0FFF7BCFCD4E90F20216802FBAB
:108CB0000011A1600021A163216861600A46D4E926
:108CC0000F01401E00FB0121E16021464FF0FF3003
:108CD00001F8440F487004F110008DB1FFF76EFCED
:108CE00004F12400FFF76AFCFFF7BAFC012070BD15
:108CF000502080F31188BFF34F8FBFF36F8FFEE7D3
:108D000021690029F0D000F049FC0028ECD004498A
:108D10004FF080500860BFF34F8FBFF36F8FE3E7D2
:108D200004ED00E02DE9FF4782B01D468A464FF072
:108D30000008040003D0BAF1000F08D011E0502061
:108D400080F31188BFF34F8FBFF36F8FFEE7206C66
:108D500038B1502080F31188BFF34F8FBFF36F8F6E
:108D6000FEE7022D0AD1E06B012807D0502080F3E6
:108D70001188BFF34F8FBFF36F8FFEE700F01AFB30
:108D80003F4F4FF000094FF0805648B9049838B172
:108D9000502080F31188BFF34F8FBFF36F8FFEE732
:108DA000FFF73EFCA06BE16B884207D3022D05D094
:108DB0000498D0B1B8F1000F1AD01EE02A465146EF
:108DC0002046FEF754FF616A19B104F1240000F057
:108DD000E5FB20B13E60BFF34F8FBFF36F8FFFF70E
:108DE0003FFC012006B0BDE8F087FFF739FC22E028
:108DF0006846FFF75BFD4FF00108FFF731FCFFF716
:108E000023FEFFF70DFC94F94400401C01D184F8C7
:108E1000449094F94500401C01D184F84590FFF737
:108E20001FFC04A9684600F033FA30B12046FFF772
:108E30001BFA00F0EBFB0020D4E7FFF7F1FBA06B7F
:108E4000E16B884213D1FFF70BFC04F11000049989
:108E5000FFF73AFD2046FFF707FA00F0D7FB00289E
:108E60009ED13E60BFF34F8FBFF36F8F98E7FFF740
:108E7000F7FB2046FFF7F8F900F0C8FB90E7000089
:108E800004ED00E02DE9F0471F46904689460400B6
:108E900003D0B9F1000F08D011E0502080F3118801
:108EA000BFF34F8FBFF36F8FFEE7206C38B15020B8
:108EB00080F31188BFF34F8FBFF36F8FFEE7022F50
:108EC0000AD1E06B012807D0502080F31188BFF34E
:108ED0004F8FBFF36F8FFEE7FFF71AFC5020EFF3C1
:108EE000118680F31188BFF34F8FBFF36F8FA06B94
:108EF000E16B884206D3022F04D0002086F311884C
:108F0000BDE8F08794F94550A06B3A4649462046A3
:108F1000FEF7ADFE681C04D06D1C84F8455001209E
:108F2000ECE7606A0028FAD004F1240000F036FB78
:108F30000028F4D0B8F1000FF1D00121C8F80010DA
:108F4000EDE770B50E46040009D0206C78B15020D2
:108F500080F31188BFF34F8FBFF36F8FFEE7502070
:108F600080F31188BFF34F8FBFF36F8FFEE7206848
:108F700048B9A06838B1502080F31188BFF34F8FF3
:108F8000BFF36F8FFEE7FFF7C3FB5020EFF31185B0
:108F900080F31188BFF34F8FBFF36F8FA16BE06B2E
:108FA000884218D994F94500491CA163411C04D09A
:108FB000401C84F8450001200EE0606A0028FAD0C9
:108FC00004F1240000F0EAFA0028F4D0002EF2D0D8
:108FD00001203060EFE7002085F3118870BD0000AC
:108FE0002DE9F747002683B08A46040003D0BAF182
:108FF000000F08D011E0502080F31188BFF34F8F8D
:10900000BFF36F8FFEE7206C38B1502080F31188DA
:10901000BFF34F8FBFF36F8FFEE700F0CBF9DFF8A0
:10902000F4804FF000094FF0805748B9059838B1E7
:10903000502080F31188BFF34F8FBFF36F8FFEE78F
:10904000FFF7EEFAA56BC5B151462046FEF7FCFDD1
:109050006D1EA563206950B104F1100000F09EFA66
:1090600028B1C8F80070BFF34F8FBFF36F8FFFF7C1
:10907000F7FA012006B0BDE8F087059808B11EB1E7
:1090800006E0FFF7EDFA27E06846FFF70FFC012640
:10909000FFF7E6FAFFF7D8FCFFF7C2FA94F94400AD
:1090A000401C01D184F8449094F94500401C01D142
:1090B00084F84590FFF7D4FA05A9684600F0E8F86F
:1090C000002820460AD0FFF7CFF800F09FFA20468C
:1090D000FEF754FF0028B3D00020CBE7FEF74EFF89
:1090E00090B104F124000599FFF7EEFB2046FFF74D
:1090F000BBF800F08BFA0028A2D1C8F80070BFF3CB
:109100004F8FBFF36F8F9BE72046FFF7ADF800F05E
:109110007DFA95E704ED00E02DE9F343002683B0E6
:109120000400354609D0206C78B1502080F31188B6
:10913000BFF34F8FBFF36F8FFEE7502080F311888E
:10914000BFF34F8FBFF36F8FFEE700F033F9DFF807
:109150003C814FF000094FF0805748B9049838B16E
:10916000502080F31188BFF34F8FBFF36F8FFEE75E
:10917000FFF756FAA06BC8B1401EA063206810B973
:10918000FFF716F9A060206950B104F1100000F05B
:1091900005FA28B1C8F80070BFF34F8FBFF36F8F87
:1091A000FFF75EFA012005B0BDE8F083049808B12E
:1091B00066B10FE03DB1502080F31188BFF34F8FAF
:1091C000BFF36F8FFEE7FFF74BFA5DE06846FFF7EE
:1091D0006DFB0126FFF744FAFFF736FCFFF720FA94
:1091E00094F94400401C01D184F8449094F945005E
:1091F000401C01D184F84590FFF732FA04A9684673
:1092000000F046F80028204612D0FFF72DF800F0B5
:10921000FDF92046FEF7B2FE0028A9D09DB3FFF766
:10922000FFF9606A50B3206B0068C0F1380126E096
:10923000FEF7A4FEE0B1206838B9FFF7F1F9A068A5
:1092400000F070F90546FFF70BFA04F124000499C9
:10925000FFF73AFB2046FFF707F800F0D7F90028A0
:1092600086D1C8F80070BFF34F8FBFF36F8F7FE7D1
:109270002046FEF7F9FF00F0C9F979E70021A06860
:10928000FFF756FB9FE7FFE700208CE704ED00E0C7
:109290002DE9F0410C46050011D0C4B1FFF7C0F92B
:1092A000174BDA686E682068911B471C17D02F682F
:1092B0001B6A9F4219D0964217D8012410E0502013
:1092C00080F31188BFF34F8FBFF36F8FFEE75020FD
:1092D00080F31188BFF34F8FBFF36F8FFEE7002439
:1092E000FFF7BEF92046BDE8F081884205D9401A53
:1092F00020602846FFF7DAFAF1E700202060DCE77B
:10930000680000202DE9FF5F8346DDE90E8799465E
:1093100016468A469000FEF7DDFF05001CD05C2053
:10932000FEF7D8FF040014D00020256384F859000C
:10933000CDE90240CDE900874B46324651465846BA
:10934000FEF75AFD2046FEF7EBFB012004B0BDE816
:10935000F09F2846FFF798F94FF0FF30F6E7F0B599
:1093600085B0DDE90B640A9DA6B1DCB15C270097EE
:109370002663022684F85960002604AFCDE9024630
:10938000CDE90057FEF738FD2046FEF7C9FB0498EB
:1093900005B0F0BD502080F31188BFF34F8FBFF3AD
:1093A0006F8FFEE7502080F31188BFF34F8FBFF31C
:1093B0006F8FFEE70548416919B1006B18B10020B5
:1093C00070470120704702207047000068000020AD
:1093D0000148C06870470000680000202DE9F04196
:1093E0002E4C0027206B28B1A069401CA061384694
:1093F000BDE8F081E668761CE66013D1606B00681A
:1094000038B1502080F31188BFF34F8FBFF36F8FB7
:10941000FEE7606BA16B6163A063206A401C206261
:10942000FEF798FEA06ADFF87880864209D3606B69
:109430000068A0B1606BC068C5686868864211D2D8
:10944000A0622068C06A00EB800158F82100012862
:1094500000D90127E0690028C9D00127C7E74FF0EC
:10946000FF30EDE7281DFFF777F8A86A18B105F17E
:109470001800FFF771F8E86A2169884200D9206175
:1094800000EB800108EB8100291DFFF7BDF8E86AB9
:109490002168C96A8842CAD30127C8E7680000204A
:1094A0009006002070B504004FF0000133D01B4D32
:1094B0002868844207D0502080F31188BFF34F8F73
:1094C000BFF36F8FFEE7206D38B1401E2065E36C5F
:1094D000E26A9A421FD040B11DE0502080F311880B
:1094E000BFF34F8FBFF36F8FFEE7201DFFF734F8F8
:1094F000E06CE062C0F13800A061E06A296988424E
:1095000000D92861064900EB800001EB8000211D95
:10951000FFF77AF80121084670BD000068000020BE
:109520009006002070B504004FF000002BD0194DBC
:10953000E16A2A68D26A914226D2A069002804DB37
:109540002868C06AC0F13800A061134E01EB8101A8
:10955000606906EB8101884211D1201DFEF7FCFFF6
:109560002868C06AE0622969884200D9286100EB56
:10957000800006EB8000211DFFF746F802E0286816
:10958000C06AE062012070BDE16C2A68D26A914233
:10959000F8D370BD680000209006002070B5C06848
:1095A000C46854B104F118000646FEF7D5FF144D07
:1095B000286B50B13146134815E0502080F31188D4
:1095C000BFF34F8FBFF36F8FFEE7201DFEF7C4FF81
:1095D000E06A2969884200D928610B4900EB8000C4
:1095E00001EB8000211DFFF70FF8E06A2968C96AC6
:1095F000884202D90120E86170BD002070BD0000E2
:1096000068000020180B0020900600202DE9F0478C
:109610002C4D00242746286B38B1FFF701F8286B42
:10962000401E2863286B40B146E0502080F311882B
:10963000BFF34F8FBFF36F8FFEE7A968224E012063
:10964000D1B3A6F5916980463068E0B1F068C4688E
:1096500004F11800FEF780FF201DFEF77DFFE06A91
:109660002969884200D9286100EB800109EB81005B
:10967000211DFEF7C9FFE06A2968C96A8842E3D361
:10968000C5F81C80E0E70CB1FEF764FDAC694CB195
:109690004FEA0806FFF7A2FE00B1EE61641EF9D1A1
:1096A0000020A861E86938B1084901273807086037
:1096B000BFF34F8FBFF36F8FFEF7D2FF3846BDE881
:1096C000F087000068000020180B002004ED00E087
:1096D0002DE9FC4781461E46174688462C200A9DE8
:1096E000FEF7F8FD04000AD0002084F82800CDE938
:1096F000005433463A4641464846FEF7D5FB2046DD
:10970000BDE8FC8710B586B0FEF772FA114C2068F0
:10971000B8B100200390049005AA04A903A8FEF79D
:1097200041FFDDE9032102208DE8070000230AA1A3
:109730000B48059AFFF713FE606010B106B00120D8
:1097400010BD502080F31188BFF34F8FBFF36F8F90
:10975000FEE70000A4000020546D722053766300E1
:10976000458200082DE9FF411E46134602000A9D6E
:109770004FF0000016D0144C2768002F0FD0CDE911
:1097800000130292062917DAFFF714FE02284FF0A1
:1097900000030FD0002269462068FFF7C3FA04B027
:1097A000BDE8F081502080F31188BFF34F8FBFF3E5
:1097B0006F8FFEE72A46EEE70023324669463846B9
:1097C000FFF760FBEBE70000A400002010B50400E9
:1097D0000AD0FEF725FF94F82800C0070CD001241A
:1097E000FEF73EFF204610BD502080F31188BFF3E6
:1097F0004F8FBFF36F8FFEE70024F1E701000200F7
:109800000400060008000A000C00100020004000C0
:1098100080000001010101030701000008040204A7
:109820000801010100000000000000000102030423
:10983000060708090000000001020304001AB1B184
:109840000100C1814001C0804101C0804100C1814F
:109850004001C0804100C1814000C1814001C08001
:109860004101C0804100C1814000C1814001C080F0
:109870004100C1814001C0804101C0804100C181DF
:109880004001C0804100C1814000C1814001C080D1
:109890004100C1814001C0804101C0804100C181BF
:1098A0004000C1814001C0804101C0804100C181B0
:1098B0004001C0804100C1814000C1814001C080A1
:1098C0004101C0804100C1814000C1814001C08090
:1098D0004100C1814001C0804101C0804100C1817F
:1098E0004000C1814001C0804101C0804100C18170
:1098F0004001C0804100C1814000C1814001C08061
:109900004100C1814001C0804101C0804100C1814E
:109910004001C0804100C1814000C1814001C08040
:109920004101C0804100C1814000C1814001C0802F
:109930004100C1814001C0804101C0804100C1811E
:109940004000C0C101C30302C2C60607C705C5C4A3
:1099500004CC0C0DCD0FCFCE0E0ACACB0BC9090813
:10996000C8D81819D91BDBDA1A1EDEDF1FDD1D1C53
:10997000DC14D4D515D71716D6D21213D311D1D0E3
:1099800010F03031F133F3F23236F6F737F5353483
:10999000F43CFCFD3DFF3F3EFEFA3A3BFB39F9F853
:1099A0003828E8E929EB2B2AEAEE2E2FEF2DEDECF3
:1099B0002CE42425E527E7E62622E2E323E1212023
:1099C000E0A06061A163A3A26266A6A767A5656423
:1099D000A46CACAD6DAF6F6EAEAA6A6BAB69A9A893
:1099E0006878B8B979BB7B7ABABE7E7FBF7DBDBCD3
:1099F0007CB47475B577B7B67672B2B373B1717063
:109A0000B0509091519353529296565797559594C2
:109A1000549C5C5D9D5F9F9E5E5A9A9B5B995958D2
:109A200098884849894B8B8A4A4E8E8F4F8D4D4C72
:109A30008C448485458747468682424383418180A2
:109A4000400000006072D548409F9F4880CB70481E
:109A5000801F3748C05E0C4880D8D84700BBA84755
:109A6000CD398447B3A95047B3BC2547667C04472A
:109A70000020D546CD72AC469A578C4600B4654658
:109A8000CDFE3C4600401C4600E401468F10D945FF
:109A9000EC29B6459A91994500088245E1225D4539
:109AA000E1CE3C4529D8214585430B45C38DF04483
:109AB000A480D0440060B544EC419E44148E8A4496
:109AC00000607344CD645644336B3D444AD427440C
:109AD000391C15442FD5044425642C25640D0A52E5
:109AE0005F543A256420A1E3432C20525F563A2567
:109AF00064562C20525F493A2564412C20545870FA
:109B00006172616D657465722E73797374656D5FD2
:109B100073746174323A25640D0A00003C9B00089E
:109B200000000020A0010000D4070008649B00088A
:109B3000A0010020E0360000A27800082112FF03F7
:109B400032073B3210021701F918037924F41AAADC
:109B500001013803430F27051B1AB1B1011AFF0198
:049B6000091A0800D6
:04000005080001D915
:00000001FF
