:020000040800F2
:1000000090380020AD020008615A0008254E000813
:10001000C9580008730F0008ED77000800000000C1
:10002000000000000000000000000000ED010008DA
:10003000AD1000080000000049020008116400082B
:10004000C7020008C7020008C7020008C70200086C
:10005000C7020008C7020008C7020008C70200085C
:10006000C7020008C7020008C7020008C70200084C
:10007000C7020008C7020008C7020008C70200083C
:10008000C7020008C7020008C7020008C70200082C
:10009000C7020008C7020008C7020008C70200081C
:1000A000C7020008A5640008C7020008C7020008CC
:1000B000B1640008C7020008C7020008C7020008B0
:1000C000C7020008C7020008C7020008C7020008EC
:1000D000C7020008C7020008C7020008C7020008DC
:1000E000C7020008C7020008C7020008C7020008CC
:1000F000C7020008C7020008C7020008C7020008BC
:10010000C7020008C7020008C7020008C7020008AB
:10011000C7020008616C0008C7020008C702000897
:10012000C7020008C7020008C7020008C70200088B
:10013000C7020008C7020008C7020008C70200087B
:10014000C7020008C7020008C7020008C70200086B
:10015000C7020008C7020008C7020008C70200085B
:10016000C7020008C7020008C7020008C70200084B
:10017000C7020008C7020008C7020008C70200083B
:10018000C7020008C7020008C7020008C70200082B
:10019000C702000800000000C7020008C7020008EC
:1001A000C7020008C7020008C7020008C70200080B
:1001B000C7020008C7020008C7020008C7020008FB
:1001C000C7020008C7020008C7020008C7020008EB
:1001D000C7020008C7020008DFF80CD000F090FB4F
:1001E0000048004761820008903800202C4B1968B5
:1001F0000868B0E8F04F80F30988BFF36F8F4FF0C5
:10020000000080F311887047000000000848006873
:10021000006880F308884FF0000080F3148862B60D
:1002200061B6BFF34F8FBFF36F8F00DF00BF00BF1A
:1002300008ED00E0DFF80C00016841F47001016096
:10024000704700BF88ED00E0EFF30980BFF36F8FC8
:10025000134B1A681EF0100F08BF20ED108A20E91A
:10026000F04F106009B44FF0500080F31188BFF3D5
:100270004F8FBFF36F8F09F04BF84FF0000080F302
:10028000118809BC19680868B0E8F04F1EF0100F1B
:1002900008BFB0EC108A80F30988BFF36F8F7047F6
:1002A00068000020EFF30580704700000648804793
:1002B00006480047FEE7FEE7FEE7FEE7FEE7FEE74B
:1002C000FEE7FEE7FEE7FEE795640008D9010008B7
:1002D0002DE9F05F0546002092469B46884606467B
:1002E000814640241BE0284641464746224600F00E
:1002F0008CF953465A46C01A914110D311461846FC
:10030000224600F073F92D1A67EB01084F4622468A
:100310000120002100F06AF917EB00094E41201E70
:10032000A4F10104DFDC484631462A464346BDE8D5
:10033000F09F40EA01039B0703D009E008C9121FA0
:1003400008C0042AFAD203E011F8013B00F8013B8F
:10035000521EF9D27047D2B201E000F8012B491EBB
:10036000FBD270470022F6E710B513460A46044652
:100370001946FFF7F0FF204610BD2DE9FE4F81EA38
:10038000030404F0004421F0004100944FF0000BFE
:1003900023F0004350EA01045ED052EA03045BD02C
:1003A000C3F30A54C1F30A552C44A4F2F334019464
:1003B000A0FB0254C1F3130141F48011C3F31303F2
:1003C00043F4801301FB024400FB034E840A970AA6
:1003D00044EA815447EA8357A4FB076802958D0AD3
:1003E00005FB07854FEA932C04FB0C542705029D5F
:1003F0004FEA065847EA1637B5EB08056EEB070CCF
:10040000870E920E47EA811742EA8312A7FB020188
:10041000B6EB0B0164EB00042B0D43EA0C335E18C2
:1004200044EB1C50DA465146E7FB0201C5F31304C6
:100430004FEA0B3343EA14534FEA0432019C43EA78
:100440000603A4F10C040294009CCDE900B400F072
:1004500032F903B0BDE8F08F00200146F9E72DE93D
:10046000F04D81EA030404F0004B21F000451446EE
:100470004FF0000A23F0004150EA050220D054EA70
:1004800001021DD0C5F30A570246C5F31303C1F399
:100490001300C1F30A5640F4801543F48013A7EB10
:1004A0000608101BD64608F2FD3873EB050002D390
:1004B00008F1010801E092185B41B8F1000F03DA7E
:1004C00000200146BDE8F08D00204FF48011064663
:1004D00084460EE0171B73EB050705D3121B63EB75
:1004E000050306434CEA010C49084FEA3000921814
:1004F0005B4150EA0107EDD152EA030012D082EAD3
:10050000040083EA0501084305D0101BAB4106D265
:100510000122002306E000224FF0004302E06FF0CA
:10052000010253101AEB06004CEB085110EB0A00C5
:1005300041EB0B01BDE8F04D00F0AEB80EB540F256
:10054000334102910021CDE900110A460B4600F02B
:10055000B2F803B000BDC1F30A5210B5C1F31301E4
:1005600040F2FF3341F480119A4201DA002010BDBD
:1005700040F233439A42A2F2334203DC524200F08B
:1005800044F810BD904010BD01F0004330B421F09C
:10059000004150EA010206D00A0DA2F56072C1F3D3
:1005A0001301002A02DC30BC00207047440F44EAEB
:1005B000C104C100E01830BC00EBC25000F035B8F7
:1005C00030B50B46014600202022012409E021FA23
:1005D00002F59D4205D303FA02F5491B04FA02F520
:1005E0002844151EA2F10102F1DC30BD202A04DBF3
:1005F000203A00FA02F1002070479140C2F1200336
:1006000020FA03F3194390407047202A04DB203A74
:1006100021FA02F00021704721FA02F3D040C2F122
:10062000200291400843194670470029A8BF70472F
:10063000401C490008BF20F00100704710B4B0FA18
:1006400080FC00FA0CF050EA010404BF10BC7047B3
:1006500049B1CCF1200421FA04F411FA0CF118BFCD
:10066000012121430843A3EB0C01CB1D4FEA00619C
:100670004FEA102042BF002010BC704700EBC3506F
:1006800010440029A4BF10BC7047401C490008BF9B
:1006900020F0010010BC704710B5141E73F1000467
:1006A00008DA401C41F1000192185B411A4301D164
:1006B00020F0010010BD2DE9F04D92469B4611B18E
:1006C000B1FA81F202E0B0FA80F220329046FFF7F0
:1006D0008DFF04460F4640EA0A0041EA0B015346EB
:1006E0005A46084313D0114653EA010019D0C8F105
:1006F00040025046FFF789FF05460E4650465946D0
:100700004246FFF773FF084305D0012004E020466E
:100710003946BDE8F08D0020054346EAE0762C43DB
:1007200037430A986305E40AA0EB08000022FD0A9B
:1007300044EA47540A3002D500200146E9E70105A2
:1007400010196941DDE9084500196941BDE8F04D1E
:10075000A2E72DE9FE4F804681EA0300C00F0C4658
:10076000009021F0004123F00045B8EB0200A941C0
:1007700005D24046214690461C460B46024623F0D1
:100780000040104347D0270DC7F30A00C3F30A51B6
:100790000290401A019040286BDAC3F3130040F432
:1007A000801B0098924620B10023D2EB030A63EB32
:1007B0000B0B01985946C0F140025046FFF716FF57
:1007C00006460D4650465946019A00F0ABF810EB2C
:1007D00008006141002487EA115284EAE7731A4352
:1007E00040D0009A62B3019A012A4FEA075215DC01
:1007F000001B61EB02014FF0004202EA0752CDE913
:100800000042001C41F5801132462B46FFF753FF92
:1008100003B0BDE8F08F40462146F9E7001B61EBCD
:100820000201001C41F5801300185B412018A2F55D
:10083000001747EB030140EAD570B6196D4111E08E
:100840006D084FEA360645EAC0754FEA0752001BAD
:1008500061EB0201001C41F5801149084FEA3000AC
:100860000019514132462B4603B0BDE8F04FFFF767
:1008700013BF0098012240000023D0EB020263EB7B
:10088000E073009821464FEAE074B8EB000061EB9A
:100890000401E9E783F000435BE781F0004158E79A
:1008A000C1F30A52C1F3130140F2FF3341F4801146
:1008B0009A4202DA00200146704740F233439A42DE
:1008C000A2F2334202DC5242FFF79FBEFFF78EBE18
:1008D00030B5041E71F1000404DB4FF000444042C7
:1008E00064EB0101141E73F1000405DB1C464FF09C
:1008F0000043524263EB0403994208BF904230BD6B
:10090000064C074D06E0E06840F0010394E807005C
:1009100098471034AC42F6D3FFF762FCD4A300082A
:10092000F4A30008202A06DBCB17203A41FA02F094
:1009300043EAE07306E041FA02F3D040C2F120023C
:10094000914008431946704770B58C1810F8015B48
:1009500015F0070301D110F8013B2A1106D110F858
:10096000012B03E010F8016B01F8016B5B1EF9D15C
:100970002B0705D40023521E0DD401F8013BFAE7E2
:1009800010F8013BCB1A921C03E013F8015B01F84D
:10099000015B521EF9D5A142D8D3002070BD0000E2
:1009A000F8B50446002000902068816811F0010F1E
:1009B0004AD18168254A114237D18168D5432940FF
:1009C000491C81602068B0F1A04F02D020498842C4
:1009D00001D1204800E02048806800F0E07000026B
:1009E0000DD51E481E490068B0FBF1F0401C00EB1D
:1009F0004000800000E0401E00900028FBD101F084
:100A0000A9FD06461BE0816811F0010F03D1816842
:100A10002940491C816001F09DFD801B02280ED9F0
:100A200020680068C043C00709D0E06D40F01000A6
:100A3000E065206E40F0010020660120F8BD2068CE
:100A40000168C943C907DED10020F8BD3F0000801E
:100A50000001005000030050000700506400002017
:100A6000400D030010B514210F4800F0A5FC40F61E
:100A7000E4414843000BCD210C4C48433221206017
:100A80000B4800F099FC40F6E44148430949000B4B
:100A900040000969884201D2002003E0401A00EBBF
:100AA00080004008606010BD0080F03EAC01002076
:100AB0002000F0140C01002010B508F00DFA0448D5
:100AC0000178491C0170BDE8104008F025BA00000B
:100AD0000801002000F026BA094810B5017839B1A4
:100AE0000021017000F03AFABDE8104000F01FBA92
:100AF0000121017000F02CFABDE8104000F01DBA91
:100B00003801002000F01FBA08B5E8480090002323
:100B100001224FF4FA71E6A009F036FAE74CE061E1
:100B200009F0B2F84FF000090246CDF800904B46AC
:100B30000121E06909F072FA04F0F6FF04F092FF77
:100B4000DFF87C830126B0B3DEA000F0B1FAE34DFC
:100B500003274FF47A702F7008F096FA04F082FFA2
:100B600050B341F2883A2F70504608F08DFA04F0E5
:100B700079FF08B32F70152188F81310504608F03C
:100B800083FA002005F06EFF4FF4FA6008F07CFA5B
:100B9000D34D44F6E430DFF84CA3474628804FF0AD
:100BA000640BA046387D01280ED098F80700444613
:100BB000012877D076E100E004E0E670CAA000F0FA
:100BC00077FADEE7E670DCE798F8070008BB05F087
:100BD000B7FB0124DAF800202888C2F89400C4F199
:100BE0006403434393FBFBF3DAF800C0CCF89C307A
:100BF000604390FBFBF0DAF80010C1F8A800142065
:100C000008F042FA641C2E2CE4DB00F0F1FB88F8BB
:100C1000076098F80500444638B1B84804F0DAFF98
:100C2000A04621462070E0B3F4E06078002816D199
:100C3000B2480A3004F0E8FFA070202810D02888BD
:100C4000A0F59641E43902D16169491C616162698C
:100C50004FF4FA71B2FBF1F301FB132141B10AE148
:100C6000002005F071FA9D48667106700A2000E1C7
:100C700046F6402188421BD20A3080B22880DAF83A
:100C80000020C2F89400362200FB02F3B3FBFBF312
:100C9000DAF80040C4F89C302E235843B0FBFBF038
:100CA00001E018E0E9E0DAF80010C1F8A800E2E09D
:100CB0002089C821401C80B2B0FBF1F2208101FBE9
:100CC00012000028CBD1C4F81490A4F808906670E4
:100CD00005F064FBCFE0DFF824E2A1F810909EF865
:100CE000000020B1012809D002280ED016E0288883
:100CF0004FF4FA42904210D2401C0CE0288844F68F
:100D0000E432904209D9401E05E028884FF4FA42A7
:100D1000904202D2801C288000E02A802888C88166
:100D20008A69E2B18A79012A19D14A89904203D9A4
:100D30008B89984200D2CA818A89904201D90E716A
:100D400002E00A79012A00D1C881CA894FF4FA4326
:100D50009A4203D844F6E4339A4200D2CB81DAF8BF
:100D60000030B8F80E10C3F89410362301FB03F4DA
:100D7000B4FBFBF4DAF800C0CCF89C402E246143AD
:100D8000B1FBFBF1DAF80020C2F8A8105C49097841
:100D9000F1BB9EF80110F974052909D0042909D086
:100DA00061B101290AD002290BD003290DD031E00D
:100DB000022107E04949032008702BE047480670EC
:100DC00028E004214548017024E098F806104446C4
:100DD000F1B9424A03211170FFF7B0FB41EC100B4F
:100DE00053EC102B9FED470B51EC100BFFF737FB2B
:100DF000FFF7B1FB41F27071A061084405F0E6F91C
:100E00006081A069A0F57A7005F0E0F9A08100E0AA
:100E100000E0A671B8F810004FF47A71401C80B25F
:100E2000B0FBF1F2A8F8100001FB120018BB44F669
:100E3000E430288005F0B2FA05F0BAF934493348B5
:100E400088F807900A680260097901714C46002011
:100E500005F008FE88F80540A8F808401F48C8F8C3
:100E6000144088F80140052101701820F8744FF4EF
:100E70007A7008F009F9012015E02549234884F823
:100E800007900A68026009790171002005F0EAFD07
:100E900084F80590A4F80890C4F8149084F80190A0
:100EA00084F80490642008F0EFF87BE6FD820008E7
:100EB00070617273655F646174650000E800002012
:100EC000AC0100204E524632344C30312020697340
:100ED00020206572726F72210A0D00000000002050
:100EE00004000020440300204E524632344C30317E
:100EF0002020697320206F6B210A0D003C330020F5
:100F00000C01002000000000FD43E4416A010020C4
:100F1000F4A0000800F028B8002220214FF09040F3
:100F200001F013BB20214FF0904001F006BB0022DE
:100F300040214FF0904001F008BB012240214FF0CA
:100F4000904001F002BB40214FF0904001F0F5BA13
:100F5000002280214FF0904001F0F7BA0122802159
:100F60004FF0904001F0F1BA80214FF0904001F035
:100F7000E4BAFEE7064910B500200875054944F6B5
:100F8000E430088005F00AFABDE8104005F010B919
:100F9000AC0100200400002010EE100A234910B517
:100FA000DFED230A884204DC10EE100A2149884252
:100FB00002DAB0EE600A10BD002224211E4B12207E
:100FC00003EB8004D4ED000AF4EEC00AF1EE10FA4F
:100FD00001D2014601E021DD0246881840088C1A42
:100FE000012CEDD103EB820203EB8101D2ED000A6B
:100FF00091ED001AF1EE041A30EE600A31EE601A3B
:1010000000EB8000373820EE210AC0EE010A00EE26
:10101000100AB8EEC00A30EE800A10BD00EB800066
:10102000373800EE100AB8EEC00A10BD6072D5481D
:1010300000C079442FD50444FCA200081348144989
:101040008279C96842B10023012A19D0022A02D14B
:1010500011F11E0F16DC70470C4AD279531CDBB21B
:10106000502905DB032A01D3012107E0C371704732
:1010700011F1230FFBDC032AF8D3022181717047A1
:101080003729FCDAC3718371704700000C0100201E
:10109000AC01002010B507F01FFF034900200870C5
:1010A000BDE8104007F038BF08010020704700007D
:1010B0000FB410B5C0B043AB4FF480716846429A8C
:1010C00006F0A6FB094C4FF0FF31206808F080FCC9
:1010D000694607A006F08CFB00231A4619462068D3
:1010E00008F07CFA40B010BC5DF814FB2C00002026
:1010F000257300000149002008707047000000209F
:1011000072B6FEE7144A117F1448012901D0032961
:101110000FD1036823F400730360036843F4006392
:101120000360036823F400630360036843F40073FF
:101130000360022901D003290BD1016841F48051D9
:101140000160016821F480510160016841F480610F
:10115000016000201077704744000020002002400A
:101160000C490A6A520210D5C20703D04A6942F0FC
:1011700004024A61800703D5486940F40040486191
:10118000486940F4803048617047486948F2040279
:101190001043F4E7002002400E4A136A5B0201D5B7
:1011A000C90703D0516921F4006102E0516941F49B
:1011B000006151615169C0B221F47E7141EAC00001
:1011C0005061506940F002005061506940F4803035
:1011D0005061704700200240054910B54C6944F049
:1011E00001044C610260BFF36F8F436010BD0000CB
:1011F00000200240094A10B55469402344F4802479
:101200005461EFF3108272B610C95B1E10C013F068
:10121000FF03F9D182F3108810BD000000200240C6
:1012200070B5064601F096F90546134C07E000BF7D
:1012300001F090F9401BB04201D9032070BD206934
:10124000C003F5D420694CF2FA3108400CD00B49A8
:101250004A6802434A60010F01D0A169A1610101FE
:1012600000D02061012070BD2069C00701D001209D
:101270002061002070BD00000020024044000020DA
:1012800007480021017201210170064903200870FE
:1012900005480F21C174C16904A0FFF709BF000010
:1012A0000C01002000000020AC01002046616E20EF
:1012B0006572726F722C2066616E5F737065656413
:1012C0003A25642E0D0A0000044D4FF4FA74287874
:1012D00005F03EFC204607F0D7FEF8E700000020AE
:1012E00010B507F0F9FD0348047807F015FE204615
:1012F00010BD00000801002070B50F494FF6FF73C4
:101300004FF400240A889A4201D1254601E01504D1
:10131000AD094FF0006606EB5505854204D900BFC4
:10132000A0F10060C00A70BD9A4201D011048C097E
:10133000A0EB5400F4E70000E075FF1F10B5044671
:101340001B4888B0844209D11A4800F0CBFD6421C3
:10135000184800F027FD10BB164825E020216846FC
:10136000FFF700F80620CDE90040022002907F2020
:10137000039004200490002005900E4869466C38C4
:1013800000F028F908B1FFF7BBFE0A486C3800F0FE
:10139000A9FD084864216C3800F004FD10B100205C
:1013A00008B010BD03486C3800F04AFB80B2F7E784
:1013B0000080F03ED80200202DE9F04100260F46C3
:1013C00080463546344609E04046FFF7B7FF60B136
:1013D0000644012007F058FE641CA4B2BC42F3D3BB
:1013E000781BB6FBF0F0BDE8F0816D1CEDB2F0E7C4
:1013F0001D4810B50168001D0268001D03681B48E8
:101400000C0A017044700C0C8470090EC1700271DA
:10141000110A4171110C8171110EC1710372190A07
:101420004172190C8172190EC1720C2104F066FC14
:101430000F49020A48708A70020CCA70000E0B4AEB
:1014400008710968C2F816109076082102F116009A
:1014500007F0C8FC054C000A16340821207220460B
:1014600007F0C0FC607210BD9075FF1F3033002084
:101470006A0100202DE9F04F044690F858009BB017
:101480000F464FF0000B012812D0012084F85800BD
:1014900000261796189620684FF0A048DFF81C9198
:1014A000DFF81CA1474D404506D12846009508E0CD
:1014B00002201BB0BDE8F08F48450AD15046CDF858
:1014C00000A003F0E1FC0090206803F0DDFC40B1D7
:1014D00009E0E06D40F02000E06584F858600120EC
:1014E000E7E7009850B1E06D40F02000E0654FF074
:1014F000010B00BF84F858605846DAE7206841467F
:10150000884201D0A84201D12F4800E02F48D7F8E7
:1015100000C02F4B40F61F72BCF1000F2DD0D0F849
:1015200008C094F838802CF4604C4CEA483CD7F85A
:1015300004804CEA080CC0F808C0D4F800C08C4500
:1015400001D0AC4504D18968AB6801F0010109E024
:10155000D9F80810DAF8085001F0010105F001058A
:101560009B68294303F001031943C3D1BB68396861
:1015700019438368934319431DE0876827F4604744
:10158000876027688F4201D0AF4204D18968AB6879
:1015900001F0010109E0D9F80810DAF8085001F06B
:1015A000010105F001059B68294303F0010319437C
:1015B000A0D18168914381609CE700000004005045
:1015C00000050050000100500003005000070050CB
:1015D000000600502DE9F84F00270446009790F8C8
:1015E0005800DFF81C840D46B946012811D00126A9
:1015F00084F85860206803F043FC60B1E06D40F06F
:101600002000E0655FF0010784F858903846BDE897
:10161000F88F0220FBE7D5E900210C23206803EABC
:1016200091131844036B01F01F014FF01F0C0CFACB
:1016300001FCC2F3846223EA0C038A401343036370
:10164000206803F01DFC8246206803F015FC5AEA6E
:1016500000003CD1AA6829682068B2F1004F37D059
:1016600003F01EFC2068416921F0004141612068BF
:101670006969C268C2F3C102520091402A69042A12
:1016800031D000EB82002B68026EDFF878C303F0E4
:10169000F84302EA0C020B431A4342F00041016690
:1016A00022682869A96902EB8000026E22F080722C
:1016B0000A430266297F22682869012910D0002187
:1016C00002EB8000026E22F000720A4302667DE0A7
:1016D000002203F0E5FB2068416941F00041C5E7C5
:1016E0004FF00071ECE7002103F0C0FB40032068DD
:1016F0004FF0000172D003F0B9FB90FAA0F0B0FAFD
:1017000080F1286842036ED090FAA0F0B0FA80F021
:10171000814204D100221146206803F0D0FB012150
:10172000206803F0A3FB400320684FF001015DD067
:1017300003F09CFB90FAA0F0B0FA80F12868420315
:1017400059D090FAA0F0B0FA80F0814204D1002282
:101750000121206803F0B3FB0221206803F086FB1F
:10176000400320684FF0020148D003F07FFB90FA5D
:10177000A0F0B0FA80F12868420344D090FAA0F0BB
:10178000B0FA80F0814204D100220221206803F0E7
:1017900096FB0321206803F069FB400320684FF0AB
:1017A000030133D003F062FB90FAA0F0B0FA80F1AD
:1017B000286842032FD090FAA0F0B0FA80F081425E
:1017C00004D100220321206803F079FB206881689E
:1017D00011F0010F22D0ACE000E004E003F046FB82
:1017E000C0F384618DE7C0F3846091E703F03EFBB2
:1017F000C0F38461A2E7C0F38460A6E703F036FB80
:10180000C0F38461B7E7C0F38460BBE703F02EFB4D
:10181000C0F38461CCE7C0F38460D0E72A7B2968F9
:1018200050F8B03FC1F3120C23EA0C0302F0180C7D
:10183000754A22FA0CF20A4013430360E9684145F5
:1018400077D1286841031CD090FAA0F1B1FA81F158
:10185000491C01F01F0109294FEA403132D8002903
:1018600012D000BF90FAA0F1B1FA81F101F10101AB
:1018700001F01F0106FA01F609D100BFC0F384612F
:1018800009E0C0F38461E3E7C0F38461EEE790FA16
:10189000A0F1B1FA81F101F1010101F01F0146EA65
:1018A000816102D1C0F3846003E090FAA0F0B0FA45
:1018B00080F000F1010000F01F0000EB400041EA61
:1018C000005132E000290ED090FAA0F1B1FA81F176
:1018D00001F1010101F01F0106FA01F606D100BF76
:1018E000C0F3846106E0C0F38461F1E790FAA0F1EF
:1018F000B1FA81F101F1010101F01F0146EA8161B4
:1019000002D1C0F3846003E090FAA0F0B0FA80F056
:1019100000F1010000F01F003C4A00EB400002EB28
:10192000005041EA000141F00071AA68206803F00C
:10193000B7FA37482B6803423FF466AE21684FF090
:10194000A04C3448344E354D614501D0A94201D1F7
:10195000024600E032469268DFF8C48002F0E0728E
:10196000434503D0DFF8BC80434521D15FEA02281C
:101970001ED4614506D02C4B99427FF445AEA94256
:1019800000D0304642F40001826822F0E0720A433F
:101990008260264826490068B0FBF1F0401C00EB4D
:1019A0004000800000E0401E00900028FBD12BE6A4
:1019B000DFF8808043450FD15FEAC2180CD4A942FA
:1019C00002D11D4B9942F2D0614502D0A94200D00C
:1019D000304642F080710CE0DFF860804345E6D18C
:1019E0005302E4D4A942E2D0614500D0304642F42B
:1019F0008001826822F0E0720A43826004E60000FF
:101A000000007F4000F0FF03FFFF0700000020FE02
:101A10000000088000030050000700500001005043
:101A2000000021C31000C090000600506400002098
:101A3000400D0300000052C700050050000084CB99
:101A40000068006C70470000F8B54FF00005040016
:101A50002E46009502D0E06D10B107E00120F8BDE0
:101A6000204600F009F9266684F8586020688168ED
:101A7000C1F3407119B18168734A114081602068D7
:101A80008168C1F3007189B98168704A114041F0E1
:101A9000805181606E486F490068B0FBF1F04000F2
:101AA000801C00E0401E00900028FBD12068816867
:101AB000C1F3007141B9E16D41F01001E165216EA2
:101AC00041F001012166012503F0DAF9E16DC90653
:101AD00000D430B1E06D40F01000E06501252846EB
:101AE000F8BDE06D20F4807040F00200E0652068F1
:101AF000816811F0010F27D14FF0A043564A984258
:101B000001D0904204D19968966801F001010AE081
:101B100052498968524E01F00101B66806F001068B
:101B20003143504EB66806F0010631430CD198425D
:101B300001D0904201D14C4800E04C486168826875
:101B400022F47C120A438260E168E06B627F084302
:101B5000A16841EA4231084394F8241040EA014068
:101B6000012904D1218D424A02EB41410843E16A37
:101B700029B101F47871226B014342EA0100226825
:101B8000D1683C4B19400143D16020680169626B08
:101B900021F0406111430161206803F06DF970BBD1
:101BA000207F94F838102268800340EA4100D16811
:101BB00044F2020399430143D16020690028206860
:101BC00001690AD041F480310161206850F8C01FDA
:101BD00022696FF30D01114307E021F480310161A7
:101BE000206850F8C01F6FF30D01016094F84000A9
:101BF00001280CD02068016921F0010101616069B0
:101C000001282068016B21F00F0111D013E0D4E905
:101C100011010843D4E913121143084321680A69EA
:101C200040F2FC739A43104340F001000861E6E77C
:101C3000226A521E11430163E06D20F0020040F061
:101C40000100E0654BE70000C0FFFF5FC0FFFF7FC2
:101C500064000020400D030000010050000400500B
:101C6000000500500006005000030050000700501F
:101C70000000FEFF0740F0FF2DE9F0439BB0044653
:101C8000142115A8FEF76EFB54216846FEF76AFB87
:101C90004FF00051206800253D4F0326DFF8F490F7
:101CA0008A133D4CB0F1A04F11D03C4B98426CD1FF
:101CB000904668460092119101F09EF808B1FFF736
:101CC0001FFA3868401C3860012846D04DE068464D
:101CD0000092119101F090F808B1FFF711FA3868FD
:101CE000401C3860012807D1E06C40F40050E064EB
:101CF000E06C00F400501A90E06C40F00400E064E6
:101D0000E06C00F004001A90E06C40F00200E06427
:101D1000E06C00F002001A90E06C40F00100E0641A
:101D2000E06C179500F001001A900220CDE915062D
:101D300015A91B4800F0D8FA4FF480401795CDE95B
:101D4000150615A9484600F0CFFA06201795CDE9EB
:101D5000150615A94FF0904015E0E06C40F40050D6
:101D6000E064E06C00F400501A90E06C40F0020077
:101D7000E064E06CCDF8548000F00200CDE9166517
:101D80001A9015A9484600F0AFFA1BB0BDE8F083E1
:101D90003000002000040048001002400001005004
:101DA000000800482DE9F0470446884600684FF0D7
:101DB000A0454749474BDFF82091A84201D048454C
:101DC00001D10A4600E01A46926802F01F06A26995
:101DD000082A14D0AEB1052E13D0092E11D0A84276
:101DE00002D0484500D01946886800F4604058B1D8
:101DF000E06D40F02000E0650120BDE8F087082795
:101E000003E0C068C007F2E7042700F0A3FB8246A6
:101E100019E000BFB8F1FF3F15D000F09BFBA0EB2D
:101E20000A01414502D8B8F1000F0CD120680068C2
:101E3000384208D1E06D40F00400E065002084F8ED
:101E400058000320D9E7206800683842E2D0E06DEE
:101E500040F40070E065206803F01AF880B1607FFC
:101E600070B92068006800070AD5E06D20F4807022
:101E7000E065E06DC00403D4E06D40F00100E06572
:101E80002068164A164B484501D12C4604E0904282
:101E900001D11C4600E0044684420AD04EB1052E12
:101EA00007D0092E05D0484506D0904203D11D46E3
:101EB00002E0C16801E00546E968082F05D0490441
:101EC00001D40C210160002097E70821FAE7000007
:101ED00000030050000700500001005000050050B2
:101EE000000400502DE9F041044600684FF0A04581
:101EF000444FA84201D0B84201D1434900E04349D0
:101F0000896801F01F0602F0BBFF18B102210846E4
:101F1000BDE8F08194F8580001280CD0012084F825
:101F200058002046FEF73CFD01004FF0000204D0AF
:101F300084F85820EBE70220EAE7E06D40F6016301
:101F4000984340F48070E0652068314BDFF8C4C0EE
:101F5000B84201D1AE4604E0984201D1E64600E025
:101F60008646864500D02EB9D4F85CE02EF4801E5B
:101F7000C4F85CE0D4F85CE05FEACE4E06D5D4F855
:101F800060E02EF0060EC4F860E000E022664FF03C
:101F90001C0EC0F800E084F858202068B84201D137
:101FA0002A4604E0984201D1624600E0024682429D
:101FB0000ED06EB1052E0BD0092E09D0E26D42F481
:101FC0008012E265B84213D0984210D165460FE006
:101FD000C268920105D5E26D22F4005242F48052AB
:101FE000E26582680C4B1A40121D82608FE705463D
:101FF000E86880018BD5E06D20F4005040F48050FB
:10200000E06584E700010050000300500007005025
:102010000005005000040050C0FFFF7F10B590F88D
:10202000253000210122022B03D00421C1630121AC
:1020300022E003681C6824F00E041C60836C1C689A
:1020400024F480741C6003681C6824F001041C6084
:1020500090F84430046C03F01F0302FA03F363604A
:10206000D0E913345C60436D33B11C6824F4807490
:102070001C60D0E916345C6080F82520002280F8CE
:102080002420084610BD70B590F8252000240121B9
:102090002346022A07D00422C26380F8251080F864
:1020A0002430012429E00268156825F00E0515602A
:1020B0000268156825F001051560826C156825F425
:1020C0008075156090F84420056C02F01F0201FA3B
:1020D00002F26A60D0E913255560426D32B115688D
:1020E00025F480751560D0E91625556080F8251017
:1020F00080F82430816B01B18847204670BD000014
:1021000070B5044600F026FA0546601C02D004486B
:102110004068044400F01EFA401BA042FAD370BD90
:10212000380000202DE9F05F0546334889460178E4
:1021300001290CD00126804606704FF47A7B584660
:10214000FFF76EF807004FF0000A03D04FE00220BF
:10215000BDE8F09F51464046C8F804A0274C2268CD
:1021600092050AD52168490505D5216821F48061C9
:102170002160032109E0067708E02268520504D5B2
:10218000216821F4806121600221017728680128FB
:1021900007D04FF0FF31C9F8001040F2FA3BAE68AB
:1021A0001EE06868FEF7DCFF5846FFF739F807467F
:1021B000606948F204018843606116E0304669684E
:1021C000FEF7EAFF4FF47A70FFF72AF8070060691C
:1021D00020EA0B00606102D0C9F8006005E0761CBF
:1021E000D5E902010844B042E8D8FEF78BFF88F831
:1021F00000A03846ACE70000440000200020024068
:10220000054901204A6942F000424A6149690029B2
:1022100000DA002070470000002002402DE9FF5F37
:10222000254C0646904620789A4601280BD001207E
:1022300020704FF47A7B5846FEF7F2FF07004FF00C
:10224000000904D02AE0022004B0BDE8F09F48460F
:10225000C4F80490194D2968490504D5286820F46C
:10226000806028600220207726B1012E09D0022E3E
:1022700007D00CE0424653460198FEF7ADFF012619
:1022800012E041460198FEF7B5FF022E0AD05846EB
:10229000FEF7C6FF4FEA0007FEF734FF84F8009010
:1022A0003846D1E74FF480265846FEF7B9FF074677
:1022B0006869B0436861EFE74400002000200240F5
:1022C000064900204A69002A07DA054A8A60054A59
:1022D0008A604969002900DA012070470020024025
:1022E00023016745AB89EFCD2DE9F04FDFF8209250
:1022F000002301260324A9F1040B85B00F2709F15F
:10230000040AABF1040EFAE006FA03F52A407CD089
:1023100091F804C00CF0030CBCF1010F02D0BCF129
:10232000020F26D1D0F808C0CDF800C04FEA430C08
:1023300004FA0CF8CDF810C0DDF800C02CEA080C47
:10234000CDF800C0D1F80C80DDF810C008FA0CF808
:10235000DDF800C048EA0C08C0F80880D0F804C0D6
:102360002CEA050C0D79C5F300159D4045EA0C05D6
:1023700045600D79ED43AD070ED0C5684FEA4308BF
:1023800004FA08FC25EA0C05D1F808C00CFA08FC90
:102390004CEA050CC0F80CC00D7905F00305022DC0
:1023A00016D1DD0800EB850CCDF808C0DCF82080E4
:1023B0005D074FEAD56C07FA0CF528EA05080D69A8
:1023C00005FA0CF5DDF808C045EA0805CCF8205000
:1023D00005684FEA430CCDF808C004FA0CFC25EA66
:1023E0000C0591F804C00CF00308DDF808C008FAE9
:1023F0000CF848EA0508C0F800804D6815F4403F25
:102400007CD0444DD5F860C000E077E04CF0010C82
:10241000C5F860C02D6E23F0030C05F00105009592
:102420003D4D65440295AD684FEA837C4FEA1C78C8
:1024300007FA08FC25EA0C05B0F1904F06D0DFF84A
:10244000DCC0604505D14FF0010C20E04FF0000CDE
:102450001DE0DFF8CCC0604502D14FF0020C16E061
:10246000DFF8C0C0604502D14FF0030C0FE0DFF889
:10247000B8C0604502D14FF0040C08E0DFF8ACC0F2
:10248000604502D14FF0050C01E04FF0060C0CFA4C
:1024900008FC4CEA050C029DC5F808C0D9F80050AC
:1024A000CC46D1F8048095435FEAC82800D515438F
:1024B000CCF80050DAF80050D446D1F804809543A7
:1024C0005FEA882800D51543CCF80050DBF80050AF
:1024D000DC46D1F8048095435FEA883800D515437F
:1024E000CCF80050DEF80050F446D1F80480954353
:1024F0005FEAC83800D51543CCF800505B1C0A6869
:1025000032FA03F57FF400AF05B0BDE8F08F0000AC
:10251000080401400010024000000140000400488F
:1025200000080048000C0048001000480014004853
:102530000069084000D001207047426921EA020387
:102540000A4043EA0241816170470AB181617047E4
:1025500081627047014880687047000038000020A1
:1025600030B590F8DD20022A37D090F8DC20012A1F
:1025700033D0012480F8DC40022280F8DD2003689B
:10258000D3F8A02322F002050A7802F002022A43BF
:1025900022F03C050A7902F03C022A4322F47075CD
:1025A0008A682A4322F480658A8902F480622A4379
:1025B0000D69C3F8A45305684B69C5F8A8330368CF
:1025C0008969C3F8AC130168C1F8A02380F8DD4025
:1025D000002180F8DC10084630BD022030BD10B567
:1025E00090F8DD20022A16D090F8DC20012A12D0C3
:1025F000012200F8DC2F0223437050F8DC3CD3F8B2
:10260000A04324F001040C43C3F8A043427000210E
:102610000170084610BD022010BD10B590F8DC20F6
:10262000012A21D0012280F8DC20022380F8DD304D
:102630004B1C1BD00368D3F8CC4344F00204C3F80E
:10264000CC430368D3F8CC4324F00C040C43C3F808
:10265000CC430168D1F8CC3343F00103C1F8CC334B
:1026600080F8DD20002010BD022010BD0168D1F8E7
:10267000CC3323F00203C1F8CC33EAE738B50400C9
:1026800056D0022084F8DD000025C4F8E050C4F8DC
:10269000E450C4F8E850C4F8EC50C4F8F050C4F862
:1026A000F450C4F8F850207AC0071BD021492068A4
:1026B000884208D12048016E41F080610166006EB9
:1026C00000F0806000902168086820F44042208A71
:1026D00000F44040104320F44052A08A00F44050DF
:1026E00010430860204600F029F8207A800708D5BA
:1026F0002168086820F44072A08900F440701043FB
:102700000860012084F8DD0084F8DC505FF00001EF
:10271000C1EBC10004EB8000491C8561C561056205
:1027200045628562C9B205630629F1D9002038BD2A
:10273000012038BD006801400010024008B5006863
:102740000649884208D10648016E41F08061016661
:10275000006E00F08060009008BD0000006801403D
:102760000010024070B50D460446FFF7F3FE064622
:1027700007E0681C05D0FFF7EDFE801BA8420DD8CE
:1027800065B12068D0F88803C043C003F1D40120AC
:1027900084F8DD00002084F8DC0070BD072084F898
:1027A000DD00032070BD70B590F8DD30022B1DD028
:1027B00090F8DC30012B19D0012380F8DC300224A2
:1027C00080F8DD40EC25046805EBC1156159CE06A3
:1027D00005D54FF6C076B14332400A43625180F8C6
:1027E000DD30002180F8DC10084670BD022070BD8D
:1027F00070B590F8DD30022B23D0022380F8DD3055
:10280000062920D08023046803EBC115635923F007
:1028100007069368334323F01806D36833436351A4
:102820009425046805EBC115136863519824036867
:1028300004EBC11152685A50012180F8DD100020CC
:1028400070BD022070BD0368196821F0070491680B
:10285000214321F01804D1682143196003681168ED
:102860005961516802689161E6E72DE9F04F90F8EF
:10287000DD40022C25D090F8DC40012C21D04FF017
:10288000010980F8DC90022480F8DD4000274FF039
:10289000070C062918D09C2404EBC116012A39D054
:1028A0008024A8254FF4005A4FF4405B05EBC11576
:1028B00004EBC114022A2FD0042A45D0082A0BD1D8
:1028C00044E00220BDE8F08F012A0AD0022A0CD091
:1028D000042A0ED0082A10D080F8DDC080F8DC7001
:1028E0000EE002681968D1610AE002681968516255
:1028F00006E002681968916202E002681968D16214
:1029000090F8DD10072948D080F8DD9080F8DC7061
:102910000020D7E7196835E04FF0A408D0F800C0D0
:1029200008EBC1111A684CF80120596800290168A8
:102930000A5922F440522ED00A5101680A59D3F89C
:1029400004C042EA0C0218E0196821E04FF0AC081C
:10295000D0F800C008EBC1111A684CF80120596882
:10296000002901680A5922F4404214D00A51016832
:102970000A59D3F804C042EA8C020A5159685145F9
:1029800003D1996802689151BAE75945B8D199685D
:1029900002685151B4E70A51B2E7012092E710B53D
:1029A00090F8DC20012A0ED0012200F8DC2F02234F
:1029B000437050F8DC3C1C680C431C6042700021E2
:1029C0000170084610BD022010BD70B5044690F895
:1029D000DD00022811D094F8DC0001280ED001257A
:1029E00084F8DC50022084F8DD00204602F0DDF897
:1029F00084F8DD50002084F8DC0070BD022070BD3A
:102A000010B590F8DC20012A10D0012200F8DC2F4C
:102A10000223437050F8DC3CD3F894430C43C3F8D2
:102A20009443427000210170084610BD022010BD81
:102A30002DE9F041044690F8DD0015460E460228C7
:102A400026D094F8DC00012821D0012784F8DC701E
:102A5000022084F8DD00062E1CD0204602F014F976
:102A6000C6EBC60004EB8000296801626968416218
:102A7000A9688162E968C16229690163314620461B
:102A800002F016F8062E15D0E86A40B112E00220D6
:102A9000BDE8F0811146204602F03EF8E0E78021D3
:102AA000206801EBC6114258EB6D22F4007242EA35
:102AB0004322425084F8DD70002084F8DC00E7E710
:102AC0002DE9F041044690F8DD00022824D094F866
:102AD000DC0001281FD0012584F8DC50022084F896
:102AE000DD00EC20266800EBC113F058176820F0D9
:102AF000100040EA071020F480175068384320F493
:102B00008037D068384320F400379068384397699D
:102B1000012F03D00CE00220BDE8F08120F0040773
:102B20001069384320F002075069384340F0010033
:102B3000F050204601F0BCFF84F8DD50002084F8FE
:102B4000DC00E9E770B5040011D021684CF6CC40F8
:102B50000860216845F255500860D4E900014160E1
:102B60002168A0688860FFF7F5FC05460DE00120AC
:102B700070BD00BFFFF7EEFC401B312805D920686F
:102B8000C068400701D0032070BD2068C0684007BE
:102B9000F0D120680269E1688A4201D0016102E057
:102BA0004AF6AA210160002070BD00684AF6AA21F9
:102BB00001600020704700000248816842681144AB
:102BC000816070473800002010B50024032000F019
:102BD0009BF80F2000F008F808B1012401E000F094
:102BE00047F8204610BD000030B505461B4887B0A9
:102BF000016E41F400610166006E06A900F40060F8
:102C0000009001A800F066FB00F096FB1449154AFD
:102C1000B0FBF1F11448491E0260416040F2E73216
:102C20000021C0E90321816000F08BFE040012D175
:102C30000D4800F0FDFE04000DD1192000F036F81B
:102C4000102D07D200222946192000F03DF8074830
:102C5000056000E0012407B0204630BD00100240AE
:102C600040420F00002C01401006002038000020D8
:102C70000D4808B5016E41F001010166016E01F0D9
:102C800001010091816D41F080518165806D0022CC
:102C900000F0805000900F21901E00F015F8BDE864
:102CA000084000F0A1B8000000100240002809DB35
:102CB00000F01F02012191404009800000F1E02056
:102CC000C0F8001170470000F0B40E4B1B680C46B2
:102CD000C3F30223C3F10705042D00D90425191DF0
:102CE000072901D2002300E0DB1E012606FA05F1C8
:102CF000491E214099409E40761E16403143F0BC4B
:102D000004F09CBD0CED00E0064900F007020868E5
:102D10004FF6FF03184040EA0220034A10430860C0
:102D2000704700000CED00E00000FA052B492C4B29
:102D30000A6832214A432B4940B1B0F5007F086848
:102D400029D020F4C06040F480602CE00868C0F313
:102D50004120022804D051F8800F20F4807022E036
:102D6000D1F8800020F48070C1F88000086820F459
:102D7000C06040F400700860B2FBF3F0401C00E05B
:102D8000401E4A69520501D50028F9D1486940051D
:102D90000AD503207047C0F34120022806D051F81D
:102DA000800F40F48070086000207047D1F88000E8
:102DB00040F48070C1F88000086820F4C06040F4DE
:102DC00000700860B2FBF3F0401C00E0401E4A694E
:102DD0005205DBD50028F9D1D8E7000064000020B7
:102DE00040420F00007000400248816841F4804179
:102DF00081607047007000402DE9F8430446006888
:102E00000026BB4D00035ED5A86D0027C00008D486
:102E1000A86D40F08050A865A86D012700F0805093
:102E20000090DFF8D092D9F8001041F48071C9F811
:102E30000010FFF78FFB804606E000BFFFF78AFB1C
:102E4000A0EB080002282BD8D9F80000C005F5D562
:102E5000D5F8900010F4407014D0216D814211D04B
:102E6000D5F89000D5F8901020F4407041F48031EE
:102E7000C5F89010D5F8901021F48031C5F8901065
:102E8000C5F89000C00711D0FFF764FB804641F2FF
:102E9000883907E0FFF75EFBA0EB0801494501D93F
:102EA00003260BE0D5F890008007F3D5D5F8900005
:102EB000216D20F440700843C5F890001FB1A86D43
:102EC00020F08050A8652078C00707D0D5F888008A
:102ED000616820F003000843C5F888002078800767
:102EE00007D5D5F88800A16820F00C000843C5F884
:102EF00088002078400707D5D5F88800E16820F0E1
:102F000030000843C5F888002078000707D5D5F8B9
:102F10008800216920F0C0000843C5F888002078A7
:102F2000C00607D5D5F88800616920F440700843D1
:102F3000C5F888002078800607D5D5F88800A169F3
:102F400020F440600843C5F888002078400607D583
:102F5000D5F88800E16920F440500843C5F888009E
:102F60002078000607D5D5F88800216A20F4404073
:102F70000843C5F888002088C00507D5D5F8880023
:102F8000616A20F440300843C5F888002068800357
:102F900007D5D5F89C00A16A20F003000843C5F8C6
:102FA0009C002088800507D5D5F88800E16A20F4C8
:102FB00040200843C5F88800208840050FD5D5F883
:102FC0008800216B20F440100843C5F88800206B6E
:102FD000B0F5801F03D1E86840F48010E8602088D5
:102FE00000050FD5D5F88800616B20F44000084338
:102FF000C5F88800606BB0F5800F03D1E86840F435
:103000008010E8602088C0040FD5D5F88800A16B37
:1030100020F040700843C5F88800A06BB0F1807FB5
:1030200003D1E86840F48010E86020884FF0006128
:1030300080040ED5D5F88800E26B20F04060104384
:10304000C5F88800E06B884203D1E86840F480103E
:10305000E860208840040ED5D5F88800226C20F066
:1030600040601043C5F88800206C884203D1E868AE
:1030700040F48010E860208800040FD5D5F888005F
:10308000616C20F040500843C5F88800606CB0F1D6
:10309000805F03D1E86840F48030E8602068C003B6
:1030A0000FD5D5F88800A16C20F040400843C5F842
:1030B0008800A06CB0F1804F03D1E86840F4803004
:1030C000E860206840030FD5D5F89C00E16C20F43F
:1030D00040100843C5F89C00E06CB0F5001F03D118
:1030E000E86840F48010E8603046BDE8F8830000EE
:1030F00000100240007000402DE9F0470E46050028
:103100004FF0000725D0DFF8AC81D8F8000000F0C0
:103110000F00B0420CD2D8F8001021F00F0131435B
:10312000C8F80010D8F8000000F00F00B04210D12D
:103130002968614CC80741F2883A5AD06868DFF8BC
:103140007C91032808D0022820682DD04005002853
:103150002CDB0120BDE8F08720688001F9D5E0680C
:1031600000F00302E068C0F30310401C032A19D0EA
:10317000534A00BFB2FBF0F0E268C2F306225043AC
:10318000E268C2F34162521C5200B0FBF2F04845C3
:1031900017D9A06810F0F00F0CD0880711D5A868D7
:1031A00040B10EE0474AE5E78003D0E700F0D6F8EB
:1031B000484506D9A06820F0F00040F08000A060EB
:1031C0008027A068696820F003000843A060FFF72B
:1031D000C1F9814606E000BFFFF7BCF9A0EB090189
:1031E00051453AD8A068696800F00C00B0EB810F37
:1031F000F2D12868810714D5400703D5A06840F4B0
:10320000E060A0602878000705D5A06820F4605031
:1032100040F4E060A060A068A96820F0F0000843D6
:1032200004E0802F03D1A06820F0F000A060D8F85F
:103230000010404601F00F01B14216D9016821F09B
:103240000F0131430160FFF785F9074607E000BF32
:10325000FFF780F9C11B514501D903207AE7D8F85F
:10326000000000F00F00B042F2D12878400705D5E9
:10327000A068E96820F4E0600843A06028780007AF
:1032800006D5A068296920F4605040EAC100A0601A
:1032900000F064F8A1680C4AC1F30311515C01F01D
:1032A0001F01C8400949086009480068BDE8F047A7
:1032B000FFF79ABC002002400010024000B4C40492
:1032C0000024F400001BB700DCA00008640000200C
:1032D000380000200F2202600C4A936803F00303B9
:1032E0004360936803F0F0038360936803F4E06342
:1032F000C36092684FF4E06303EAD20202610448BB
:10330000006800F00F0008607047000000100240E5
:10331000002002400548064900688968054AC1F353
:103320000221515C01F01F01C84070476400002079
:1033300000100240ECA000080548064900688968B2
:10334000054AC1F3C221515C01F01F01C84070471A
:103350006400002000100240ECA00008184910B5DD
:103360008868C0F381021748012A0BD08A68164B7F
:10337000C2F38102022A06D08A68C2F38102032ABC
:1033800003D0002010BD184610BDCA6802F0030427
:10339000CA68C2F30312521C032C02D0B0FBF2F035
:1033A00001E0B3FBF2F0CA68C968C2F306225043D9
:1033B000C1F34161491C4900B0FBF1F010BD0000B0
:1033C000001002400024F400001BB7002DE9F84370
:1033D00004007AD02078F84DC00747D0A868E96883
:1033E00000F00C0001F003010C2802D0082817D0CF
:1033F00001E0032914D06068B0F5803F17D0B0F524
:10340000A02F286817D020F480302860286820F486
:10341000802028606068E0B1FFF79CF8064614E061
:103420002868800322D560680028D2D01EE0286872
:1034300040F48030EDE740F480202860F7E700BFDB
:10344000FFF788F8801B642870D828688003F7D5B8
:103450000CE0FFF77FF8064605E000BFFFF77AF8BB
:10346000801B6428F0D828688003F7D42078800770
:103470004CD5A868E96800F00C0001F003010C28A5
:1034800002D004280DD001E002290AD0E06800280B
:1034900028682BD040F480702860FFF75BF8064660
:1034A00019E02868400502D5E068002891D06868D6
:1034B000217C20F0FE4040EA01606860BF4800685F
:1034C000FFF792FB002800D120E072E1FFF742F8FD
:1034D000801B0228B8D828684005F7D56868217C89
:1034E00020F0FE4040EA016068600FE020F4807048
:1034F0002860FFF72FF8064605E000BFFFF72AF81F
:10350000801B0228A0D828684005F7D4207800073F
:1035100029D560690028D5F8940013D040F0010047
:10352000C5F89400FFF716F8064606E090E000BFE5
:10353000FFF710F8801B022886D8D5F89400800782
:10354000F6D510E020F00100C5F89400FFF702F86E
:10355000064604E0FEF7FEFF801B022878D8D5F867
:1035600094008007F6D42078400761D5A86D002626
:10357000C00008D4A86D40F08050A865A86D012651
:1035800000F0805000908E480168C90511D4016890
:10359000804641F480710160FEF7DCFF074604E0DD
:1035A000FEF7D8FFC01B022852D8D8F80000C0058B
:1035B000F6D5A068012815D00528D5F8900016D0BA
:1035C00020F00100C5F89000D5F8900020F004002C
:1035D000C5F89000A06841F28838B8B1FEF7BAFF8C
:1035E00007460EE0D5F8900040F00100F0E740F00B
:1035F0000400C5F89000F5E7FEF7ACFFC11B41459C
:1036000026D8D5F890008007F6D50CE0FEF7A2FF8B
:10361000074604E0FEF79EFFC11B414518D8D5F8C8
:1036200090008007F6D41EB1A86D20F08050A865E8
:103630002078800629D5A0690028D5F8980013D0F5
:1036400040F00100C5F89800FEF784FF064606E04A
:1036500075E000BFFEF77EFF801B02286FD8D5F80B
:1036600098008007F6D510E020F00100C5F898001A
:10367000FEF770FF064604E0FEF76CFF801B022891
:103680005DD8D5F898008007F6D4E069F0B3A96852
:10369000C1F3810103295DD00228286820F08070E1
:1036A000286003D0FEF756FF04464BE0FEF752FFBA
:1036B000064604E0FEF74EFF801B02283FD828682C
:1036C0008001F7D4F4E908016FF00F0202EB011159
:1036D0000843218A5204490802EB4151A26841EA99
:1036E00002210843217D4FF07E42490802EB4161EF
:1036F0000843217B40EAC160E968324A114008432F
:10370000E860286840F08070286000E05EE0E868CB
:1037100040F08070E860FEF71DFF044605E000BF42
:10372000FEF718FF001B022809D828688001F7D58A
:103730004CE000BFFEF70EFF001B022802D9032059
:10374000BDE8F88328688001F4D4E8681E49084081
:10375000E8603BE00128F3D0E868226A00F003014A
:10376000914226D1616A00F0F002090110399142BC
:103770001FD1A26A00F4FE41B1EB022F19D194F8D7
:103780002C2000F07841B1EBC26F12D1218E00F4F1
:10379000C00249084905A1F50011914209D194F8E8
:1037A000341000F0C06049084906A1F1007181425F
:1037B0000CD00120C4E700000010024038000020B7
:1037C000007000400C809F01FCFFEEFE0020B7E778
:1037D000704770477047000030B590F83C20012AD0
:1037E00045D0012280F83C20CA688B6822F44072E0
:1037F0001A434B6822F480621A430B6822F4006279
:103800001A430B6922F480521A434B6922F4005286
:103810001A430B6B22F480421A430B8B22F4702262
:1038200042EA0342CB6922F080521A43114D0368E9
:103830000024AB4205D0104DAB4202D00F4DAB423D
:1038400010D10D8D22F4700242EA05520D6A22F069
:1038500080722A434D6A22F000722A43C96A22F01C
:1038600000520A435A6480F83C40002030BD0220D8
:1038700030BD0000002C01400034014000500140E8
:103880007047704770470000F0B590F83C20012A5F
:1038900043D0012580F83C50022280F83D20036887
:1038A0005A689C681E4E1F4FDFF87CC0B34203D09D
:1038B000BB4201D0634504D122F4700E4A6842EA4B
:1038C0000E02DFF868E002EA0E02D1F800E04EEAEC
:1038D000020EC3F804E00268B24212D0B2F1804F87
:1038E0000FD0134B9A420CD0124B9A4209D0124B74
:1038F0009A4206D0BA4204D0104B9A4201D0624597
:1039000004D1896824F080031943916080F83D5008
:10391000002180F83C100846F0BD0220F0BD0000F8
:10392000002C014000340140005001408FFFFFFD9A
:103930000004004000080040000C0040004001402E
:10394000704710B5040003D094F83D0010B107E0B3
:10395000012010BD002084F83C00204600F022F831
:10396000022084F83D00211D206802F0A7FD0120FF
:1039700084F8480084F83E0084F83F0084F8400052
:1039800084F8410084F8420084F8430084F844003D
:1039900084F8450084F8460084F8470084F83D0028
:1039A000002010BD10B586B0044614216846FCF70F
:1039B000D9FC21681B48B1F1804F0CD01A4A9142C2
:1039C00007D1016E41F400510166006E00F4005011
:1039D000059006B010BD816D41F001018165816DDA
:1039E00001F001010591C16C41F00201C164C06C9C
:1039F000694600F002000590082000900220019026
:103A0000002002900390012004900848FEF76CFC0F
:103A1000002208211C20FFF757F91C20FFF746F968
:103A2000D7E70000001002400034014000040048C5
:103A300090F83D10012901D001207047022180F843
:103A40003D100168CA6842F00102CA60006813496B
:103A5000884214D0B0F1804F11D0114988420ED065
:103A6000104988420BD01049884208D00F4988423B
:103A700005D00F49884202D00E49884207D181689B
:103A80000D4A1140062906D0B1F5803F03D00168E8
:103A900041F001010160002070470000002C01404E
:103AA0000004004000080040000C004000340140C9
:103AB00000400140005001400700010070B504467D
:103AC00090F83C00002501281CD0012684F83C60B9
:103AD000022084F83D0022689068334B184020F49F
:103AE0007F4090600868B0F5005F2ED016DC40285B
:103AF00049D009DCD0B1102818D0202816D03028A1
:103B000049D113E0022070BD50282AD0602830D05F
:103B100070280FD0B0F5805F3DD13DE010F00F0F61
:103B200039D10111A1F58031072934D82268014625
:103B3000104625E0CB68D1E90121206802F03DFD67
:103B40002068816841F0770109E0CB68D1E9012163
:103B5000206802F032FD2068816841F48041816074
:103B60001AE0CA684968206802F0FCFE502120680B
:103B700006E0CA684968206802F046FF60212068B4
:103B800002F026FD08E0CA684968206802F0EAFEF3
:103B900040212068F4E7012584F83D60002084F886
:103BA0003C00284670BD000088FFCEFF2DE9F041A3
:103BB0000068B0F1804F53D12A4C2068C068C043E0
:103BC00040074DD4DFF8A08008214046FEF7B0FC46
:103BD0000026264D012708B1287928B10821404642
:103BE000FEF7A6FC60B10DE02F712068016A21F09C
:103BF000A00101622068016A41F02001016229E010
:103C0000687940B108214046FEF792FC20B36879FC
:103C100001280FD020E00421124800F0E1FBA86148
:103C20002068016A21F0A00101622068016A016236
:103C30006F7111E004210B4800F0D2FB686120682D
:103C4000016A21F0A00101622068016A41F02001AF
:103C500001626E712068466221686FF0040008619D
:103C6000BDE8F08150040020000400480C01002051
:103C70002DE9F041054690F83C0000260C4601284D
:103C800010D0012085F83C0072B1042A1CD0082A0B
:103C90002CD00C2A50D00126002085F83C0030465C
:103CA000BDE8F0810220FBE7D4E90012E368286850
:103CB00002F06AFE2868816921F00C0181612868A0
:103CC0008169A26811430FE0D4E90012E368286813
:103CD00002F0ACFE2868816921F4406181612868A6
:103CE0008169A26841EA02218161D5E72868D4E9A7
:103CF000002C277B036A016A21F480710162C1698B
:103D000023F4206321F0030141EA0C0121F0F00CBF
:103D100039074FF420674CEA116107EA02221A437F
:103D2000C16102622868C16921F00C01C161286883
:103D3000C169A26811432BE02868D4E90021E76833
:103D4000036AD0F820C02CF4805CC0F820C0D0F802
:103D50001CC023F420432CF4407C4CEA012121F4C4
:103D6000704C4FF6FF7101EA07314FF4204741EAEA
:103D70000C0107EA02321A43C16102622868C16974
:103D800021F44061C1612868C169A26841EA022149
:103D9000C16181E710B5040003D094F83D0010B173
:103DA00007E0012010BD002084F83C00204600F010
:103DB00022F8022084F83D00211D206802F07EFBDD
:103DC000012084F8480084F83E0084F83F0084F81D
:103DD000400084F8410084F8420084F8430084F8ED
:103DE000440084F8450084F8460084F8470084F8CD
:103DF0003D00002010BD704730B50446002571B16C
:103E0000042911D0082914D00C2917D0102918D052
:103E100094F8430094F84720012817D114E094F84F
:103E20003E0094F84420F7E794F83F0094F84520CA
:103E3000F2E794F8400094F84620EDE794F841004A
:103E4000E8E794F84200E5E7012A01D0012030BDFF
:103E5000022079B1042916D008291DD00C294FD091
:103E6000102950D084F8430084F847000C294DD025
:103E7000012543E084F83E0084F844002068C268CD
:103E800042F0020210E084F83F0084F84500206808
:103E9000C26842F0040207E084F8400084F846005B
:103EA0002068C26842F00802C2600122206802F065
:103EB00077FB19492068884214D0B0F1804F11D0A7
:103EC000164988420ED0164988420BD015498842BF
:103ED00008D01549884205D01449884202D01449B7
:103EE000884207D18168134A1140062906D0B1F5EE
:103EF000803F03D0016841F001010160284630BDD8
:103F000084F84100B0E784F84200ADE72068C26859
:103F100042F01002C8E70000002C014000040040FD
:103F200000080040000C0040003401400040014007
:103F300000500140070001002DE9F04104460068EF
:103F4000C66805694FF00007A90713D5B10711D559
:103F5000F91E0161012020772068806980072046D2
:103F600002D0FFF723FE04E000F0E0F8204600F066
:103F7000A2F92777680716D5700714D521686FF066
:103F800004000861022020772068806910F4407FD7
:103F9000204602D0FFF70AFE04E000F0C7F82046F2
:103FA00000F089F92777280715D5300713D5216840
:103FB0006FF008000861042020772068C06980073E
:103FC000204602D0FFF7F2FD04E000F0AFF82046F3
:103FD00000F071F92777E80616D5F00614D52168A8
:103FE0006FF010000861082020772068C06910F485
:103FF000407F204602D0FFF7D9FD04E000F096F89C
:10400000204600F058F92777E80708D0F00706D0D7
:1040100021686FF001000861204600F0D7F92806FA
:1040200001D4A80408D5300606D521686FF40250E3
:1040300008612046FFF7CDFBE80508D5300606D518
:1040400021686FF4807008612046FFF7C1FB6806A5
:1040500008D5700606D521686FF04000086120463B
:1040600000F0D3F9A80608D5B00606D521686FF090
:10407000200008612046FFF7ADFBE80208D5F002FA
:1040800006D521686FF4801008612046FFF7F9FB20
:10409000A80208D5B00206D521686FF400100861A7
:1040A0002046FFF7EDFB680208D5700206D52168AF
:1040B0006FF4800008612046FFF7E4FB28020AD570
:1040C000300208D521686FF4000008612046BDE881
:1040D000F041FFF735BCBDE8F081000010B586B0B7
:1040E000044614216846FCF73DF90E4920688842D1
:1040F00016D10D48C16C41F00101C164C06C0021B2
:1041000000F0010005904FF4004000900220CDE93E
:104110000101CDE9031069464FF09040FEF7E4F845
:1041200006B010BD0034014000100240704770B569
:10413000044690F83C0000260D4601280BD00120D3
:1041400084F83C000C2A4AD007DC82B1042A20D033
:10415000082A06D131E0022070BD102A53D0142A5B
:1041600063D00126002084F83C00304670BD2068F2
:1041700002F038FA2068816941F008018161206805
:10418000816921F004018161206881692A691143F4
:1041900011E0206802F07CFA2068816941F4006136
:1041A00081612068816921F4806181612068816971
:1041B0002A6941EA02218161D4E7206802F0B8FA55
:1041C0002068C16941F00801C1612068C16921F01E
:1041D0000401C1612068C1692A69114311E02068A6
:1041E00002F0F6FA2068C16941F40061C1612068FB
:1041F000C16921F48061C1612068C1692A6941EA0D
:104200000221C161AEE7206802F032FB2068016D37
:1042100041F0080101652068016D21F0040101658C
:104220002068016D2A69114311E0206802F05CFBEF
:104230002068016D41F4006101652068016D21F481
:10424000806101652068016D2A6941EA02210165EA
:1042500088E710B5040003D094F83D0010B107E0E2
:10426000012010BD002084F83C00204600F022F818
:10427000022084F83D00211D206802F01FF9012072
:1042800084F8480084F83E0084F83F0084F8400039
:1042900084F8410084F8420084F8430084F8440024
:1042A00084F8450084F8460084F8470084F83D000F
:1042B000002010BD7047704770B50446022269B1F6
:1042C000042912D0082917D00C291CD0102921D07C
:1042D00094F84300012824D0012070BD94F83E00DA
:1042E0000128F9D184F83E201DE094F83F00012810
:1042F000F2D184F83F2016E094F840000128EBD179
:1043000084F840200FE094F841000128E4D184F8BB
:10431000412008E094F842000128DDD184F84220D1
:1043200001E084F843200122206802F039F91D4998
:1043300020681D4A1D4B1E4D88420BD0904209D06B
:10434000984207D01B4EB04204D01B4EB04201D061
:10435000A84203D1466C46F4004646642068884271
:1043600011D0B0F1804F0ED0144988420BD01449BF
:10437000884208D01349884205D0904203D0984221
:1043800001D0A84207D181680F4A1140062906D002
:10439000B1F5803F03D0016841F0010101600020C8
:1043A00070BD0000002C014000340140004001407D
:1043B000005001400044014000480140000400401A
:1043C00000080040000C004007000100006803499D
:1043D000884201D1FEF7F0BB70470000002C01407D
:1043E0000246002041B1042909D008290AD00C292D
:1043F00001D11068006C70471068406B70471068FE
:10440000806B70471068C06B7047704790F88410DD
:10441000012918D0012180F884102421C0F88810C7
:1044200001680A680B6823F001030B6022F0005159
:1044300000224266036819602021C0F8881080F8C5
:10444000842010467047022070477047704770B54F
:10445000044690F8840001281DD0012084F88400CF
:104460002420C4F8880020680568026822F0010250
:1044700002602068826822F060620A4382602046FF
:1044800002F018FC206805602020C4F88800002095
:1044900084F8840070BD022070BD70B5044690F8A9
:1044A000840001281DD0012084F884002420C4F851
:1044B000880020680568026822F001020260206816
:1044C000826822F060420A438260204602F0F2FBDA
:1044D000206805602020C4F88800002084F884004B
:1044E00070BD022070BD7047704770472DE9F041E4
:1044F00003680446D86919689A6840F60F0528428F
:104500004FF000054FF002060AD187067ED501F074
:10451000200702F0805C57EA0C0777D0616F42E118
:10452000B64FDFF8DCC2174001EA0C0C57EA0C0C5E
:104530006CD05FEAC07C0CD05FEAC15C09D54FF05B
:10454000010CC3F820C0D4F8903043F00103C4F844
:104550009030830709D5D30707D023681E62D4F8AB
:10456000903043F00403C4F8903043070AD5D307D2
:1045700008D0266804233362D4F8903043F0020355
:10458000C4F8903003070CD501F020033B4308D05A
:10459000266808233362D4F8903043F00803C4F847
:1045A000903003050BD54B0109D526684FF4006305
:1045B0003362D4F8903043F02003C4F89030D4F83C
:1045C0009030002B3DD0800609D501F0200002F08C
:1045D0008051084303D0616F09B120468847D4F861
:1045E000900021688968490602D410F0280F2AD06B
:1045F000204602F043FC2068806840061ED52068F3
:10460000083050E8001F21F0400100E021E040E8C0
:104610000012002AF3D1D4F8800078B1794981637F
:10462000D4F88000FDF72FFD00280AD0D4F88000D0
:10463000816B00E02046BDE8F04108472046FFF7C7
:1046400054FFBDE8F0812046FFF74FFFC4F89050BB
:10465000F7E7D4F86CC02027BCF1010F7ED15FEAE8
:10466000C06C7BD55FEAC16C78D5102018622068D9
:104670008068400651D5D4F880100A68506800045C
:10468000000C3ED0B4F85C3083423AD9A4F85E0006
:104690000868006880062CD4216851E8000F20F4D7
:1046A000807041E80002002AF6D12068083050E806
:1046B000001F21F0010140E80012002AF5D1206816
:1046C000083050E8001F21F0400140E80012002AA5
:1046D000F5D1C4F88C70E566216851E8000F20F030
:1046E000100041E80002002AF6D1D4F88000FDF75E
:1046F00095FC2667B4F85C00B4F85E10401A81B2ED
:1047000007E0B4F85C1081429BD11068800698D510
:1047100026672046FFF799FE93E7B4F85C00B4F8EB
:104720005E10401A81B2B4F85E00002889D00029DA
:1047300087D0226852E8000F20F4907042E800030E
:10474000002BF6D12D4BDB432068083050E8002FBA
:104750001A4040E8002CBCF1000F00E00EE0F3D15D
:10476000C4F88C70E5666567206850E8002F22F079
:10477000100240E80023002BF6D1C9E7C60209D594
:10478000560207D54FF4801018622046BDE8F0416C
:10479000FFF7AABE03060AD501F0800302F4000267
:1047A000134304D0A16F00297FF444AF49E74206C8
:1047B00011D54A060FD52046016851E8002F22F096
:1047C000400241E80023002BF6D1C0F888708567CD
:1047D00000F06DF935E7020206D54A0004D52046FF
:1047E000BDE8F041FFF77FBEC00195D5002993DAFF
:1047F0002046BDE8F041FFF729BE0000010000108F
:10480000200100046D6E000810B5040003D0D4F838
:10481000880010B107E0012010BD002084F884005A
:10482000204600F027F82420C4F88800206801689A
:1048300021F001010160A06A10B1204602F05CFA8B
:10484000204602F0ADFD0128E6D02068416821F441
:10485000904141602068816821F02A0181602068D0
:10486000016841F0010101602046BDE8104002F0FE
:10487000A7BA00002DE9F0419CB00446142115A808
:10488000FBF770FD54216846FBF76CFD3749206843
:10489000374C0226DFF8DC800427002588423CD113
:1048A0001020059500906846FEF7A6FA08B1FCF7BF
:1048B00027FCA06D40F48010A065A06D00F480106E
:1048C0001A90E06C40F00400E064E06C00F004003A
:1048D0001A90E06C40F00800E064E06CCDE91665E9
:1048E00000F008001A904FF4805015900520CDE993
:1048F000185015A94046FDF7F7FC15A91E48159755
:10490000FDF7F2FC3520FEF7D1F900220721352012
:10491000FEF7DAF91CB0BDE8F08118498842F9D1F8
:10492000684600970395FEF767FA08B1FCF7E8FBC5
:10493000A06D40F48020A065A06D00F480201A9046
:10494000E06C40F00400E064E06CCDE9166500F036
:1049500004001A904FF4406015900720CDE91850DC
:1049600015A94046FDF7C0FCD4E700000050004008
:104970000010024000080048000C004800480040B9
:1049800030B4D0F88C30202B02D0022030BC7047DD
:10499000A9B1A2B10023C3660A4C0368A3420BD09D
:1049A0005B681B0208D5046854E8003F43F080634D
:1049B00044E80035002DF6D130BC02F03DBE0120A8
:1049C000E4E70000008000400068094988420ED1F9
:1049D000084801780848B0F88020815430F8801FDA
:1049E000491C0180012203490448FFF7C9BF7047F1
:1049F000005000403400002050330020E804002024
:104A00002DE9F8430446D0F88800984616460D462E
:104A1000202802D00220BDE8F883A5B19EB1002075
:104A2000C4F890002120C4F888001834FDF792FDE6
:104A3000A6878146E68754F8100C2027183CB0F56D
:104A4000805F02D003E00120E5E7206910B12E4627
:104A5000002510E000260EE08021204602F074FEC2
:104A6000C0B9DEB116F8010B21688862B4F85600AF
:104A7000401EA4F85600B4F856004B464FF0000212
:104A8000CDF800800028E7D14FF04001204602F029
:104A90005BFE40B1C4F888700320BCE735F8020B18
:104AA000C0F30800E0E7C4F888700020B3E770475F
:104AB000072930D2DFE801F00A10161C2228040072
:104AC0000068D0F8841341F0010122E00068D0F8BA
:104AD000841341F002011CE00068D0F8841341F017
:104AE000040116E00068D0F8841341F0080110E0DA
:104AF0000068D0F8841341F010010AE00068D0F893
:104B0000841341F0200104E00068D0F8841341F0E0
:104B10004001C0F88413704770B503681A68D3F871
:104B2000A0534C6922F020022646144324F0C00210
:104B3000202E2BD08C69022C28D0032C2BD0042CB7
:104B40002ED022F0E00200BF22F40064CA692243A2
:104B500022F480640A6A224322F0C0644A6A224333
:104B600022F000648A6A2243CC6A22F0404242EA80
:104B7000840222F000544A6B096B224325F48034EE
:104B800021431A600068C0F8A01370BD22F0C00273
:104B900042F02002D8E722F0800242F04002D3E740
:104BA00022F0400242F08002CEE7F0B50024E42675
:104BB000056806EBC11755F807C0B82606EBC11605
:104BC000AE59402A20D00EDC082A2CD006DC012A5F
:104BD0001AD0022A27D0042A31D115E0102A13D086
:104BE000202A2CD11FE0B2F5007F1CD005DC802AE2
:104BF00019D0B2F5807F22D106E0B2F5806F03D0E4
:104C0000B2F5006F1BD10EE04FF0BC0E0EEBC11ED3
:104C10005A6845F80E204FF0C00E05680EEBC11122
:104C20009A686A500BE0C42404EBC1145A682A51F4
:104C3000C825046805EBC1119A6862501024FE2152
:104C4000A1401A682CEA010CA240D96842EA0C0281
:104C5000A14011431A69D3F814C01546A2400A4373
:104C60000CFA04FC99694CEA020CA14041EA0C01DF
:104C7000082D06D1B20504D4B20102D4DA69A240EB
:104C800011430068C151F0BD2DE9F04F8024036845
:104C900004EBC117DC5924F07044DC510568EC5971
:104CA000E82303EBC1139E4655F803C0E42303EB4E
:104CB000C1139B4655F803A0D5F8A033566924F0DC
:104CC00020043443202E24D09669022E21D0032EB6
:104CD00024D0042E27D024F4D07400BF24F400661E
:104CE000D469344324F48066146A344324F0C066E3
:104CF000546A344324F00066946A344324F07046C6
:104D0000D46A3443566B24F40034B6F1005F0FD0FC
:104D100010E024F4C07444F02004DFE724F480742D
:104D200044F08004DAE724F0800444F48074D5E78A
:104D300044F4003424F04008946B2CF03F0C2646D9
:104D400044EA080424F48028946D44EA0804DFF857
:104D5000D08004EA0804D2F8508048EA040992F8A6
:104D60003C40D2F8408004F03F0444EA0C0424F0B4
:104D7000004448EA0408546C2AF4807C44EA0C0499
:104D8000D2F848C0BCF5606F02D0BCF5F05F01D12D
:104D9000402E03D124F4F0544CEA040424F4804659
:104DA000D46C3443566D062927D2DFE801F003099D
:104DB0000F151B21126B23F4003343EA42031CE05E
:104DC000126B23F4802343EA820316E0126B23F470
:104DD000002343EAC20310E0126B23F4801343EA7A
:104DE00002130AE0126B23F4001343EA421304E0B7
:104DF000126B23F4800343EA821345F80790056899
:104E000045F80E80056845F80B40D424026804EB91
:104E1000C11156500068C0F8A033BDE8F08F000003
:104E2000FFFF06FEFEE7000070B5C91CC1F3870452
:104E300000210A4D0FE000BF00EBC1035A685B88F8
:104E40001E0C324330F8316046EA034305EBC106DD
:104E5000491CC6E90032A142EEDB70BD880100208A
:104E60000148FDF7A2BE00004004002000EB8100D5
:104E7000006E00F0F84070478068C0F3C0007047D3
:104E80008068C0F3800070478068C0F3800070477E
:104E9000C06810F4406F01D00020704701207047B7
:104EA000042303EAD15310B518444369C1F30451F4
:104EB00007248C40A3438A401343436110BD00EB99
:104EC0008100016E21F0004111430166704700002E
:104ED00008B5AE480090FF24002301226421ACA055
:104EE00005F052F8DFF8B0924FF47A764D46C9F8E3
:104EF0000400AA480090002301223146A8A005F032
:104F000043F8A860AA48009000230122C821A9A064
:104F100005F03AF8E860AA480090002301223146E3
:104F2000A8A005F031F82861AA48009000230122CA
:104F30003146A9A005F028F8686104F0A5FE4FF0FD
:104F4000000A0246CDF800A053460121686805F02A
:104F500065F8A548006803F06FFF0146A3A0FCF7C1
:104F6000A7F8A9A1ABA0FCF7A3F8AEA1B0A0FCF7ED
:104F70009FF8B34EDFF8CC824FF4FA7B03F0ACFF1E
:104F8000377898F8105003F0C7FFFCF7A9F90146ED
:104F9000ADA0FCF78DF82946AFA0FCF789F82146B3
:104FA000B4A0FCF785F83946B7A0FCF781F8AC420D
:104FB00052D02C46062D4FD2DFE805F003284F765D
:104FC0009BBE0023CDF800A055461A4603214F464C
:104FD000D9F80C0005F022F8002300951A460321A9
:104FE000386905F01BF8002300951A4603217869FB
:104FF00005F014F8FBF7ACFFFBF799FF04F044FE53
:105000000246002300950121B868B9E00023CDF8DD
:1050100000A055461A4603214F46D9F8080004F06F
:10502000FDFF002300951A460321F86804F0F6FFFF
:10503000002300951A460321386904F0EFFF00238E
:1050400000951A460321786904F0E8FFFBF764FF36
:10505000FBF76DFFFBF782FF94E00023CDF800A083
:1050600055461A4603214F46D9F8080004F0D6FFEA
:10507000002300951A460321F86804F0CFFF0023AF
:1050800000951A460321386904F0C8FF00230095F3
:105090001A460321786904F0C1FFFBF73DFFFBF7D7
:1050A00057FFFBF74AFF6DE00023CDF800A05546FF
:1050B0001A4603214F46D9F8080004F0AFFF002339
:1050C00000951A460321386904F0A8FF00230095D3
:1050D0001A460321786904F0A1FFFBF71DFFFBF7D7
:1050E00026FF04F0D1FD0246002300950121F86857
:1050F00046E00023CDF800A055461A4603214F464E
:10510000D9F8080004F08AFF002300951A4603210D
:10511000F86804F083FF002300951A4603213869DC
:1051200004F07CFFFBF7F8FE04F0AEFD024600231E
:1051300000950121786923E00023CDF800A05546B1
:105140001A4603214F46D9F8080004F067FF0023F0
:1051500000951A460321F86804F060FF00230095CB
:105160001A460321786904F059FFFBF7D5FEFBF7D7
:10517000EFFE04F089FD0246009500230121386905
:1051800004F04CFF584603F07FFFF7E6614E00083D
:10519000494F5F4C4544000038010020D50A000803
:1051A000424C455F424C55455F4C45440000000071
:1051B000150F0008424C455F5245445F4C45440082
:1051C000050B0008424C455F475245454E5F4C4534
:1051D00044000000D90A0008475245454E5F524539
:1051E000445F4C45440000000C0000204C656450B6
:1051F000726F635461736B5F48616E646C65723A81
:10520000256C642E0D0A0000417567203134203270
:10521000303235005F444154455F2069733A25734D
:105220000D0A000030393A31393A333900000000B4
:105230005F54494D455F2069733A25730D0A00009C
:1052400000000020AC010020476574457272436E77
:10525000743A25642E0D0A005458706172616D65B0
:105260007465722E6C65645F737461743A25642E84
:105270000D0A0000496E69745F6C65645F73746148
:10528000743A25642E0D0A00675F74785F73797332
:1052900074656D5F737461743A25642E0D0A0000A5
:1052A00030B58BB0002408940994202168460A94F4
:1052B000FBF758F81D484FF0A041042501604FF45A
:1052C0004031C0E90114C4600461C0E905450477B8
:1052D00044770121016280F82440C462046380F8AD
:1052E0003840C46380F84040FCF7AEFB08B1FBF7E0
:1052F00007FF08A90D480894FCF7BCF808B1FBF7B4
:10530000FFFE0B48009006200190072002907F20AE
:105310000594CDE9030569460448FCF75BF90028CC
:1053200001D0FBF7EDFE0BB030BD00006C02002099
:105330000200300430B589B020216846FBF712F82E
:1053400019481849002401604FF44031C0E90114A4
:10535000C46004250461C0E9054504774477012150
:10536000016280F82440C462046380F83840C4635A
:1053700080F84040FCF768FB08B1FBF7C1FE0B4822
:1053800000900620CDE901047F200594CDE90305B6
:1053900069460548FCF71EF9002801D0FBF7B0FE6E
:1053A00009B030BD00010050D80200200080F03E5E
:1053B0001CB505490120CDE900010023322203A1DB
:1053C000054804F0FBFB1CBD0800002073746172EB
:1053D000745F7461736B0000B18C000870B586B0A7
:1053E00014216846FAF7BEFF2D48C16C41F0040154
:1053F000C164C16C01F004010591C16C41F0200150
:10540000C164C16C01F020010591C16C41F0010142
:10541000C164C16C01F001010591C16C41F0020150
:10542000C164C16C01F002010591C16C41F0080139
:10543000C164C06C012200F0080095024FF0904654
:10544000059029463046FDF780F80022E0213046DD
:10545000FDF77BF800244FF44050CDE90004694685
:1054600010480294FCF740FF00950125CDE9025455
:10547000694630460195FCF737FFE020CDE900058D
:10548000CDE9025469463046FCF72EFF1020CDE9E5
:105490000004694604480294FCF726FF06B070BD7C
:1054A0000010024000040048000800482DE9F043C5
:1054B000B5B000242E942F9430941C2127A8319449
:1054C000FAF750FF60216846FAF74CFF32943394A4
:1054D000202118A83494FAF745FF1C2120A8FAF7D8
:1054E00041FF5E485C49C0E900148460FDF7C6F8DE
:1054F00008B1FBF705FE0C215848FDF78EF808B1FE
:10550000FBF7FEFD0A215548FDF72CF908B1FBF722
:10551000F7FD02274FF004092097CDE921940126D9
:105520008020CDE92406239420A94C482696FDF737
:1055300017F808B1FBF7E4FDDFF8248108252EAA4F
:10554000B8F80000CDE92E0400214448CDE93045EB
:10555000FDF74EF908B1FBF7D3FD29942A9427AA49
:1055600000213E4827962D94FDF7AAFA08B1FBF7D3
:10557000C7FD4AF6802200213848FDF714F908B12A
:10558000FBF7BEFD009401940294CDE90346059417
:10559000069407944FF000600894CDE90940C012CA
:1055A000CDE90B404003CDE90D040F941094119404
:1055B00012941494159416946A460021274817945F
:1055C000FDF736FA08B1FBF79BFDB8F8000032ABE7
:1055D00050383290012200212048FDF746F908B1E9
:1055E000FBF78EFD5020329032AB042200211B4885
:1055F000FDF73BF908B1FBF783FDCDE91875CDE95F
:105600001A541C941D941E9418AB012200211348B7
:105610001F94FDF7DAF908B1FBF772FD2020CDE900
:105620001840CDE91A091C9518AB022200210B483D
:10563000FDF7CBF908B1FBF763FD00F0AFFE0321E6
:105640000648FDF7DDF94FF400310448FDF7A7F9EE
:1056500035B0BDE8F083000000680140440300203D
:10566000040000200B4810B5094901600421416085
:1056700040F6FF71C1604FF4FA718160FDF762FA84
:10568000002803D0BDE81040FBF73ABD10BD000074
:10569000003000404004002010B58CB00024059478
:1056A000234804940694079408940A940994009457
:1056B000019402944FF0804103940160A921C0E954
:1056C00001144FF6FF71C0E903148461FEF739F944
:1056D00008B1FBF715FD4FF48050049004A914485D
:1056E000FEF7ECF908B1FBF70BFD1148FEF752FB92
:1056F00008B1FBF705FD2020089008A90A940C4882
:10570000FEF7C2F808B1FBF7FBFC0120CDE9004031
:1057100002940422694606480394FEF7A9FA08B1E8
:10572000FBF7EEFC04210248FEF766FB0CB010BD4F
:105730005004002030B59BB0002419941A9417949B
:105740001894149415941C210DA81694FAF70AFEC7
:1057500034216846FAF706FE2E482D4941F68F257A
:10576000C0E90014C0E9024580210461C0E9054197
:10577000FEF7E7F808B1FBF7C3FC4FF48050179031
:1057800017A92448FEF79AF908B1FBF7B9FC21489C
:10579000FEF75FFD08B1FBF7B3FC1494159414A950
:1057A0001C481694FEF770F808B1FBF7A9FC6020BE
:1057B000CDE90E540D9010941194129400220DA96D
:1057C00014481394FEF7B3FC08B1FBF799FC00945E
:1057D0004FF40050CDE9044003940003CDE90840A4
:1057E00001940294069407940A940B94694609481C
:1057F0000C94FDF7F1FF08B1FBF782FC0548FEF7BA
:105800006DFC00210348FEF757FD1BB030BD0000C2
:10581000003401409C04002010B50F4C0D49C4E930
:1058200000100020A0600C21E060C4E90401A06128
:105830002046FEF7E9FF08B1FBF762FC01220749A9
:105840000548FFF79DF82068016841F010010160EC
:1058500010BD000000500040E8040020340000208B
:10586000184810B5164901604FF4E131416000213C
:1058700081600C22C160C0E904128161C1610162D2
:1058800041628162FEF7C0FF08B1FBF739FC0021DD
:105890000C48FEF702FE08B1FBF732FC0021094874
:1058A000FEF7D5FD08B1FBF72BFC0648FEF7AEFD71
:1058B000002803D0BDE81040FBF722BC10BD00005B
:1058C000004800407C050020FEE700002DE9F04183
:1058D0002248234D21498088204C40BAE881AA897A
:1058E0000B78823416184978B6F57A7F23702ED259
:1058F00061704100A170002104F182070CE053188F
:1059000057F8236033884FEA132C04EB4103491CFA
:1059100083F803C036781E7103468142EFDB032112
:1059200001EB430081B20D48823003F05BFA28821C
:10593000E98904EB4102D070000A1071052000EBE8
:105940004101BDE8F0410548823001F047BF41F018
:10595000800060700220A0700321F2E75033002025
:105960005001002070B5174D1548AB8900F58272C3
:10597000017952F82330090200F182041980AB89C1
:1059800052F823204379194311800178217041781E
:1059900061708178A170C178E170017921714079DD
:1059A00060710621204603F01DFA2882A071000ACA
:1059B000E0712046BDE87040082101F00FBF0000F3
:1059C00050330020500100202DE9F0471F481E49A8
:1059D000204E0160091F4160891C8160091DC16062
:1059E000891C01610C318C1EC0E905141849002086
:1059F000A4F1120508604860174FE8804FF0FF08D7
:105A000086F800804FF0060987F80090A88028806B
:105A10006880A4F80080A4F80290032221460F4871
:105A200000F0EAFBA0886881A0F57F41FF3905D02E
:105A300020783070A0783870BDE8F08786F8008054
:105A400087F80090F8E7000054010020543400204B
:105A5000D0010020020000200300002000F8000810
:105A6000FEE700001FB50FA10522D1E90001CDE935
:105A7000020102A9302000F0FDF80522694610203D
:105A800000F068F8002069460A5CA52A03D1401C92
:105A9000C0B20528F8D3052802D0012004B010BDFB
:105AA0000020FBE7A5A5A5A5A500000070B51B4833
:105AB00086B0C16C41F00201C164C06C4FF4005566
:105AC00000F00200059001200024CDE90050CDE94E
:105AD0000204134E69463046FCF706FC01222946B3
:105AE0003046FCF732FD1020CDE9000402940D4C45
:105AF00069462046FCF7F8FB012220212046FCF7EE
:105B000024FD002229463046FCF71FFD01225102E8
:105B10002046FCF71AFD06B070BD000000100240E0
:105B2000000800480004004810B500224FF400515E
:105B30000648FCF70AFD012251020548FCF705FD65
:105B4000BDE810400A20FCF7DBBA0000000800485E
:105B5000000400482DE9F047DFF8409015460F4655
:105B600004464FF40078002241464846FCF7EDFC1D
:105B7000204602F025FB0646002405E0FF2002F047
:105B80001FFB3855641CE4B2AC42F7D301224146F6
:105B90004846FCF7DAFC3046BDE8F08700040048D0
:105BA00070B50B4E04464FF400750022294630466E
:105BB000FCF7CBFC204602F003FBFF2002F000FBC9
:105BC0000446012229463046FCF7BFFC204670BD42
:105BD0000004004870B505460720FFF7E1FF0446C2
:105BE0000146272000F06CF860060AD50A222946F3
:105BF0006120FFF7AFFFFF21E22000F061F80020F5
:105C000070BD012070BD000070B5184E04464FF401
:105C10000055002229463046FCF797FC0A2221460F
:105C2000A02000F027F8012229463046FCF78DFC21
:105C30000F4C10212046FCF77BFC0028F9D10720EF
:105C4000FFF7AEFF04460146272000F039F8E006D2
:105C500005D5FF21E12000F033F8102070BDA0062B
:105C600001D5202070BDFF2070BD00000008004855
:105C7000000400482DE9F047DFF8409015460F4634
:105C800004464FF40078002241464846FCF75DFC8C
:105C9000204602F095FA0646002404E0385D02F042
:105CA0008FFA641CE4B2AC42F8D301224146484664
:105CB000FCF74BFC3046BDE8F087000000040048CC
:105CC0002DE9F0410C4E0F4604464FF400750022BA
:105CD00029463046FCF739FC204602F071FA0446AA
:105CE000384602F06DFA012229463046FCF72DFCB9
:105CF0002046BDE8F08100000004004810B50446CD
:105D0000002002460AE0A35C03EB001010F0704391
:105D100002D080EA13605840521CD2B28A42F2D3B9
:105D200010BD000008B54848002300901A4647F20D
:105D3000305146A004F028F9494D00231A46286244
:105D40004848009041F2883147A004F01DF968628C
:105D50004948002300901A464FF4FA6147A004F026
:105D600013F9A862642003F08FF914214648FBF769
:105D700023FB40F6E4414843000B00EB40004008A1
:105D8000424E4CF24F374FF001084FF0030ADFF854
:105D90000091404CC5F8100000F09CFEFAF762FE3E
:105DA00021688819B8423CD8DFF8ECB04FF4805134
:105DB0005846FCF7BDFB00904FF400515846FCF7E5
:105DC000B7FB02460098012801D1012A0AD085F8C4
:105DD00000800B20E07489F800A030A00099FBF748
:105DE00067F927E0E068A0F54071E73904D0324850
:105DF0000078012805D008E01620E07489F800A09A
:105E00000CE000F07FF800202870FBF717F9A87964
:105E100080B11120E074042189F8001085F8008019
:105E200008E085F8008089F800A00A20E07423A02B
:105E3000FBF73EF9D4E9001227A0E368FBF738F935
:105E4000642003F021F9A7E7456B000854656D70E5
:105E5000657261747572652054696D654F75740063
:105E60000C010020F51000084572726F7220537407
:105E700061747573000000008112000846616E2095
:105E8000436F6E74726F6C0004006008BF81FAFF8C
:105E900000000020AC010020000400485F72656132
:105EA0006479312025642C5F6661756C7431202023
:105EB00025640D0A00000000EB00002054587061BA
:105EC00072616D657465722E54785F555F504643FC
:105ED000A3BA2564200D0A005458706172616D6583
:105EE0007465722E54785F555F504643A3BA25649B
:105EF00020693A2025642054656D703A2025640D90
:105F00000A000000F8B510212548FCF711FB254FC9
:105F1000254E264C012170B1002525486570A170E1
:105F20000078C0B10A20A072E078A17A884214D229
:105F3000401CE070F8BD6170E170A078052802D2C5
:105F4000401CA070F8BD38780028FBD1307D0028B7
:105F5000F8D13175F8BD0320E5E7FBF70BF81548DC
:105F60000570154805707574FBF794F83D70206A4C
:105F700004F088F830B1002300951A460321206A06
:105F800004F04CF8606A04F07DF80028E2D00023A9
:105F900000951A460321606A04F040F8F8BD00003D
:105FA0000008004800000020AC0100200C01002087
:105FB000ED000020EE00002001000020FFF704FDAE
:105FC0001A48007800F08CF9FFF726FC184E194D9E
:105FD000194FDFF868801A4CDFF868A04FF0FF3BDC
:105FE0004FF000095946306803F0F2FC02F074FFEC
:105FF0006868010C218060802968A1804843B0FB5B
:10600000F7F0E08098F8000002280DD00E48C07C20
:10601000208102F081FF00F019F880210948FAF789
:10602000A1F9AAF88090DDE70520F1E70300002040
:1060300028000020D001002040420F000000002076
:106040005001002050330020AC0100202DE9F04128
:10605000384C394F21783878814268D1627804F120
:10606000820542F08000032A05D0062A03D0297059
:106070006870012043E06288304E52BAB2F57A7FF0
:10608000B28139D2B4F88000801E81B2294802F072
:10609000A9FE30822749B4F88020891E114409885E
:1060A000884221D16078032802D0062805D102E079
:1060B000FFF70CFC01E0FFF755FC2049B2891231D3
:1060C0001F48052A23D0062A31D16278062A2ED10C
:1060D0004AF6AA228A8009783970BDE8F04117494A
:1060E0000322123100F0A8B820782870607840F0C0
:1060F00080006870042002E0297068700220A87097
:10610000BDE8F0410B480321823001F067BB6278A3
:10611000062A0CD14AF6BB228A800A4A8978117075
:1061200006490322123100F087F800F0F7F8BDE8C5
:10613000F0810000503300200200002050010020B8
:1061400000F800080300002070B51749174D4FF400
:1061500000540870002221462846FCF7F6F9052273
:1061600011492A20FFF786FD01212120FFF7A8FD14
:1061700001212220FFF7A4FD28212520FFF7A0FD03
:106180000A213120FFF79CFD0F212620FFF798FD03
:106190000F212020FFF794FD21462846BDE87040DE
:1061A0000122FCF7D2B900006A0100200008004873
:1061B00004490020086048608860C860024948744B
:1061C00088747047D0010020AC01002010B5FAF7A8
:1061D000B5F941EC100B53EC102B9FED050B51EC76
:1061E000100BFAF73CF9BDE81040FAF7B4B900001B
:1061F00000000000FD43E44170B58AB00D4604463E
:10620000521CC2F3470628216846FAF7ABF8002271
:1062100069460CE001CC41F8220025F8220051F833
:10622000220005EB8203000C521C588092B2B2424D
:10623000F0D30AB070BD00002DE9F0410B460646D0
:1062400011461846FEF7F0FDFCF73AF820494FF4E6
:10625000004008611F48FBF74FF81F4C1D4F2037C7
:1062600020603846FBF748F822680123811A491C50
:106270001A48C4E90113C0E902210025C0E900530E
:106280000A2505E0144915481031FBF74BFF10B102
:106290006D1EEDB2F6D2DFF84080002508F1180837
:1062A000E6600CE008EBC500D0E900230020FBF716
:1062B000B5FF20B9E06808306D1CEDB2E060E16820
:1062C000B942EFD3FBF79CFFE660BDE8F081000028
:1062D0000020024000F80008700100207C340020FB
:1062E0004FF4E131062816D2DFE800F00306090C6E
:1062F0000F124FF4166070474FF4965070474FF4EA
:10630000165070474FF4964070474FF41640704750
:106310004FF46140704708467047000072B6BFF303
:106320004F8F05480168054A01F4E061114301609F
:10633000BFF34F8F00BFFDE70CED00E00400FA054E
:1063400000B587B0FFF7B2F81248C16C41F0010107
:10635000C164C06C142100F0010005906846FAF792
:1063600001F800210C48FCF73AF94FF4FA70FBF7FA
:10637000C7FE4FF440700090022001900290002070
:1063800003900D20049069464FF09040FBF7ACFF5E
:1063900007B000BD001002404403002030B587B0B4
:1063A00014216846F9F7DEFF1748C16C41F001017E
:1063B000C164C06C4FF4407400F0010005900120EE
:1063C000CDE900400020029003204FF0904503905B
:1063D00069462846FBF788FF002221462846FCF73D
:1063E000B4F80A4844F694310268C2F89C10006878
:1063F0005021C0F8A81001210448FCF7F0F86420EF
:10640000FBF77EFE07B030BD0010024044030020C1
:1064100010B54FF0E020006903F028FC012803D0FC
:10642000BDE8104003F020B810BD10B594B038217D
:106430006846F9F797FF14210EA8F9F793FF00209B
:10644000FCF774FC092000904FF48030019001208B
:10645000059002200324CDE907045521CDE90A1057
:106460000C900D9009946846FCF7B0FF08B172B625
:10647000FEE70F20CDE90E0400201090119012903D
:1064800004210EA8FCF738FE002801D072B6FEE702
:1064900014B010BD0248016841F4700101607047FA
:1064A00088ED00E00148FDF747BD00001006002020
:1064B0000148FDF741BD0000500400202DE9F04FD8
:1064C00002682E4B2E4E2F4FDFF8BCC02F4C304DA4
:1064D0004FF0804B98420BD0584509D0B04207D0BE
:1064E000B84205D0604503D0A04201D0A84204D1F3
:1064F00022F070084A6842EA0802DFF89880DFF864
:106500009890DFF898A0984211D058450FD0B0422B
:106510000DD0B8420BD0604509D0A04207D040450D
:1065200005D0484503D0504501D0A84203D122F4FC
:106530004076CA6832434E6922F0800232430260DC
:106540008A68C2620A688262984209D0A04207D073
:10655000404505D0484503D0504501D0A84201D15F
:1065600009690163012141610169C90703D001691A
:1065700021F001010161BDE8F08F0000002C014015
:106580000004004000080040000C004000340140BE
:1065900000500140004001400044014000480140DB
:1065A00010B501F01F030121046A99408C43046275
:1065B000016A9A401143016210BD10B5846842EA35
:1065C000032224F47F440A432243826010BD00006A
:1065D0008268034B1A400A4342F00701816070470A
:1065E0008FFFCFFF2DE9F047056A026A22F0010212
:1065F0000262436882691F4C25F0020522400C6844
:1066000022F0030214438A681C4E2A431A4D1C4F81
:10661000DFF870C0DFF87090DFF870A0A84209D0F2
:10662000B04207D0B84205D0604503D0484501D0FC
:10663000504506D122F00808CA6842EA080222F052
:106640000402A84209D0B04207D0B84205D0604544
:1066500003D0484501D0504505D14D6923F440731E
:106660001D438B692B434360846149684163026227
:10667000BDE8F0878FFFFEFF002C01400034014091
:1066800000400140004401400048014000500140EA
:10669000F0B5056A026A22F010020262426883695C
:1066A0001C4C1E4E23400C6823F4407343EA042420
:1066B00025F020038D681A4F43EA0513164DA842B2
:1066C00003D0B04201D0B84207D1D1F80CC023F0BA
:1066D000800343EA0C1323F04003A8420CD0B042DD
:1066E0000AD0104DA84207D00F4DA84204D00F4D3C
:1066F000A84201D0B84207D14D6922F4406242EA73
:1067000085028D6942EA850242608461496881633D
:106710000362F0BDFF8FFFFE002C014000340140FA
:106720000050014000400140004401400048014049
:10673000F0B5056A026A22F4807202624368C26997
:106740001C4C1E4E22400C6822F00302144325F418
:1067500000728D681A4F42EA0522174DA84203D0F5
:10676000B04201D0B84207D1D1F80CC022F4006287
:1067700042EA0C2222F48062A8420CD0B0420AD035
:10678000104DA84207D0104DA84204D00F4DA8428A
:1067900001D0B84207D14D6923F4405343EA0513B1
:1067A0008D6943EA05134360C4614968C1630262AD
:1067B000F0BD00008FFFFEFF002C014000340140BF
:1067C00000500140004001400044014000480140A9
:1067D000F0B5056A026A22F4805202624268C36917
:1067E0001C4C1E4E23400C6823F4407343EA0424DF
:1067F00025F400538D681A4F43EA0533164DA8421D
:1068000003D0B04201D0B84207D1D1F80CC023F474
:10681000004343EA0C3323F48043A8420CD0B04237
:106820000AD0104DA84207D00F4DA84204D00F4DFA
:10683000A84201D0B84207D14D6922F4404242EA51
:1068400085128D6942EA85124260C461496801641B
:106850000362F0BDFF8FFFFE002C014000340140B9
:106860000050014000400140004401400048014008
:1068700030B5056A026A22F4803202624268036D12
:10688000124C23400C681C4325F400330D8943EA65
:1068900005430F4DA8420ED00E4DA8420BD00E4D11
:1068A000A84208D00D4DA84205D00D4DA84202D0F7
:1068B0000C4DA84204D14D6922F4803242EA0522EF
:1068C0004260046549688164036230BD8FFFFEFF4A
:1068D000002C0140003401400040014000440140D0
:1068E000004801400050014030B5046A026A22F4B9
:1068F000801202624268036D134D24F400142B4091
:106900000D6843EA05230D8944EA05540F4DA8425A
:106910000ED00F4DA8420BD00E4DA84208D00E4D00
:10692000A84205D00D4DA84202D00D4DA84204D179
:106930004D6922F4802242EA85224260036549685B
:10694000C164046230BD0000FF8FFFFE002C0140D7
:106950000034014000400140004401400048014033
:106960000050014010B5036A046A24F00104046277
:10697000846924F0F00444EA021423F00A020A4372
:106980008461026210BD000070B5056A046A24F0DB
:10699000010404628469154EB04214D0B0F1804FF6
:1069A00011D0134EB0420ED0124EB0420BD0124E48
:1069B000B04208D0114EB04205D0114EB04202D0C4
:1069C000104EB04203D124F00304144301E044F01C
:1069D00001041A0724F0F00444EA126225F00A03C5
:1069E00001F00A0119438261016270BD002C01406F
:1069F0000004004000080040000C0040003401404A
:106A0000004001400050014010B5036A046A24F0C0
:106A100010040462846923F0A00324F4704444EA5F
:106A2000023243EA01118261016210BD30B5046A8D
:106A3000056A25F010050562856925F4407545EA6B
:106A4000022222F470454FF6FF7202EA033224F06C
:106A5000A0032A43A02404EA0111194382610162C0
:106A600030BD000070B51949194D4FF4005408703D
:106A7000002221462846FBF768FD052213493020F5
:106A8000FFF7F8F8052211492A20FFF7F3F8012152
:106A90002120FFF715F901212220FFF711F91A2112
:106AA0002420FFF70DF928212520FFF709F90F21F0
:106AB0002620FFF705F90E212020FFF701F92146D6
:106AC0002846BDE870400122FBF73FBD6A01002067
:106AD0000008004810B514211348FAF76DFCF9F7C7
:106AE0002DFD9FED121B53EC112BF9F746FC9FED8A
:106AF000111B53EC112BF9F740FCF9F745FD00EEA3
:106B0000900AB1EE040A9FED0D1A30EE600A20EEF5
:106B1000011A81EE200AFAF73FFABDEEC00A0848D2
:106B200080ED030A10BD00008000501D6666666699
:106B300066660A40000000000000303F00007A4412
:106B4000AC010020014900200870704700000020BF
:106B5000F8B53E4C3E4E02460327E17C00253068E6
:106B6000062A1CD2DFE802F003491C2051640B29DD
:106B700012D10A2002F088FA364F4FF480660022C4
:106B800031463846FBF7E1FC642002F07DFA012231
:106B900031463846FBF7D9FC2574FF20E074F8BD78
:106BA0002D48057002202CE003F06CFA30B1002370
:106BB00000951A460321306803F030FAFAF7DAF943
:106BC000FAF78EFB032801D32774F8BD234E3068F3
:106BD00003F058FA0028F8D1F9F76EFFFAF780FBB6
:106BE0000328F2D203F050F8024600950023012159
:106BF000306803F013FA2574F8BD012009B10129AA
:106C000001D02074F8BD0520FBE7FAF7B3F90420A2
:106C10002074306803F036FA0028F3D103F034F81A
:106C20000246009500230121306803F0F7F9F8BD12
:106C300003F028FA30B1002300951A46032130688A
:106C400003F0ECF9FAF796F9BEE70000AC0100207A
:106C50002C0100200008004808010020300100201D
:106C600008B51048FDF742FC0E480068C169C90626
:106C700016D5102101620C48B0F8800002280FD907
:106C80000A486946006802F0B8FD0098002807D05D
:106C900007494FF080500860BFF34F8FBFF36F8FED
:106CA00008BD0000E8040020503300202800002028
:106CB00004ED00E030B5416EB9B1026891689268A8
:106CC000C1F342610B4B520F9C5CE50003F10804D9
:106CD000A25CB5FBF2F2A0F86A205A5C615CD200BB
:106CE000B2FBF1F1A0F8681030BD0121A0F86A10E4
:106CF000F8E70000CCA0000890F82810090706D596
:106D000001684A68836B22F400421A434A6090F893
:106D10002810C90706D001684A68C36A22F4003205
:106D20001A434A6090F82810890706D501684A6816
:106D3000036B22F480321A434A6090F82810490706
:106D400006D501684A68436B22F480221A434A60E0
:106D500090F82810C90606D501688A68C36B22F42A
:106D600080521A438A6090F82810890606D5016877
:106D70008A68036C22F400521A438A6090F8281043
:106D8000490611D501684A68436C22F480121A43FF
:106D90004A60416CB1F5801F06D101684A68836C76
:106DA00022F4C0021A434A6090F82810090606D55A
:106DB00001684A68C06C22F4002202434A607047AE
:106DC0002DE9F84300260446C0F89060FBF7C2FBAB
:106DD0008046206800684FF0200500076FF07E476E
:106DE00013D54346002229042046009700F0ACFC4E
:106DF00058B1216851E8000F20F0800041E80002FE
:106E0000002AF6D1C4F8885021E0206800684007C5
:106E100022D5434600224FF480012046009700F01F
:106E200093FCC8B1216851E8000F20F4907041E84C
:106E30000002002AF6D12068083050E8001F21F037
:106E4000010140E80012002AF5D1C4F88C5084F802
:106E500084600320BDE8F883C4F88850C4F88C50DF
:106E600044F86C6F666026760020F3E710B5806A00
:106E70000021A0F85E10FDF738FB10BD10B50268C8
:106E800052E8001F21F4907142E80013002BF6D164
:106E90000E4B0268083252E8001F194042E8001405
:106EA000002CF6D1C16E012908D1016851E8002FEC
:106EB00022F0100241E80023002BF6D12021C0F877
:106EC0008C100021C166416710BD0000FEFFFFEF7E
:106ED00010B5B0F86020D0F88C300168222B04D0B7
:106EE000886940F00800886110BD496A836D1140CF
:106EF0001980816D891C8165B0F85E10491EA0F86B
:106F00005E10B0F85E100029EED1026852E8001F52
:106F100021F4907142E80013002BF6D1016808318A
:106F200051E8002F22F0010241E80023002BF5D1A7
:106F30002021C0F88C10002141670167154B0268C1
:106F40009A420BD05268120208D5036853E8002F0A
:106F500022F0806243E80024002CF6D1C26E012AA0
:106F600002D0FDF731FD10BDC166026852E8001F76
:106F700021F0100142E80013002BF6D10168CA6924
:106F8000D243D20601D410220A62B0F85C10FDF799
:106F90005CFA10BD008000402DE9F0470446B0F8CF
:106FA00060600068C569D0F800A0D0F80890D4F8F7
:106FB0008C10222905D0816941F008018161BDE86A
:106FC000F087B4F868704FF0000844E02068406A29
:106FD000A16D30400880A06D801CA065B4F85E00F3
:106FE000401EA4F85E002068C569690730D0E90733
:106FF0000AD05FEACA5107D501210162D4F8900096
:1070000040F00100C4F89000A8070BD55FEAC970F2
:1070100008D0216802200862D4F8900040F00400F3
:10702000C4F8900068070BD55FEAC97008D02168E2
:1070300004200862D4F8900040F00200C4F89000E8
:10704000D4F8900020B12046FDF74FFAC4F89080A4
:10705000B4F85E0000B30FB1A806B7D4B4F85E0070
:107060000028ACD0B4F868108142A8D92068083054
:1070700050E8001F21F0805140E80012002AF5D1AD
:107080002A486067206850E8001F41F0200140E86E
:107090000012002AF6D192E7216851E8000F20F48F
:1070A000807041E80002002AF6D1214A20680830A9
:1070B00050E8001F114040E80013002BF6D12020BB
:1070C000C4F88C00C4F874804046C4F87080194A33
:1070D000216891420BD04968090208D5226852E81C
:1070E000001F21F0806142E80013002BF6D1E16E11
:1070F000012903D02046FDF767FCAFE7E066216871
:1071000051E8000F20F0100041E80002002AF6D1FB
:107110002068C169C943C90601D410210162B4F8CD
:107120005C102046FDF791F998E70000D16E000849
:10713000FEFFFFEF0080004010B5B0F86020D0F8EF
:107140008C300168222B04D0886940F008008861E7
:1071500010BD496A1140826D1170816D491C8165B5
:10716000B0F85E10491EA0F85E10B0F85E1000295D
:10717000EED1016851E8002F22F4907241E800231B
:10718000002BF6D10168083151E8002F22F00102EE
:1071900041E80023002BF5D12021C0F88C100021FC
:1071A00041670167154B02689A420BD05268120280
:1071B00008D5036853E8002F22F0806243E80024DA
:1071C000002CF6D1C26E012A02D0FDF7FDFB10BDE6
:1071D000C166026852E8001F21F0100142E8001366
:1071E000002BF6D10168CA69D243D20601D410221D
:1071F0000A62B0F85C10FDF728F910BD008000406D
:107200002DE9F0470446B0F860600068C569D0F821
:1072100000A0D0F80890D4F88C10222905D08169FC
:1072200041F008018161BDE8F087B4F868704FF063
:10723000000844E02068406AA16D30400870A06DED
:10724000401CA065B4F85E00401EA4F85E002068F3
:10725000C569690730D0E9070AD05FEACA5107D586
:1072600001210162D4F8900040F00100C4F89000C0
:10727000A8070BD55FEAC97008D021680220086210
:10728000D4F8900040F00400C4F8900068070BD5D3
:107290005FEAC97008D0216804200862D4F8900021
:1072A00040F00200C4F89000D4F8900020B12046CD
:1072B000FDF71BF9C4F89080B4F85E0000B30FB17D
:1072C000A806B7D4B4F85E000028ACD0B4F86810B3
:1072D0008142A8D92068083050E8001F21F0805171
:1072E00040E80012002AF5D12A486067216851E879
:1072F000000F40F0200041E80002002AF6D192E79A
:10730000216851E8000F20F4807041E80002002A53
:10731000F6D1214A2068083050E8001F114040E8AB
:107320000013002BF6D12020C4F88C00C4F8748020
:107330004046C4F87080194A216891420BD04968D0
:10734000090208D5226852E8001F21F0806142E856
:107350000013002BF6D1E16E012903D02046FDF782
:1073600033FBAFE7E066206850E8001F21F0100112
:1073700040E80012002AF6D12068C169C943C90655
:1073800001D410210162B4F85C102046FDF75DF8CD
:1073900098E7000039710008FEFFFFEF0080004011
:1073A0002DE9F0410446016880682269E3691043D1
:1073B000626900251A431043DFF84CC20A68934BF8
:1073C0001A4002430A6020684168E26821F4405193
:1073D000114341602168A069614501D0226A1043D0
:1073E0008A688B4B1A4002438A602068C16A626ACD
:1073F00021F00F011143C1628649236886488B4200
:107400000DD1D0F8880010F0030006D0012867D015
:10741000022854D0032851D164E001204FE07F4975
:107420008B420BD1D0F8880010F00C0047D0042814
:1074300045D0082852D00C2840D153E078498B42DF
:107440000BD1D0F8880010F0300038D0102847D089
:10745000202843D0302831D144E072498B420BD1EF
:10746000D0F8880010F0C00029D0402838D08028FB
:1074700034D0C02822D135E06B498B420ED1D0F8F0
:10748000880010F440701AD0B0F5807F28D0B0F595
:10749000007F23D0B0F5407F10D123E063450DD1AC
:1074A000D0F8880010F4406009D0B0F5806F17D094
:1074B000B0F5006F12D0B0F5406F13D010205B4ACA
:1074C0005B4F00264FF40041634539D160B102287B
:1074D0000DD004280DD0082831D10EE00220EEE7AF
:1074E0000420ECE70820EAE7FBF714FF03E011466D
:1074F00003E0FBF733FF01007BD0606A37F8102010
:107500006768B1FBF2F007EB4703834269D8B0EB41
:10751000073F66D8002308461946F8F7D9FE090246
:1075200041EA106102027808101871413A460023BE
:10753000F8F7CEFE3F4AA0F54071914257D950E08E
:10754000E3694FF6EF788B422BD1092849D2DFE867
:1075500000F005080D48254848480E00FBF7DAFE04
:1075600001E0FBF7E9FE010001D142E01146606A4B
:1075700037F81000B1FBF0F04100606801EB5001FA
:10758000B1FBF0F1A1F1100040452AD84FF6F0729E
:1075900001EA0200C1F34201084328E0FBF7DEFEE6
:1075A000E1E709281DD2DFE800F005080D1C1E1CCC
:1075B0001C1C0E00FBF7AEFE01E0FBF7BDFE010058
:1075C00001D116E01146606A37F81000B1FBF0F106
:1075D000606801EB5001B1FBF0F0A0F110014145F2
:1075E00004D9012505E0FBF7B9FEE8E780B2216880
:1075F000C8600120A4F86A0024F8680F2846E660F5
:107600002661BDE8F081000000800040F369FFCFF3
:10761000FFF4FF1100380140001002400044004018
:1076200000480040004C0040005000400024F4009E
:10763000B4A00008FFFC0F0070B58165A0F85C20C5
:10764000A0F85E200023436781684FF48056FF2432
:10765000B14204D10169F9B940F2FF1122E07F255E
:10766000C1B1B1F1805F1AD0A0F86030C0F890309D
:107670002221C0F88C100168083151E8003F43F026
:10768000010341E80034002CF5D1416EB1F1005FF7
:107690000ED031E0016941B9A0F86040E6E7016928
:1076A00019B13F21A0F86010E0E7A0F86050DDE7D5
:1076B000B0F8681091421FD88168B14201D10169C8
:1076C000B9B11D494167016941B1026852E8001F23
:1076D00041F4807142E80013002BF6D101680831B3
:1076E00051E8002F42F0805241E80023002BF5D1F1
:1076F00020E012494167F1E78168B14201D1016997
:1077000069B10F494167016959B1026852E8001F28
:1077100041F4907142E80013002BF6D10AE00949C8
:107720004167026852E8001F41F0200142E800135F
:10773000002BF6D1002070BD01720008996F00087F
:1077400039710008D16E00082DE9F04799461746B7
:107750000D4604464FF00008089E33E0701C31D0FF
:10776000FAF7F8FEA0EB0900B04218D8BEB12068C5
:107770000168490726D5802D24D0402D22D0C1692B
:10778000C94309070DD4082505622046FFF776FB9B
:10779000C4F8905084F884800120BDE8F08703206D
:1077A000FBE7C069C04300050CD421684FF40060BA
:1077B00008622046FFF762FB2020C4F8900084F89E
:1077C0008480ECE72068C06935EA000004D000201E
:1077D000B842C3D00020E0E70120F9E78AB20146B1
:1077E00064230148FDF70CB9E8040020FEE700001F
:1077F0000FB4054B10B503A9044A029800F000F934
:1078000010BC5DF814FB000049820008A8010020AC
:107810007CB5044600201D46164600290BD0491EA3
:10782000CDE90041044B6A462946304600F0E8F8AD
:10783000009A002111707CBD2F8100080907090EF4
:10784000002804DB00F1E02080F80014704700F00D
:107850000F0000F1E02080F8141D704702E008C816
:10786000121F08C1002AFAD170477047002001E0BA
:1078700001C1121F002AFBD1704700002DE9FF5FF4
:1078800082B00021DDE90430020DDDF840B0034391
:1078900018D044F61050A2F2FF324243151411984A
:1078A00001281FD0A5EB0B00401C5FEA000A4FF037
:1078B00000064E4FDFF83891B046504615D5CAF154
:1078C000000413E0119801244AA3012801D16FEAB2
:1078D0000B010298119AC0E90031C0E9024206B0DA
:1078E000BDE8F09FCBF10000DFE704460021404AED
:1078F000491842EB0450CDE9001012E0E00707D030
:1079000032463B4640464946F8F737FD80468946B1
:1079100032463B4610461946F8F72FFD06460F46FD
:107920006410002CEAD1DDE90401DDE90023BAF19D
:10793000000F06DAF8F721FD42464B46F8F71DFD29
:1079400005E0F8F78CFD42464B46F8F788FD044603
:107950000E460022284BF8F7BBFF03D84FF0FF304C
:10796000014607E00022254B20463146F8F7F1FE9C
:10797000F8F796FF102409E0002C0ADB0A22002306
:10798000F8F7A6FC039B30321A55641E50EA010238
:10799000F2D1641C039AC4F111031444119A012A10
:1079A00003D0012208430DD10AE0084304D000208F
:1079B0004FF0110B119072E7A3EB0B056D1E0DE05C
:1079C0005B4504DD4FF0000205F1010504E003DA38
:1079D0004FF00002A5F10105002AECD002981199A0
:1079E000C0E90231C0E9004579E700000000144019
:1079F0000000F03F300000000000F0430000E03FD6
:107A00002DE9FF4F95B09B468946064600250FE2BB
:107A1000252877D100242746F84A0121059400E063
:107A2000044316F8013F203B01FA03F01042F7D15E
:107A300030782A2811D06FF02F033078A0F130026F
:107A4000092A16D8059A44F0020402EB820203EBDD
:107A500042021044761C0590EFE759F8042B05927A
:107A6000002A03DA504244F40054059044F0020422
:107A7000761C30782E2816D116F8010F44F0040435
:107A80002A280DD06FF02F023078A0F13003092B97
:107A900009D807EB870302EB4303C718761CF3E70B
:107AA00059F8047B761C30786C280FD006DC4C2803
:107AB00017D068280DD06A2814D104E0742810D09B
:107AC0007A280FD10DE044F400140AE044F4801445
:107AD00001E044F440147278824202D104F580142B
:107AE000761C761C307866280BD013DC582877D0AB
:107AF00009DC002875D04528F6D04628F4D0472860
:107B00001AD19DE118E0632835D0642879D0652822
:107B100012D195E1702873D008DC6728F1D069286C
:107B20006FD06E280DD06F2806D1B5E073282CD009
:107B3000752875D0782874D05A46179990476D1CCF
:107B400075E1C4F30250022809D003280DD0D9F8FA
:107B5000001004280DD00D6009F1040967E1D9F87F
:107B60000010EA17C1E90052F6E7D9F800100D80BD
:107B7000F2E70D70F0E719F8041B8DF800100020F3
:107B80008DF80100EA46012003E059F804AB4FF0FC
:107B9000FF3061074FF0000102D40DE008F1010150
:107BA0008846B9420FDA8045F8DB1AF80810002938
:107BB000F4D108E008F1010188468142FADB1AF8A5
:107BC00008100029F6D105985B46A0EB080721466E
:107BD0003846179A00F094FA284400EB080507E0AD
:107BE0004DE029E10DE01AF8010B5A46179990472C
:107BF000B8F10108F7D25B4621463846179A13E1DF
:107C000042E00A220092C4F302524FF0000A022A14
:107C100008D059F804CB032A4FEAEC710AD00DE0E2
:107C200029E02AE009F1070121F00702F2E802C188
:107C3000914609E00FFA8CFC4FEAEC71042A03D15B
:107C40004FFA8CFC4FEAEC71002907DA0A46002152
:107C5000DCF1000C61EB02012D2202E0220504D5CB
:107C60002B228DF80420012203E0E20701D020221C
:107C7000F7E7904659E00A2102E010220DE01021BA
:107C80004FF0000A00910BE010224FF0000A44F080
:107C900004040827009203E008224FF0000A009233
:107CA000C4F30252022A05D059F804CB0021032A5A
:107CB00008D009E009F1070121F00702F2E802C14A
:107CC000914605E01FFA8CFC042A01D10CF0FF0C50
:107CD0004FF00008220728D5702806D0009B83F0BB
:107CE000100353EA0A0305D00EE040228DF8042069
:107CF000012208E05CEA010206D030228DF804205F
:107D00008DF8050002229046009B83F0080353EA99
:107D10000A030AD15CEA010201D1620705D53022CB
:107D20008DF804204FF001087F1E582804D034A09D
:107D300003900EA802900DE036A0F9E75346604686
:107D4000009AF8F7C5FA84460398825C0298401EB0
:107D5000029002705CEA0100F0D1029806A9081AAC
:107D600000F1200A600702D524F4803400E00127E6
:107D7000574502DDA7EB0A0000E0002000EB0A01F6
:107D8000009005984144401A0590E00306D45B46F4
:107D90002146179A059800F0B3F90544002706E03C
:107DA00001A85A46C05D179990476D1C7F1C474536
:107DB000F6DBE0030CD55B462146179A059800F0E8
:107DC0009FF9054404E030205A46179990476D1CEE
:107DD0000099481E00900029F5DC08E002980299FD
:107DE0005A460078491C0291179990476D1CBAF1C8
:107DF0000001AAF1010AF1DC65E100000928010097
:107E00003031323334353637383961626364656610
:107E100000000000303132333435363738394142D2
:107E2000434445460000000000F058F90544761C24
:107E3000307800287FF4ECAD19B02846BDE8F08F0B
:107E4000620700D4062709F1070222F0070CFCE8BC
:107E50000223E14603F000485FEA080C02D00FF26B
:107E6000702C0DE05FEA045C02D50FF2682C07E08D
:107E70005FEAC47C02D00FF2602C01E0AFF2700C1C
:107E80004FF0FF3823F00043CDF850C065280CD0E8
:107E900006DC452809D046281DD047283DD13DE0C5
:107EA000662818D067287ED138E00021112F01DB29
:107EB000112000E0781CCDE9000106A90EA8FFF70B
:107EC000DDFCDDE90F010E9A03910021009207F11C
:107ED000010A04914DE04FF000400097CDE90110F8
:107EE00006A90EA8FFF7CAFCDDE90F0203920E9B5C
:107EF00011990022DDF80CA00093049211B9791CAD
:107F000000EB010AB7EB0A0004D4C0F1FF3007F11F
:107F1000010A0490AAEB0700019044E0012F00DA67
:107F200001270021112F01DD112000E03846CDE9A5
:107F3000000106A90EA8FFF7A1FCDDE90F010E9ACA
:107F40000391002104910092BA4621070CD40399B1
:107F5000514500DA8A46BAF1010F05DD009AAAF10F
:107F60000101515C302908D0B84202DA10F1040F47
:107F700006DA0121CDE9011015E0AAF10101E9E7D6
:107F8000002805DC049901440491AAEB000102E0F9
:107F9000411C514500DD8A460499401A401C01905D
:107FA0004FF000400290200704D40198504501DBB7
:107FB000CDF8048000208DF84F0002980DF14F0796
:107FC000B0F1004F25D02B200E9002984FF0020800
:107FD00000280CDA404202902D200E9007E00A2182
:107FE0000298F8F7EDFA3031029007F8011DB8F168
:107FF0000001A8F10108F2DC02980028EFD1791EF7
:108000000E980870307800F0200040F0450007F826
:10801000020D12A8C01B00F107081498007800B1E7
:10802000012000EB0A01019801EBE0710598414441
:10803000401A401E0590E00306D45B462146179A7D
:10804000059800F05DF805441498007818B15A4678
:10805000179990476D1CE00324D55B462146179A7B
:10806000059800F04DF805441CE00498002807DB53
:10807000DDE90301884203DD0098405C179901E0C7
:10808000179930205A469047049805F10105401C85
:1080900004900198401E019004D12E205A46179951
:1080A00090476D1CBAF10001AAF1010ADDDC05E080
:1080B00017F8010B5A46179990476D1CB8F100014B
:1080C000A8F10108F4DC5B462146179A0598ABE657
:1080D0002D0000002B000000200000002DE9F041E1
:1080E000044600251E461746880404D405E0394698
:1080F0002020B0476D1C641EF9D52846BDE8F081EC
:108100002DE9F041044600251E469046C80301D5DE
:10811000302700E02027880404D505E04146384692
:10812000B0476D1C641EF9D52846BDE8F0814A6849
:10813000002A06D00A68531C0B6010704868401E65
:108140004860704730B587B014216846F8F70AF9DF
:108150001948C16C41F00201C164C06C174D00F0B8
:1081600002000590002280212846FAF7EEF901224C
:1081700040212846FAF7E9F9012251022846FAF788
:10818000E4F9012100244FF43070CDE90214CDE967
:10819000000169462846FAF7A7F82020CDE9000437
:1081A000694628460294FAF79FF8012220212846C2
:1081B000FAF7CBF907B030BD0010024000040048C8
:1081C0002DE9F04100251F4F06462C462A46802106
:1081D0003846FAF7BAF9300601D5012200E000224C
:1081E00040213846FAF7B1F97006060E01228021C7
:1081F0003846FAF7AAF900BF00BF00BF00BF00BFB2
:1082000000BF00BF00BF6006040E20213846FAF709
:108210008FF9012801D144F0010400228021384661
:10822000FAF793F900BF00BF00BF00BF00BF00BF57
:1082300000BF00BF6D1CEDB2082DCCD32046BDE8B9
:10824000F08100000004004813B54FF6FF730122CF
:1082500069460248FCF7D4FB00981CBDE8040020E6
:1082600010B5FAF7B1FCFEF7E0F8FDF7B7F8FDF747
:1082700017F8FDF75FF8FDF75DFAFDF70DFAFDF76A
:10828000EFFAFDF7EFF9FFF75DFFFDF70FFC00F0E8
:1082900007F8FDF78DF800F015F8002010BD00007C
:1082A000EFF3058010B16FF00500704704480168D6
:1082B00011B14FF0FF30704701210160002070477D
:1082C000B800002010B5EFF3058010B16FF0050085
:1082D00010BD08480168012902D04FF0FF3010BDE1
:1082E000054A002182F8141D0221016000F0C4FF3C
:1082F000002010BDB80000200BE000E03EB5164C99
:108300006079012821D10821144800F06BFD134940
:1083100060820A8953BA124A834208D1888840BAD7
:108320005060C88840BA1060488840BAD0600D4894
:10833000C17CD2E900030093CDE901010A48D3686A
:10834000617902880948F8F7B3FEA16903B008A073
:10835000BDE83040F8F7ACBEE80000203C33002018
:10836000D0010020AC0100200400002090A30008F0
:108370004672657120203A3A2025640A0000000008
:108380002DE9F041134C0F460546E6682068001DB4
:1083900000F03EFD681C07D137B12168BDE8F0410F
:1083A0000D48091D00F08CBD20683544B54245607C
:1083B000216805D2A06BBDE8F041091D00F068BD41
:1083C000606B091D00F064FDA06A854200D2A562C1
:1083D000BDE8F081680000204C0B00202DE9F04141
:1083E000054600F079FD2D4CA068401CA060206877
:1083F0002B4F10B1606930B32BE02560A0680128D5
:1084000027D1002606EB860007EB800000F032FD46
:10841000761C382EF6D3234800F02CFD214814306A
:1084200000F028FD1F48283000F024FD1D483C3096
:1084300000F020FD1B48503000F01CFD194860631F
:108440001430A06305E02068E96AC06A884200D859
:108450002560606A401C60626864E86A216988423D
:1084600000D9206100EB800007EB8000291D00F09F
:1084700027FD00F051FD606900280CD02068E96AF2
:10848000C06A884207D208494FF080500860BFF3A5
:108490004F8FBFF36F8FBDE8F081000068000020B0
:1084A0009C060020FC0A002004ED00E038B500F036
:1084B00013FD104C2068C8B90F4800F0DBFC0E48D3
:1084C000143000F0D7FC0C48E060143020610A4BF7
:1084D0000020F03B009003F1500210210A2001F02F
:1084E00005F8206010B105A100F098FDBDE8384006
:1084F00000F012BDA4000020500C0020546D7251F9
:108500000000000030B4026C0B46002A0BD0C1689A
:108510001144C1608468A14201D30168C16030BCCC
:108520001846F7F706BF30BC70472DE9F041856B60
:10853000174604460026026C82B1C7B1E068F7F71F
:10854000F8FEE168206C091AE1602268914202D2CB
:10855000A168081AE060022F16D017E02068A8B9B9
:10856000A06801F0FBFB06460020A0600EE06068FA
:10857000F7F7DFFE216C606808446060A1688842FC
:1085800004D32068606001E005B16D1E6D1CA56319
:108590003046BDE8F08110B5044690F8590058B156
:1085A00001280CD002280FD0502080F31188BFF38F
:1085B0004F8FBFF36F8FFEE7206B00F0C1FC2046AA
:1085C000BDE8104000F0BCBC10BD000010484FF4E6
:1085D0000051420706D0C01D0D4920F00700411A86
:1085E000C1F500510B4A00230144C2E900030839D8
:1085F000183A21F0070111604B600B600B1AC0E9BB
:10860000001393604FF000405360506170470000CA
:1086100030130020D4000020144E154CA6F29C47C5
:108620004FF08058DFF84C9012E000BF00F054FC8F
:10863000F068C568281D00F0EBFBA068401EA06034
:108640006068401E606000F067FC2846FFF7A3FFEB
:1086500060680028EAD138680128F9D9C9F8008093
:10866000BFF34F8FBFF36F8FF2E70000380B00208E
:108670006800002004ED00E0002807D000218160A0
:1086800001600B460A46C16000F0A8BF70470000B9
:1086900070B51D46049C51B1C4F80020C4E90F0117
:1086A0000121204600F056FF84F84C5070BD246034
:1086B000F4E700002DE9F05F8846DDE90B941546EC
:1086C000834691009A460A9EA522206BF7F743FE47
:1086D0006FF00301206B01EB8501084420F00707D0
:1086E000780707D0502080F31188BFF34F8FBFF376
:1086F0006F8FFEE70025B8F1000F0FD05FF000008C
:10870000221818F8001082F8341018F8001011B16F
:10871000401C1028F4D384F8435001E084F834500E
:10872000382E00D33726E662C4E91365201D00F019
:10873000ACFB04F1180000F0A8FB2461C6F138007E
:108740006462A061656584F85850524659463846BF
:1087500000F098FA2060B9F1000F01D0C9F800408C
:10876000BDE8F09F2DE9F0471E46DDE90894174665
:108770000D00804615D0002C11D0FFF797FE04F1B4
:108780001801C4F8008081E86002201D00F07DFB24
:10879000002F04D014F8280F40F004002070BDE82A
:1087A000F087502080F31188BFF34F8FBFF36F8F96
:1087B000FEE7000030B5114900E011460A68824228
:1087C000FBD34B685C18844203D14068184448606E
:1087D000084643681C18944209D1084C183C246888
:1087E000A24209D052681A4442600A6812680260C4
:1087F000814200D0086030BD0460F9E7D400002059
:1088000070B5002441600B4D0061914206D8D11A29
:108810008269914206D2011D286907E09A4203D27B
:10882000994201D3012403E0011DE86800F030FB08
:10883000204670BDA400002010B5044600F04CFB9B
:10884000A06B28B15FF0000400F066FB204610BD6D
:108850000124F9E730B589B03C4D6EE0049800285A
:1088600006DADDE90601059A90470498002864DBE2
:10887000069C606910B1201D00F0CAFA03A800F040
:10888000D7F8024604980A2857D2DFE800F0050519
:10889000052D334A05052D3394F8280040F00100DA
:1088A00084F828000599A069059B01442046FFF73C
:1088B000A7FF68B3216A2046884794F8280040073C
:1088C0003BD5002000900598A16900234218194665
:1088D000204601F0A3FBD8B9502080F31188BFF3E4
:1088E0004F8FBFF36F8FFEE714F8280F20F00100C1
:1088F000207022E094F8280040F0010084F828005D
:108900000598A06128B1811813462046FFF778FF2B
:1089100013E0502080F31188BFF34F8FBFF36F8FA8
:10892000FEE794F82800810703D4204600F008FBF6
:1089300003E020F0010084F82800002204A9286840
:1089400000F0AAFF002889D109B030BDA4000020A2
:108950002DE9FC410F46054600F0D2FC01A800F0CD
:1089600067F80446019818B101F0ACFABDE8FC8143
:10897000254EAFB130690068D0B30027291B3A46B5
:10898000306800F05FFB01F09DFA0028EED11F492E
:108990004FF080500860BFF34F8FBFF36F8FE5E754
:1089A000A542EBD801F08EFAF0682746C068C4688B
:1089B000201D00F02DFA94F82800410719D5A06970
:1089C0002B4641193A462046FFF71AFFA8B100206E
:1089D0000346014600902A46204601F01FFB60B97D
:1089E000502080F31188BFF34F8FBFF36F8FFEE7E6
:1089F00007E020F0010084F82800216A204688471B
:108A0000B4E70127BAE70000A400002004ED00E06D
:108A10000648416B096829B1416BC968C968496852
:108A2000816270474FF0FF31FAE7000068000020D4
:108A300070B5054601F028F9064E0446B068844238
:108A400003D200F009F8012000E000202860204651
:108A5000B46070BDA4000020F8B5194D20E0C068D6
:108A6000C4680668201D00F0D3F9216A20468847B3
:108A700094F82800400713D5A0693044B04206D9C5
:108A800024616060211DE86800F002FA08E000201F
:108A90000346014600903246204601F0BFFA38B145
:108AA000E86801680029DAD12969C5E90310F8BD31
:108AB000502080F31188BFF34F8FBFF36F8FFEE715
:108AC000A4000020002101E0401C491C0278A52AD6
:108AD000FAD0C1F38F00704708484068401C4FF03F
:108AE000500080F3118804D0BFF34F8FBFF36F8F16
:108AF000FEE7BFF34F8FBFF36F8FFEE7DC00002070
:108B0000074CE068016841B1C0680021D0F800005E
:108B1000FFF71EFFFFF79EFEF3E701210020F7E7B6
:108B2000A40000202DE9F041044600F0D5F994F9A5
:108B3000455004F1240609E0606A48B1304601F06E
:108B400089F908B100F016FB6D1E6DB2002DF3DC43
:108B50004FF0FF3684F8456000F0DEF900F0BCF914
:108B600094F9445004F1100709E0206948B13846EF
:108B700001F070F908B100F0FDFA6D1E6DB2002D24
:108B8000F3DC84F84460BDE8F04100F0C5B90000B2
:108B90002DE9F0410546002700F0B2FB324E306867
:108BA00008B9FFF713FD706905424ED1C5B308350A
:108BB00068070ED005F00700C0F1080005446807FB
:108BC00007D0502080F31188BFF34F8FBFF36F8F12
:108BD000FEE72DB37068854237D823481830014628
:108BE0000C6801E020460C466168A94202D2216867
:108BF0000029F7D131688C4227D0076821680160CD
:108C000060680837411B10290FD96019420708D046
:108C1000502080F31188BFF34F8FBFF36F8FFEE7B3
:108C200013E041606560FFF7C5FD61687068401A38
:108C30007060B268904200D2B06070690143002059
:108C4000C4E90001F068401CF06001F03BF97807CE
:108C500007D0502080F31188BFF34F8FBFF36F8F81
:108C6000FEE73846BDE8F081BC00002004490868F2
:108C700018B10868026D521C026508687047000050
:108C80006800002010B5031F4FF080741C601B1F8C
:108C900021F001011960191F044B0B6014390A609F
:108CA000091F6FF0020244380A6010BDD98A00081B
:108CB0001CB500F011F929490420CDE90001002379
:108CC000C82227A12A4800F079FF2A490820CDE9C7
:108CD00000010023FA2228A12A4800F06FFF2A4849
:108CE0000624CDE900400023FA2228A12C4800F0F8
:108CF00065FF2C490F20CDE900010023FA222AA1AB
:108D00002C4800F05BFF2C480023CDE90040FA22FC
:108D10002AA12E4800F052FF03220021012000F07A
:108D2000C4FB2B49032208600021012000F0BDFB99
:108D30002849032208600021012000F0B6FB2649E3
:108D40000860012000F0A6FB244908602448006860
:108D500000F0C0F9BDE81C4000F0DEB80C000020B7
:108D60004C656450726F635F7461736B0000000048
:108D7000D14E000810000020506572696F645F7466
:108D800061736B00255D0008140000204661756C5E
:108D90007448616E646C65725F7461736B0000008F
:108DA000C912000818000020426C6550726F5F7491
:108DB00061736B00090B00081C000020525334380B
:108DC000355F50726F635F7461736B00BD5F000845
:108DD0002000002028000020240000202C0000207B
:108DE0000800002070B5094DFF231A4605F580766E
:108DF00006E000BF10F8014B54402A5D5A40335D35
:108E0000491E89B2F6D242EA032070BDF9A00008DB
:108E1000D0E9013201699A60D0E901235A604A68B9
:108E2000824201D182684A60002202610868401EC5
:108E3000086008687047000008B902480068006BC5
:108E4000FFF740BE68000020034B036003F15C00A5
:108E50000860802010607047780C0020044B03608D
:108E600003F15C0008604FF48070106070470000F0
:108E7000D40E002000F108014FF0FF32C0E90112CA
:108E8000C1600161002101607047002101617047EC
:108E900030B50B685A1C02D000F1080202E00269EA
:108EA00004E02246546825689D42FAD953684B6015
:108EB00099608A60516008610168491C016030BD99
:108EC00042684A6093688B6093685960916008615A
:108ED0000168491C01607047502080F31188BFF37E
:108EE0004F8FBFF36F8F0A494868401C48600128C4
:108EF0000CD10848006810F0FF0F07D0502080F315
:108F00001188BFF34F8FBFF36F8FFEE770470000EC
:108F1000DC00002004ED00E00849486828B1401E4C
:108F2000486001D180F311887047502080F3118888
:108F3000BFF34F8FBFF36F8FFEE70000DC00002010
:108F400070B500282AD0164DA0F108046068696940
:108F5000084207D1502080F31188BFF34F8FBFF331
:108F60006F8FFEE722683AB1502080F31188BFF37B
:108F70004F8FBFF36F8FFEE78843606000F0C0F94A
:108F800060686968084468602046FFF713FC286938
:108F9000401C2861BDE8704000F094BF70BD000027
:108FA000BC0000204FF0E0200021016181610549F3
:108FB0004FF47A720968B1FBF2F1491E4161072151
:108FC000016170476400002010B5F7F76BF9114993
:108FD00010280ED300F1E02090F8F0030A789042B8
:108FE00007D2502080F31188BFF34F8FBFF36F8FEC
:108FF000FEE709480068896800F4E060884207D904
:10900000502080F31188BFF34F8FBFF36F8FFEE7BF
:1090100010BD0000DC0000200CED00E010B5084B96
:10902000002200BF53F832401CB1521C082AF9D369
:1090300010BD43F8321003EBC201486010BD0000C0
:109040005C06002070B515460E460446FFF744FF47
:1090500094F944100020491C01D184F8440094F98B
:109060004510491C01D184F84500FFF755FFA06B5E
:1090700028B92A46314604F1240000F099F8204628
:10908000BDE87040FFF74EBD10B5020014D00F4888
:10909000006B38B1502080F31188BFF34F8FBFF3BE
:1090A0006F8FFEE700F02CF900211046FFF768F9FA
:1090B00000F008FF002807D105494FF080500860F4
:1090C000BFF34F8FBFF36F8F10BD0000680000200B
:1090D00004ED00E070B50546FFF7FEFE1E4C05B935
:1090E0002568281DFFF794FEA86A18B105F118003D
:1090F000FFF78EFE606A401C60622068854207D1DF
:10910000291D1648FFF7DCFE6068401C606007E020
:10911000A068401EA0602846FFF73DFAFFF778FCE4
:10912000FFF7FAFE6069002814D02068854211D14B
:10913000206B38B1502080F31188BFF34F8FBFF3FD
:109140006F8FFEE706494FF080500860BFF34F8FE6
:10915000BFF36F8F70BD000068000020380B002047
:1091600004ED00E002490A6A0260C9684160704784
:109170006800002001490120C86170476800002094
:1091800010B50C4650B1094909681831FFF780FE47
:109190002046BDE810400121FFF7F2B8502080F3CF
:1091A0001188BFF34F8FBFF36F8FFEE76800002079
:1091B00070B514460D4668B10A4909681831FFF7C1
:1091C0007FFE0CB14FF0FF3521462846BDE87040C8
:1091D000FFF7D6B8502080F31188BFF34F8FBFF34D
:1091E0006F8FFEE76800002070B504003ED0226D4E
:1091F000A2B1E06C884200D30146E06A884235D0D3
:10920000012A33D11A4D2A6894420FD1502080F39D
:109210001188BFF34F8FBFF36F8FFEE7502080F3AD
:109220001188BFF34F8FBFF36F8FFEE7E162A26932
:10923000002A02DBC1F13801A1610E4E00EB800073
:10924000616906EB8000814210D1201DFFF7E0FD2F
:10925000E06A2969884200D9286100EB800006EBAA
:109260008000211DBDE87040FFF72ABE70BD0000E0
:10927000680000209C06002030B587B000240394CD
:1092800005AA04A903A80494FFF7DEFDDDE90301A4
:109290000094CDE90110002315A11748059A00F0AC
:1092A000BAFC164D0028E8621FD000F087FE0128A6
:1092B00009D0401C19D1502080F31188BFF34F8F83
:1092C000BFF36F8FFEE7502080F31188BFF34F8FFD
:1092D000BFF36F8F4FF0FF30A86201206861EC6030
:1092E00007B0BDE8304000F045B807B030BD000021
:1092F00049444C4500000000198600086800002021
:109300000248016B491C016370470000680000209F
:10931000164810B5016B11B10121C16110BD0021CA
:10932000C1610169124A01E0B9B1491E01EB810333
:1093300052F82330002BF7D001EB810302EB8302BC
:1093400002F1080453685B685360A34201D15B6873
:109350005360DA680260016110BD502080F311880B
:10936000BFF34F8FBFF36F8FFEE700006800002050
:109370009C0600201CB537480168374A914207D146
:10938000502080F31188BFF34F8FBFF36F8FFEE73C
:1093900000683149491E884207D1502080F3118866
:1093A000BFF34F8FBFF36F8FFEE72C490878019012
:1093B000FF20087008788DF800009DF800009DF8E7
:1093C000002000F0F000904207D0502080F3118878
:1093D000BFF34F8FBFF36F8FFEE79DF80000204C67
:1093E00000F0500020700720A06005E09DF80020EC
:1093F00052008DF80020401E9DF800201206F5D482
:10940000A060032807D0502080F31188BFF34F8F4E
:10941000BFF36F8FFEE74FF44070A06001980870B3
:109420000C482030016841F470010160016841F08E
:1094300070410160FFF7B6FD00206060F6F7FAFEAC
:109440000848016841F040410160F6F7DFFE002066
:109450001CBD000000ED00E071C20F4100E400E01F
:10946000DC00002034EF00E010B5502080F31188BC
:10947000BFF34F8FBFF36F8F00F00CFC18B104499E
:109480004FF080500860002080F3118810BD00006C
:1094900004ED00E010B502460021012000F005F8BF
:1094A0000446FFF7E9F8204610BDF8B517460E460A
:1094B000050013D005FB06F05030FFF769FB0400F0
:1094C0000AD0002084F8460004F150023B463146A1
:1094D00028460094FFF7DCF82046F8BD502080F3C2
:1094E0001188BFF34F8FBFF36F8FFEE738B5049D30
:1094F00018B153B1CAB181B120E0502080F3118876
:10950000BFF34F8FBFF36F8FFEE7502080F31188BA
:10951000BFF34F8FBFF36F8FFEE7502080F31188AA
:10952000BFF34F8FBFF36F8FFEE739B1502080F349
:109530001188BFF34F8FBFF36F8FFEE750241C4697
:10954000012384F846302B460094FFF7A1F820460B
:1095500038BD000070B50D46040025D0FFF7BCFCF7
:10956000D4E90F20216802FB0011A1600021A16352
:10957000216861600A46D4E90F01401E00FB012109
:10958000E16021464FF0FF3001F8440F487004F1CC
:1095900010008DB1FFF76EFC04F12400FFF76AFCA8
:1095A000FFF7BAFC012070BD502080F31188BFF393
:1095B0004F8FBFF36F8FFEE721690029F0D000F0D5
:1095C00049FC0028ECD004494FF080500860BFF3FC
:1095D0004F8FBFF36F8FE3E704ED00E02DE9FF4706
:1095E00082B01D468A464FF00008040003D0BAF14D
:1095F000000F08D011E0502080F31188BFF34F8F87
:10960000BFF36F8FFEE7206C38B1502080F31188D4
:10961000BFF34F8FBFF36F8FFEE7022D0AD1E06BD0
:10962000012807D0502080F31188BFF34F8FBFF37C
:109630006F8FFEE700F01AFB3F4F4FF000094FF02D
:10964000805648B9049838B1502080F31188BFF390
:109650004F8FBFF36F8FFEE7FFF73EFCA06BE16B10
:10966000884207D3022D05D00498D0B1B8F1000F7D
:109670001AD01EE02A4651462046FEF756FF616A80
:1096800019B104F1240000F0E5FB20B13E60BFF306
:109690004F8FBFF36F8FFFF73FFC012006B0BDE88F
:1096A000F087FFF739FC22E06846FFF75BFD4FF0DB
:1096B0000108FFF731FCFFF723FEFFF70DFC94F9DB
:1096C0004400401C01D184F8449094F94500401CAA
:1096D00001D184F84590FFF71FFC04A9684600F00B
:1096E00033FA30B12046FFF71DFA00F0EBFB002003
:1096F000D4E7FFF7F1FBA06BE16B884213D1FFF7D2
:109700000BFC04F110000499FFF73AFD2046FFF727
:1097100009FA00F0D7FB00289ED13E60BFF34F8FBF
:10972000BFF36F8F98E7FFF7F7FB2046FFF7FAF9D3
:1097300000F0C8FB90E7000004ED00E02DE9F047E1
:109740001F4690468946040003D0B9F1000F08D0A7
:1097500011E0502080F31188BFF34F8FBFF36F8F5C
:10976000FEE7206C38B1502080F31188BFF34F8F93
:10977000BFF36F8FFEE7022F0AD1E06B012807D0FD
:10978000502080F31188BFF34F8FBFF36F8FFEE738
:10979000FFF71AFC5020EFF3118680F31188BFF316
:1097A0004F8FBFF36F8FA06BE16B884206D3022F00
:1097B00004D0002086F31188BDE8F08794F9455065
:1097C000A06B3A4649462046FEF7AFFE681C04D01F
:1097D0006D1C84F845500120ECE7606A0028FAD03F
:1097E00004F1240000F036FB0028F4D0B8F1000F9B
:1097F000F1D00121C8F80010EDE770B50E46040065
:1098000009D0206C78B1502080F31188BFF34F8FBE
:10981000BFF36F8FFEE7502080F31188BFF34F8FA7
:10982000BFF36F8FFEE7206848B9A06838B15020B9
:1098300080F31188BFF34F8FBFF36F8FFEE7FFF701
:10984000C3FB5020EFF3118580F31188BFF34F8FD6
:10985000BFF36F8FA16BE06B884218D994F9450074
:10986000491CA163411C04D0401C84F84500012020
:109870000EE0606A0028FAD004F1240000F0EAFA51
:109880000028F4D0002EF2D001203060EFE7002055
:1098900085F3118870BD00002DE9F747002683B0DD
:1098A0008A46040003D0BAF1000F08D011E050201E
:1098B00080F31188BFF34F8FBFF36F8FFEE7206CEB
:1098C00038B1502080F31188BFF34F8FBFF36F8FF3
:1098D000FEE700F0CBF9DFF8F4804FF000094FF01D
:1098E000805748B9059838B1502080F31188BFF3EC
:1098F0004F8FBFF36F8FFEE7FFF7EEFAA56BC5B191
:1099000051462046FEF7FEFD6D1EA563206950B14D
:1099100004F1100000F09EFA28B1C8F80070BFF3FF
:109920004F8FBFF36F8FFFF7F7FA012006B0BDE846
:10993000F087059808B11EB106E0FFF7EDFA27E0C1
:109940006846FFF70FFC0126FFF7E6FAFFF7D8FCA1
:10995000FFF7C2FA94F94400401C01D184F8449006
:1099600094F94500401C01D184F84590FFF7D4FAE2
:1099700005A9684600F0E8F8002820460AD0FFF75D
:10998000D1F800F09FFA2046FEF756FF0028B3D02A
:109990000020CBE7FEF750FF90B104F124000599B9
:1099A000FFF7EEFB2046FFF7BDF800F08BFA00282A
:1099B000A2D1C8F80070BFF34F8FBFF36F8F9BE742
:1099C0002046FFF7AFF800F07DFA95E704ED00E0E0
:1099D0002DE9F343002683B00400354609D0206CFE
:1099E00078B1502080F31188BFF34F8FBFF36F8F92
:1099F000FEE7502080F31188BFF34F8FBFF36F8FC6
:109A0000FEE700F033F9DFF83C814FF000094FF03A
:109A1000805748B9049838B1502080F31188BFF3BB
:109A20004F8FBFF36F8FFEE7FFF756FAA06BC8B1F9
:109A3000401EA063206810B9FFF718F9A0602069E4
:109A400050B104F1100000F005FA28B1C8F8007018
:109A5000BFF34F8FBFF36F8FFFF75EFA012005B0A2
:109A6000BDE8F083049808B166B10FE03DB1502025
:109A700080F31188BFF34F8FBFF36F8FFEE7FFF7BF
:109A80004BFA5DE06846FFF76DFB0126FFF744FAED
:109A9000FFF736FCFFF720FA94F94400401C01D18F
:109AA00084F8449094F94500401C01D184F8459015
:109AB000FFF732FA04A9684600F046F8002820466D
:109AC00012D0FFF72FF800F0FDF92046FEF7B4FEA4
:109AD0000028A9D09DB3FFF7FFF9606A50B3206B4F
:109AE0000068C0F1380126E0FEF7A6FEE0B120686C
:109AF00038B9FFF7F1F9A06800F070F90546FFF7F3
:109B00000BFA04F124000499FFF73AFB2046FFF713
:109B100009F800F0D7F9002886D1C8F80070BFF323
:109B20004F8FBFF36F8F7FE72046FEF7FBFF00F0FC
:109B3000C9F979E70021A068FFF756FB9FE7FFE727
:109B400000208CE704ED00E02DE9F0410C46050013
:109B500011D0C4B1FFF7C0F9174BDA686E682068FE
:109B6000911B471C17D02F681B6A9F4219D0964241
:109B700017D8012410E0502080F31188BFF34F8FD5
:109B8000BFF36F8FFEE7502080F31188BFF34F8F34
:109B9000BFF36F8FFEE70024FFF7BEF92046BDE854
:109BA000F081884205D9401A20602846FFF7DAFA8A
:109BB000F1E700202060DCE7680000202DE9FF5F6E
:109BC0008346DDE90E87994616468A469000FEF7E1
:109BD000DFFF05001CD05C20FEF7DAFF040014D084
:109BE0000020256384F85900CDE90240CDE90087C3
:109BF0004B46324651465846FEF75CFD2046FEF77E
:109C0000EDFB012004B0BDE8F09F2846FFF798F96E
:109C10004FF0FF30F6E7F0B585B0DDE90B640A9D43
:109C2000A6B1DCB15C2700972663022684F8596050
:109C3000002604AFCDE90246CDE90057FEF73AFD14
:109C40002046FEF7CBFB049805B0F0BD502080F312
:109C50001188BFF34F8FBFF36F8FFEE7502080F363
:109C60001188BFF34F8FBFF36F8FFEE7054841693F
:109C700019B1006B18B10020704701207047022015
:109C800070470000680000200148C068704700006D
:109C9000680000202DE9F0412E4C0027206B28B1F0
:109CA000A069401CA0613846BDE8F081E668761CDA
:109CB000E66013D1606B006838B1502080F31188E2
:109CC000BFF34F8FBFF36F8FFEE7606BA16B6163D4
:109CD000A063206A401C2062FEF79AFEA06ADFF8AB
:109CE0007880864209D3606B0068A0B1606BC06861
:109CF000C5686868864211D2A0622068C06A00EB1D
:109D0000800158F82100012800D90127E0690028C6
:109D1000C9D00127C7E74FF0FF30EDE7281DFFF757
:109D200077F8A86A18B105F11800FFF771F8E86A2A
:109D30002169884200D9206100EB800108EB810095
:109D4000291DFFF7BDF8E86A2168C96A8842CAD3AD
:109D50000127C8E7680000209C06002070B50400B9
:109D60004FF0000133D01B4D2868844207D05020AB
:109D700080F31188BFF34F8FBFF36F8FFEE7206D25
:109D800038B1401E2065E36CE26A9A421FD040B1B0
:109D90001DE0502080F31188BFF34F8FBFF36F8F0A
:109DA000FEE7201DFFF734F8E06CE062C0F13800F8
:109DB000A061E06A2969884200D92861064900EB60
:109DC000800001EB8000211DFFF77AF80121084691
:109DD00070BD0000680000209C06002070B50400E3
:109DE0004FF000002BD0194DE16A2A68D26A9142E7
:109DF00026D2A069002804DB2868C06AC0F13800B8
:109E0000A061134E01EB8101606906EB810188427C
:109E100011D1201DFEF7FCFF2868C06AE0622969A5
:109E2000884200D9286100EB800006EB8000211DEC
:109E3000FFF746F802E02868C06AE062012070BDC2
:109E4000E16C2A68D26A9142F8D370BD68000020A4
:109E50009C06002070B5C068C46854B104F11800B5
:109E60000646FEF7D5FF144D286B50B13146134816
:109E700015E0502080F31188BFF34F8FBFF36F8F31
:109E8000FEE7201DFEF7C4FFE06A2969884200D979
:109E900028610B4900EB800001EB8000211DFFF7DA
:109EA0000FF8E06A2968C96A884202D90120E8618E
:109EB00070BD002070BD000068000020240B002051
:109EC0009C0600202DE9F0472C4D00242746286BE6
:109ED00038B1FFF701F8286B401E2863286B40B1AA
:109EE00046E0502080F31188BFF34F8FBFF36F8F90
:109EF000FEE7A968224E0120D1B3A6F591698046FC
:109F00003068E0B1F068C46804F11800FEF780FF23
:109F1000201DFEF77DFFE06A2969884200D928618B
:109F200000EB800109EB8100211DFEF7C9FFE06A0B
:109F30002968C96A8842E3D3C5F81C80E0E70CB100
:109F4000FEF766FDAC694CB14FEA0806FFF7A2FECA
:109F500000B1EE61641EF9D10020A861E86938B152
:109F60000849012738070860BFF34F8FBFF36F8F91
:109F7000FEF7D2FF3846BDE8F087000068000020F9
:109F8000240B002004ED00E02DE9FC4781461E462D
:109F9000174688462C200A9DFEF7FAFD04000AD0D9
:109FA000002084F82800CDE9005433463A46414663
:109FB0004846FEF7D7FB2046BDE8FC8710B586B0C3
:109FC000FEF774FA114C2068B8B100200390049099
:109FD00005AA04A903A8FEF741FFDDE90321022039
:109FE0008DE8070000230AA10B48059AFFF713FE2E
:109FF000606010B106B0012010BD502080F31188C0
:10A00000BFF34F8FBFF36F8FFEE70000A400002067
:10A01000546D722053766300018B00082DE9FF41D7
:10A020001E46134602000A9D4FF0000016D0144C45
:10A030002768002F0FD0CDE900130292062917DA06
:10A04000FFF714FE02284FF000030FD000226946EC
:10A050002068FFF7C3FA04B0BDE8F081502080F318
:10A060001188BFF34F8FBFF36F8FFEE72A46EEE7ED
:10A070000023324669463846FFF760FBEBE70000F5
:10A08000A400002010B504000AD0FEF725FF94F8C4
:10A090002800C0070CD00124FEF73EFF204610BD6B
:10A0A000502080F31188BFF34F8FBFF36F8FFEE70F
:10A0B0000024F1E7010002000400060008000A0085
:10A0C0000C0010002000400080000001010101038D
:10A0D000070100000804020408010101000000005B
:10A0E0000000000001020304060708090000000048
:10A0F00001020304001AB1B10100C1814001C08016
:10A100004101C0804100C1814001C0804100C18146
:10A110004000C1814001C0804101C0804100C18137
:10A120004000C1814001C0804100C1814001C08028
:10A130004101C0804100C1814001C0804100C18116
:10A140004000C1814001C0804100C1814001C08008
:10A150004101C0804100C1814000C1814001C080F7
:10A160004101C0804100C1814001C0804100C181E6
:10A170004000C1814001C0804101C0804100C181D7
:10A180004000C1814001C0804100C1814001C080C8
:10A190004101C0804100C1814000C1814001C080B7
:10A1A0004101C0804100C1814001C0804100C181A6
:10A1B0004000C1814001C0804100C1814001C08098
:10A1C0004101C0804100C1814001C0804100C18186
:10A1D0004000C1814001C0804101C0804100C18177
:10A1E0004000C1814001C0804100C1814001C08068
:10A1F0004101C0804100C1814000C0C101C30302D0
:10A20000C2C60607C705C5C404CC0C0DCD0FCFCE02
:10A210000E0ACACB0BC90908C8D81819D91BDBDA32
:10A220001A1EDEDF1FDD1D1CDC14D4D515D7171652
:10A23000D6D21213D311D1D010F03031F133F3F262
:10A240003236F6F737F53534F43CFCFD3DFF3F3E42
:10A25000FEFA3A3BFB39F9F83828E8E929EB2B2AD2
:10A26000EAEE2E2FEF2DEDEC2CE42425E527E7E692
:10A270002622E2E323E12120E0A06061A163A3A202
:10A280006266A6A767A56564A46CACAD6DAF6F6E82
:10A29000AEAA6A6BAB69A9A86878B8B979BB7B7AB2
:10A2A000BABE7E7FBF7DBDBC7CB47475B577B7B6D2
:10A2B0007672B2B373B17170B050909151935352A2
:10A2C0009296565797559594549C5C5D9D5F9F9EC2
:10A2D0005E5A9A9B5B99595898884849894B8B8A52
:10A2E0004A4E8E8F4F8D4D4C8C4484854587474612
:10A2F0008682424383418180400000006072D548DD
:10A30000409F9F4880CB7048801F3748C05E0C48F4
:10A3100080D8D84700BBA847CD398447B3A9504758
:10A32000B3BC2547667C04470020D546CD72AC46B9
:10A330009A578C4600B46546CDFE3C4600401C460C
:10A3400000E401468F10D945EC29B6459A9199450C
:10A3500000088245E1225D45E1CE3C4529D82145F2
:10A3600085430B45C38DF044A480D0440060B544C0
:10A37000EC419E44148E8A4400607344CD6456447C
:10A38000336B3D444AD42744391C15442FD504442B
:10A3900025642C25640D0A525F543A256420A1E3FC
:10A3A000432C20525F563A2564562C20525F493A7E
:10A3B0002564412C205458706172616D657465721A
:10A3C0002E73797374656D5F73746174323A2564AA
:10A3D0000D0A0000F4A3000800000020AC010000FA
:10A3E000480900081CA40008AC010020E436000065
:10A3F0006C7800082112FF0332E44B32100217017F
:10A40000F918037924F41AAA01014403410F27051E
:0CA41000191AB1B1011AFF01091A084124
:04000005080001D915
:00000001FF
