:020000040800F2
:1000000080380020AD020008A15A00085D4E0008AB
:1000100005590008970D00086978000800000000E5
:10002000000000000000000000000000ED010008DA
:10003000D10E0008000000004902000845640008D5
:10004000C7020008C7020008C7020008C70200086C
:10005000C7020008C7020008C7020008C70200085C
:10006000C7020008C7020008C7020008C70200084C
:10007000C7020008C7020008C7020008C70200083C
:10008000C7020008C7020008C7020008C70200082C
:10009000C7020008C7020008C7020008C70200081C
:1000A000C7020008D9640008C7020008C702000898
:1000B000E5640008C7020008C7020008C70200087C
:1000C000C7020008C7020008C7020008C7020008EC
:1000D000C7020008C7020008C7020008C7020008DC
:1000E000C7020008C7020008C7020008C7020008CC
:1000F000C7020008C7020008C7020008C7020008BC
:10010000C7020008C7020008C7020008C7020008AB
:10011000C7020008DD6C0008C7020008C70200081B
:10012000C7020008C7020008C7020008C70200088B
:10013000C7020008C7020008C7020008C70200087B
:10014000C7020008C7020008C7020008C70200086B
:10015000C7020008C7020008C7020008C70200085B
:10016000C7020008C7020008C7020008C70200084B
:10017000C7020008C7020008C7020008C70200083B
:10018000C7020008C7020008C7020008C70200082B
:10019000C702000800000000C7020008C7020008EC
:1001A000C7020008C7020008C7020008C70200080B
:1001B000C7020008C7020008C7020008C7020008FB
:1001C000C7020008C7020008C7020008C7020008EB
:1001D000C7020008C7020008DFF80CD000F0E8FAF8
:1001E00000480047AD790008803800202C4B196882
:1001F0000868B0E8F04F80F30988BFF36F8F4FF0C5
:10020000000080F311887047000000000848006873
:10021000006880F308884FF0000080F3148862B60D
:1002200061B6BFF34F8FBFF36F8F00DF00BF00BF1A
:1002300008ED00E0DFF80C00016841F47001016096
:10024000704700BF88ED00E0EFF30980BFF36F8FC8
:10025000134B1A681EF0100F08BF20ED108A20E91A
:10026000F04F106009B44FF0500080F31188BFF3D5
:100270004F8FBFF36F8F08F0E3FB4FF0000080F368
:10028000118809BC19680868B0E8F04F1EF0100F1B
:1002900008BFB0EC108A80F30988BFF36F8F7047F6
:1002A00068000020EFF30580704700000648804793
:1002B00006480047FEE7FEE7FEE7FEE7FEE7FEE74B
:1002C000FEE7FEE7FEE7FEE7C9640008D901000883
:1002D0002DE9F05F0546002092469B46884606467B
:1002E000814640241BE0284641464746224600F00E
:1002F000A8F953465A46C01A914110D311461846E0
:10030000224600F08FF92D1A67EB01084F4622466E
:100310000120002100F086F917EB00094E41201E54
:10032000A4F10104DFDC484631462A464346BDE8D5
:10033000F09F40EA01039B0703D009E008C9121FA0
:1003400008C0042AFAD203E011F8013B00F8013B8F
:10035000521EF9D27047D2B201E000F8012B491EBB
:10036000FBD270470022F6E710B513460A46044652
:100370001946FFF7F0FF204610BD2DE9FE4F8046DD
:1003800081EA0300C00F0C46009021F0004123F0E9
:100390000045B8EB0200A94105D2404621469046EF
:1003A0001C460B46024623F00040104347D0270D61
:1003B000C7F30A00C3F30A510290401A0190402883
:1003C0006BDAC3F3130040F4801B0098924620B10F
:1003D0000023D2EB030A63EB0B0B01985946C0F1E3
:1003E0004002504600F01EF906460D46504659465A
:1003F000019A00F036F910EB08006141002487EA09
:10040000115284EAE7731A4340D0009A62B3019A0A
:10041000012A4FEA075215DC001B61EB02014FF085
:10042000004202EA0752CDE90042001C41F580116A
:1004300032462B4600F06DF903B0BDE8F08F404620
:100440002146F9E7001B61EB0201001C41F5801316
:1004500000185B412018A2F5001747EB030140EAA2
:10046000D570B6196D4111E06D084FEA360645EAC0
:10047000C0754FEA0752001B61EB0201001C41F5F9
:10048000801149084FEA30000019514132462B468D
:1004900003B0BDE8F04F00F02DB9009801224000F4
:1004A0000023D0EB020263EBE073009821464FEA91
:1004B000E074B8EB000061EB0401E9E783F000436E
:1004C0005BE781F0004158E72DE9FE4F81EA030424
:1004D00004F0004421F0004100944FF0000B23F0A1
:1004E000004350EA01045ED052EA03045BD0C3F338
:1004F0000A54C1F30A552C44A4F2F3340194A0FB2E
:100500000254C1F3130141F48011C3F3130343F404
:10051000801301FB024400FB034E840A970A44EA5D
:10052000815447EA8357A4FB076802958D0A05FBAF
:1005300007854FEA932C04FB0C542705029D4FEAD4
:10054000065847EA1637B5EB08056EEB070C870E21
:10055000920E47EA811742EA8312A7FB0201B6EB2B
:100560000B0164EB00042B0D43EA0C335E1844EBE3
:100570001C50DA465146E7FB0201C5F313044FEA6B
:100580000B3343EA14534FEA0432019C43EA060357
:10059000A4F10C040294009CCDE900B400F0B9F879
:1005A00003B0BDE8F08F00200146F9E70EB540F238
:1005B000334102910021CDE900110A460B4600F0BB
:1005C000A8F803B000BD00F0004230F000400AD0AF
:1005D000C10D01F56071C0F3160042EA0151C20875
:1005E00040071143704700200146704701F0004367
:1005F00030B421F0004150EA010206D00A0DA2F504
:100600006072C1F31301002A02DC30BC0020704785
:10061000440F44EAC104C100E01830BC00EBC250F2
:1006200000F031B8202A04DB203A00FA02F1002061
:1006300070479140C2F1200320FA03F31943904020
:100640007047202A04DB203A21FA02F0002170478B
:1006500021FA02F3D040C2F120029140084319462A
:100660007047202A06DBCB17203A41FA02F043EA12
:10067000E07306E041FA02F3D040C2F1200291405B
:100680000843194670470029A8BF7047401C49001D
:1006900008BF20F00100704710B4B0FA80FC00FAE7
:1006A0000CF050EA010404BF10BC704749B1CCF112
:1006B000200421FA04F411FA0CF118BF012121439E
:1006C0000843A3EB0C01CB1D4FEA00614FEA102059
:1006D00042BF002010BC704700EBC35010440029FB
:1006E000A4BF10BC7047401C490008BF20F00100A7
:1006F00010BC704710B5141E73F1000408DA401CDA
:1007000041F1000192185B411A4301D120F0010030
:1007100010BD2DE9F04D92469B4611B1B1FA81F220
:1007200002E0B0FA80F220329046FFF77BFF0446E9
:100730000F4640EA0A0041EA0B0153465A46084375
:1007400013D0114653EA010019D0C8F140025046B7
:10075000FFF777FF05460E46504659464246FFF7DB
:1007600061FF084305D0012004E020463946BDE87A
:10077000F08D0020054346EAE0762C4337430A9883
:100780006305E40AA0EB08000022FD0A44EA47548E
:100790000A3002D500200146E9E701051019694138
:1007A000DDE9084500196941BDE8F04DA2E7000008
:1007B000064C074D06E0E06840F0010394E80700AE
:1007C00098471034AC42F6D3FFF70AFD049B0008AB
:1007D000249B000870B58C1810F8015B15F0070316
:1007E00001D110F8013B2A1106D110F8012B03E0CA
:1007F00010F8016B01F8016B5B1EF9D12B0705D4D2
:100800000023521E0DD401F8013BFAE710F8013B1A
:10081000CB1A921C03E013F8015B01F8015B521E36
:10082000F9D5A142D8D3002070BD0000F8B5044628
:10083000002000902068816811F0010F4AD1816882
:10084000254A114237D18168D5432940491C81602E
:100850002068B0F1A04F02D02049884201D1204841
:1008600000E02048806800F0E07000020DD51E48CE
:100870001E490068B0FBF1F0401C00EB4000800016
:1008800000E0401E00900028FBD101F07FFE0646EC
:100890001BE0816811F0010F03D181682940491CD8
:1008A000816001F073FE801B02280ED92068006869
:1008B000C043C00709D0E06D40F01000E065206E35
:1008C00040F0010020660120F8BD20680168C9439E
:1008D000C907DED10020F8BD3F00008000010050B4
:1008E000000300500007005064000020400D03008A
:1008F00070B51421144800F07BFD40F6E4414843F4
:10090000040B1434214611A000F0E3FACD20134D5E
:100910004443322112482C6000F06AFD40F6E44165
:100920004843040B21460FA000F0D3FA11496000A0
:100930000969884201D2002003E0401A00EB8000E0
:100940004008686070BD00000080F03E6164635F35
:100950007066633A25642E0D0A000000A001002095
:100960002000F01474785F68616C6C3A25642E0D79
:100970000A0000000001002010B507F045FE044801
:100980000178491C0170BDE8104007F05DBE000011
:10099000FC00002000F0D8B9094810B5017839B141
:1009A0000021017000F0ECF9BDE8104000F0D1B971
:1009B0000121017000F0DEF9BDE8104000F0CFB970
:1009C0002C01002000F0D1B908B5C34800900023E5
:1009D00001224FF4FA71C1A008F06EFEC24C2061F2
:1009E00008F0EAFC4FF000090246CDF800904B46B3
:1009F0000121206908F0AAFE05F0B6F805F052F8CA
:100A0000DFF8E8820126B0B3B9A000F062FABE4F69
:100A100003254FF47A703D7007F0CEFE05F042F8E2
:100A200050B341F2883A3D70504607F0C5FE05F0DC
:100A300039F808B33D70152188F81310504607F0B7
:100A4000BBFE002006F028F84FF4FA6007F0B4FE71
:100A5000AE4D44F6E430DFF8B8A2474628804FF0A8
:100A6000640BA046387D01280ED098F80500444656
:100A7000012875D02BE100E004E0E670A5A000F0AD
:100A800028FADEE7E670DCE798F8050008BB05F019
:100A900071FC0124DAF800202888C2F89400C4F11F
:100AA0006403434393FBFBF3DAF800C0CCF89C30BB
:100AB000604390FBFBF0DAF80010C1F8A8001420A6
:100AC00007F07AFE641C2E2CE4DB00F0ADFC88F805
:100AD000056098F80400444628B1934805F09AF858
:100AE0002070E0B3AEE06078002816D18E480A305E
:100AF00005F0AAF8A070202810D02888A0F596410B
:100B0000E43902D1E168491CE160E2684FF4FA710E
:100B1000B2FBF1F301FB132141B1C3E0002005F06A
:100B200043FB7948267106700A20B9E046F6402159
:100B300088421BD20A3080B22880DAF80020C2F83E
:100B40009400362200FB02F3B3FBFBF3DAF800401B
:100B5000C4F89C302E235843B0FBFBF001E018E0B2
:100B6000A2E0DAF80010C1F8A8009BE0E088C821F4
:100B7000401C80B2B0FBF1F2E08001FB12000028C3
:100B800006D1C4F80C90A4F80690667005F020FC1D
:100B900088E0DFF894E1A4F808909EF8000020B106
:100BA000012809D002280ED016E028884FF4FA4117
:100BB000884210D2401C0CE0288844F6E431884278
:100BC00009D9401E05E028884FF4FA41884202D234
:100BD000801C288000E02980DAF800202988C2F8EB
:100BE0009410362201FB02F3B3FBFBF3DAF800C0EA
:100BF000CCF89C302E235943B1FBFBF1DAF800000E
:100C0000C0F8A81049480078E0B99EF80100F874CF
:100C1000052809D0042809D050B1012808D002289D
:100C200009D003280BD00DE0022105E0032007E0E6
:100C30003548067006E004213348017002E00520C3
:100C40003149087020894FF47A71401C80B2B0FBA2
:100C5000F1F2208101FB1200A04618BB44F6E430FB
:100C6000288005F0B5FB05F0D3FA3249304888F802
:100C700005900A680260097901714C46002005F070
:100C80000BFF88F80440A8F806401F49C8F80C403C
:100C900088F80140052008701820F8744FF47A7025
:100CA00007F08AFD012013E02249214884F80590CD
:100CB0000A68026009790171002005F0EDFE84F8F0
:100CC0000490A4F80690C4F80C9084F80190642075
:100CD00007F072FDC6E60000497A00087061727381
:100CE000655F646174650000E8000020A0010020D9
:100CF0004E524632344C30312020697320206572C8
:100D0000726F72210A0D0000000000200400002014
:100D1000380300204E524632344C30312020697363
:100D200020206F6B210A0D003033002000010020CD
:100D3000600100202498000800F028B8002220213B
:100D40004FF0904001F01DBC20214FF0904001F089
:100D500010BC002240214FF0904001F012BC012253
:100D600040214FF0904001F00CBC40214FF09040EA
:100D700001F0FFBB002280214FF0904001F001BC48
:100D8000012280214FF0904001F0FBBB80214FF009
:100D9000904001F0EEBBFEE7064910B50020087553
:100DA000054944F6E430088005F012FBBDE8104028
:100DB00005F02EBAA00100200400002010EE100A59
:100DC000234910B5DFED230A884204DC10EE100A37
:100DD0002149884202DAB0EE600A10BD00222421C7
:100DE0001E4B122003EB8004D4ED000AF4EEC00A7F
:100DF000F1EE10FA01D2014601E021DD0246881829
:100E000040088C1A012CEDD103EB820203EB810127
:100E1000D2ED000A91ED001AF1EE041A30EE600AEC
:100E200031EE601A00EB8000373820EE210AC0EE68
:100E3000010A00EE100AB8EEC00A30EE800A10BDBA
:100E400000EB8000373800EE100AB8EEC00A10BD83
:100E50006072D54800C079442FD504442C9A00080C
:100E600013481449C279C96842B10023012A19D034
:100E7000022A02D111F11E0F16DC70470C4A127AB9
:100E8000531CDBB2502905DB032A01D3012107E003
:100E90000372704711F1230FFBDC032AF8D3022100
:100EA000C17170473729FCDA0372C37170470000C3
:100EB00000010020A001002010B507F0A5FB0349A8
:100EC00000200870BDE8104007F0BEBBFC00002009
:100ED00070477047014900200870704700000020EB
:100EE00072B6FEE7144A117F1448012901D0032984
:100EF0000FD1036823F400730360036843F40063B5
:100F00000360036823F400630360036843F4007321
:100F10000360022901D003290BD1016841F48051FB
:100F20000160016821F480510160016841F4806131
:100F3000016000201077704744000020002002402C
:100F40000C490A6A520210D5C20703D04A6942F01E
:100F500004024A61800703D5486940F400404861B3
:100F6000486940F4803048617047486948F204029B
:100F70001043F4E7002002400E4A136A5B0201D5D9
:100F8000C90703D0516921F4006102E0516941F4BD
:100F9000006151615169C0B221F47E7141EAC00023
:100FA0005061506940F002005061506940F4803057
:100FB0005061704700200240054910B54C6944F06B
:100FC00001044C610260BFF36F8F436010BD0000ED
:100FD00000200240094A10B55469402344F480249B
:100FE0005461EFF3108272B610C95B1E10C013F08B
:100FF000FF03F9D182F3108810BD000000200240E9
:1010000070B5064601F0C2FA0546134C07E000BF72
:1010100001F0BCFA401BB04201D9032070BD206929
:10102000C003F5D420694CF2FA3108400CD00B49CA
:101030004A6802434A60010F01D0A169A161010120
:1010400000D02061012070BD2069C00701D00120BF
:101050002061002070BD00000020024044000020FC
:1010600007480021417201210170064903200870E0
:1010700005480F21C174C16904A0FFF72ABF000011
:101080000001002000000020A001002054696D65CF
:10109000722046616E206572726F722C2066616EDE
:1010A0005F73706565643A25642E0D0A00000000C8
:1010B0002DE9F84340490025404CC86832283CDD02
:1010C0008846E169091A00D549420126022702290A
:1010D00006DBE06100F0B0F86078012828D048B362
:1010E0006078022827D1D8F80C104046322922DD3A
:1010F000334A6169B2FBF1F1C161637A43B3012BF9
:1011000040D0022B17D15A2953D2A27A521CD2B204
:10111000A2720A2A0FD32B4B6572267003221A7013
:101120000F2288F8132028A0BDE8F843FFF7D1BEAE
:101130006770D8E76670BDE8F8832A4800684563A1
:101140009FED290A657281ED060ACD616570F2E7AF
:10115000A06A08F02FFB30B1002300951A46032146
:10116000A06A08F0F3FA08F027F902460095002378
:101170000121A06A08F0EAFA617A1CA0FFF7A9FE33
:101180006672D8E75A290DD9A06A08F013FB30B16E
:10119000002300951A460321A06A08F0D7FAA57229
:1011A0006772C8E70A461946BDE8F84315A0FFF77D
:1011B00090BEA5721CA0B7E7A0010020000100208E
:1011C00040420F000000002046616E206572726F81
:1011D000722C2066616E5F73706565643A25642EBB
:1011E0000D0A0000900400200000000046616E20FF
:1011F0006374726C2073746167653A25642E0D0AFE
:101200000000000046616E206374726C207374618C
:1012100067653A25642C2066616E5F73706565644E
:101220003A25642E0D0A000066616E5F7370656575
:10123000643A25642E0D0A0000EE100AB0EE041A7E
:1012400010B5B8EEC00A2349DFED210A224C20EE8A
:10125000010A10EE100A884202DDC4ED060A0EE013
:10126000DFED1E0A1E4930EEC00A10EE100A84EDB2
:10127000060A884203DD9FED1B0A84ED060A94ED01
:10128000060ADFED190A1A4920EE200ADFED170AD7
:1012900080EE201ABDEEC10A10EE100A00B288815D
:1012A00041F68F21081A134909684863642007F042
:1012B00083FA94ED060ADFED100A20EE200ADFED36
:1012C0000F0A30EEC00ABCEEC00A84ED080A10BD59
:1012D000000000000000E142A00100200000E14207
:1012E00000004842000048420080D4450000C84247
:1012F0000001002090040020D7A350403DEAA44301
:10130000044D4FF4FA74287805F062FC204607F08B
:1013100053FAF8E70000002010B507F075F903480C
:10132000047807F091F9204610BD0000FC00002071
:1013300070B50F494FF6FF734FF400240A889A42A4
:1013400001D1254601E01504AD094FF0006606EB1A
:101350005505854204D900BFA0F10060C00A70BDE8
:101360009A4201D011048C09A0EB5400F4E700006C
:10137000E075FF1F10B504461B4888B0844209D1B0
:101380001A4800F0CBFD6421184800F027FD10BB7F
:10139000164825E020216846FEF7E4FF0620CDE947
:1013A0000040022002907F2003900420049000203F
:1013B00005900E4869466C3800F028F908B1FFF72F
:1013C0008FFD0A486C3800F0A9FD084864216C388C
:1013D00000F004FD10B1002008B010BD03486C38C7
:1013E00000F04AFB80B2F7E70080F03ECC0200201C
:1013F0002DE9F04100260F4680463546344609E087
:101400004046FFF7B7FF60B10644012007F0D4F96A
:10141000641CA4B2BC42F3D3781BB6FBF0F0BDE869
:10142000F0816D1CEDB2F0E71D4810B50168001D9C
:101430000268001D03681B480C0A017044700C0C04
:101440008470090EC1700271110A4171110C817111
:10145000110EC1710372190A4172190C8172190EB1
:10146000C1720C2104F06AFC0F49020A48708A70AC
:10147000020CCA70000E0B4A08710968C2F81610F7
:101480009076082102F1160007F044F8054C000A96
:10149000163408212072204607F03CF8607210BD17
:1014A0009075FF1F24330020600100202DE9F04FCC
:1014B000044690F858009BB00F464FF0000B0128EF
:1014C00012D0012084F8580000261796189620683C
:1014D0004FF0A048DFF81C91DFF81CA1474D4045B4
:1014E00006D12846009508E002201BB0BDE8F08F29
:1014F00048450AD15046CDF800A003F0E1FC009029
:10150000206803F0DDFC40B109E0E06D40F0200010
:10151000E06584F858600120E7E7009850B1E06D7D
:1015200040F02000E0654FF0010B00BF84F85860E8
:101530005846DAE720684146884201D0A84201D1E6
:101540002F4800E02F48D7F800C02F4B40F61F72FD
:10155000BCF1000F2DD0D0F808C094F838802CF4DE
:10156000604C4CEA483CD7F804804CEA080CC0F8C0
:1015700008C0D4F800C08C4501D0AC4504D18968BE
:10158000AB6801F0010109E0D9F80810DAF8085059
:1015900001F0010105F001059B68294303F00103F7
:1015A0001943C3D1BB68396819438368934319430E
:1015B0001DE0876827F46047876027688F4201D065
:1015C000AF4204D18968AB6801F0010109E0D9F8A4
:1015D0000810DAF8085001F0010105F001059B68D8
:1015E000294303F001031943A0D18168914381602D
:1015F0009CE700000004005000050050000100506E
:101600000003005000070050000600502DE9F84F7D
:1016100000270446009790F85800DFF81C840D4618
:10162000B946012811D0012684F85860206803F0DB
:1016300043FC60B1E06D40F02000E0655FF0010721
:1016400084F858903846BDE8F88F0220FBE7D5E9CA
:1016500000210C23206803EA91131844036B01F066
:101660001F014FF01F0C0CFA01FCC2F3846223EA45
:101670000C038A4013430363206803F01DFC824679
:10168000206803F015FC5AEA00003CD1AA682968DA
:101690002068B2F1004F37D003F01EFC206841698A
:1016A00021F00041416120686969C268C2F3C1024A
:1016B000520091402A69042A31D000EB82002B6845
:1016C000026EDFF878C303F0F84302EA0C020B4322
:1016D0001A4342F00041016622682869A96902EBB9
:1016E0008000026E22F080720A430266297F22681F
:1016F0002869012910D0002102EB8000026E22F03F
:1017000000720A4302667DE0002203F0E5FB2068D8
:10171000416941F00041C5E74FF00071ECE700215D
:1017200003F0C0FB400320684FF0000172D003F0CB
:10173000B9FB90FAA0F0B0FA80F1286842036ED0AD
:1017400090FAA0F0B0FA80F0814204D10022114654
:10175000206803F0D0FB0121206803F0A3FB4003C5
:1017600020684FF001015DD003F09CFB90FAA0F0DF
:10177000B0FA80F12868420359D090FAA0F0B0FA8C
:1017800080F0814204D100220121206803F0B3FBE4
:101790000221206803F086FB400320684FF002011D
:1017A00048D003F07FFB90FAA0F0B0FA80F12868EF
:1017B000420344D090FAA0F0B0FA80F0814204D104
:1017C00000220221206803F096FB0321206803F029
:1017D00069FB400320684FF0030133D003F062FB44
:1017E00090FAA0F0B0FA80F1286842032FD090FA66
:1017F000A0F0B0FA80F0814204D1002203212068D9
:1018000003F079FB2068816811F0010F22D0ACE071
:1018100000E004E003F046FBC0F384618DE7C0F311
:10182000846091E703F03EFBC0F38461A2E7C0F35C
:101830008460A6E703F036FBC0F38461B7E7C0F32A
:101840008460BBE703F02EFBC0F38461CCE7C0F3F8
:101850008460D0E72A7B296850F8B03FC1F3120CAE
:1018600023EA0C0302F0180C754A22FA0CF20A4023
:1018700013430360E968414577D1286841031CD0D0
:1018800090FAA0F1B1FA81F1491C01F01F01092978
:101890004FEA403132D8002912D000BF90FAA0F1AF
:1018A000B1FA81F101F1010101F01F0106FA01F61F
:1018B00009D100BFC0F3846109E0C0F38461E3E7AC
:1018C000C0F38461EEE790FAA0F1B1FA81F101F181
:1018D000010101F01F0146EA816102D1C0F3846079
:1018E00003E090FAA0F0B0FA80F000F1010000F0FF
:1018F0001F0000EB400041EA005132E000290ED009
:1019000090FAA0F1B1FA81F101F1010101F01F019A
:1019100006FA01F606D100BFC0F3846106E0C0F309
:101920008461F1E790FAA0F1B1FA81F101F10101CE
:1019300001F01F0146EA816102D1C0F3846003E037
:1019400090FAA0F0B0FA80F000F1010000F01F0062
:101950003C4A00EB400002EB005041EA000141F03C
:101960000071AA68206803F0B7FA37482B68034271
:101970003FF466AE21684FF0A04C3448344E354DEC
:10198000614501D0A94201D1024600E03246926889
:10199000DFF8C48002F0E072434503D0DFF8BC807A
:1019A000434521D15FEA02281ED4614506D02C4B65
:1019B00099427FF445AEA94200D0304642F400017E
:1019C000826822F0E0720A43826026482649006855
:1019D000B0FBF1F0401C00EB4000800000E0401E36
:1019E00000900028FBD12BE6DFF8808043450FD123
:1019F0005FEAC2180CD4A94202D11D4B9942F2D021
:101A0000614502D0A94200D0304642F080710CE01E
:101A1000DFF860804345E6D15302E4D4A942E2D026
:101A2000614500D0304642F48001826822F0E072C5
:101A30000A43826004E6000000007F4000F0FF03DC
:101A4000FFFF0700000020FE000008800003005098
:101A50000007005000010050000021C31000C0909A
:101A60000006005064000020400D0300000052C733
:101A700000050050000084CB0068006C7047000037
:101A8000F8B54FF0000504002E46009502D0E06D39
:101A900010B107E00120F8BD204600F009F92666E4
:101AA00084F8586020688168C1F3407119B1816879
:101AB000734A1140816020688168C1F3007189B95F
:101AC0008168704A114041F0805181606E486F49D1
:101AD0000068B0FBF1F04000801C00E0401E009068
:101AE0000028FBD120688168C1F3007141B9E16D24
:101AF00041F01001E165216E41F0010121660125EF
:101B000003F0DAF9E16DC90600D430B1E06D40F0C0
:101B10001000E06501252846F8BDE06D20F48070D6
:101B200040F00200E0652068816811F0010F27D1C4
:101B30004FF0A043564A984201D0904204D1996890
:101B4000966801F001010AE052498968524E01F09D
:101B50000101B66806F001063143504EB66806F042
:101B6000010631430CD1984201D0904201D14C483A
:101B700000E04C486168826822F47C120A4382606B
:101B8000E168E06B627F0843A16841EA42310843A3
:101B900094F8241040EA0140012904D1218D424AE1
:101BA00002EB41410843E16A29B101F47871226BEB
:101BB000014342EA01002268D1683C4B19400143CD
:101BC000D16020680169626B21F0406111430161BD
:101BD000206803F06DF970BB207F94F838102268FC
:101BE000800340EA4100D16844F202039943014373
:101BF000D16020690028206801690AD041F4803151
:101C00000161206850F8C01F22696FF30D01114374
:101C100007E021F480310161206850F8C01F6FF3A4
:101C20000D01016094F8400001280CD02068016982
:101C300021F001010161606901282068016B21F038
:101C40000F0111D013E0D4E911010843D4E91312B4
:101C50001143084321680A6940F2FC739A43104318
:101C600040F001000861E6E7226A521E1143016359
:101C7000E06D20F0020040F00100E0654BE700005D
:101C8000C0FFFF5FC0FFFF7F64000020400D030026
:101C900000010050000400500005005000060050F4
:101CA00000030050000700500000FEFF0740F0FF57
:101CB0002DE9F0439BB00446142115A8FEF752FB12
:101CC00054216846FEF74EFB4FF000512068002576
:101CD0003D4F0326DFF8F4908A133D4CB0F1A04F3E
:101CE00011D03C4B98426CD19046684600921191BD
:101CF00001F09EF808B1FFF7F3F83868401C38602F
:101D0000012846D04DE068460092119101F090F80C
:101D100008B1FFF7E5F83868401C3860012807D1A2
:101D2000E06C40F40050E064E06C00F400501A9065
:101D3000E06C40F00400E064E06C00F004001A90F5
:101D4000E06C40F00200E064E06C00F002001A90E9
:101D5000E06C40F00100E064E06C179500F00100D9
:101D60001A900220CDE9150615A91B4800F0D8FAF3
:101D70004FF480401795CDE9150615A9484600F0A7
:101D8000CFFA06201795CDE9150615A94FF090401A
:101D900015E0E06C40F40050E064E06C00F40050AA
:101DA0001A90E06C40F00200E064E06CCDF85480E2
:101DB00000F00200CDE916651A9015A9484600F01A
:101DC000AFFA1BB0BDE8F0833000002000040048EB
:101DD0000010024000010050000800482DE9F047C3
:101DE0000446884600684FF0A0454749474BDFF856
:101DF0002091A84201D0484501D10A4600E01A4688
:101E0000926802F01F06A269082A14D0AEB1052E0E
:101E100013D0092E11D0A84202D0484500D019464F
:101E2000886800F4604058B1E06D40F02000E06543
:101E30000120BDE8F087082703E0C068C007F2E78B
:101E4000042700F0A3FB824619E000BFB8F1FF3F72
:101E500015D000F09BFBA0EB0A01414502D8B8F178
:101E6000000F0CD120680068384208D1E06D40F0C6
:101E70000400E065002084F858000320D9E72068BA
:101E800000683842E2D0E06D40F40070E065206800
:101E900003F01AF880B1607F70B92068006800070D
:101EA0000AD5E06D20F48070E065E06DC00403D4D5
:101EB000E06D40F00100E0652068164A164B484589
:101EC00001D12C4604E0904201D11C4600E00446BA
:101ED00084420AD04EB1052E07D0092E05D04845C0
:101EE00006D0904203D11D4602E0C16801E00546DC
:101EF000E968082F05D0490401D40C2101600020B5
:101F000097E70821FAE7000000030050000700509F
:101F10000001005000050050000400502DE9F04180
:101F2000044600684FF0A045444FA84201D0B84293
:101F300001D1434900E04349896801F01F0602F0DE
:101F4000BBFF18B102210846BDE8F08194F85800A3
:101F500001280CD0012084F858002046FEF766FCCA
:101F600001004FF0000204D084F85820EBE7022073
:101F7000EAE7E06D40F60163984340F48070E06565
:101F80002068314BDFF8C4C0B84201D1AE4604E04E
:101F9000984201D1E64600E08646864500D02EB93B
:101FA000D4F85CE02EF4801EC4F85CE0D4F85CE069
:101FB0005FEACE4E06D5D4F860E02EF0060EC4F8E7
:101FC00060E000E022664FF01C0EC0F800E084F8EC
:101FD00058202068B84201D12A4604E0984201D135
:101FE000624600E0024682420ED06EB1052E0BD052
:101FF000092E09D0E26D42F48012E265B84213D096
:10200000984210D165460FE0C268920105D5E26D95
:1020100022F4005242F48052E26582680C4B1A406E
:10202000121D82608FE70546E86880018BD5E06D60
:1020300020F4005040F48050E06584E70001005037
:10204000000300500007005000050050000400503D
:10205000C0FFFF7F10B590F8253000210122022B30
:1020600003D00421C163012122E003681C6824F02D
:102070000E041C60836C1C6824F480741C6003686C
:102080001C6824F001041C6090F84430046C03F0D8
:102090001F0302FA03F36360D0E913345C60436DFD
:1020A00033B11C6824F480741C60D0E916345C6081
:1020B00080F82520002280F82420084610BD70B545
:1020C00090F82520002401212346022A07D004226B
:1020D000C26380F8251080F82430012429E00268CA
:1020E000156825F00E0515600268156825F00105D4
:1020F0001560826C156825F48075156090F8442091
:10210000056C02F01F0201FA02F26A60D0E91325A1
:102110005560426D32B1156825F480751560D0E9BF
:102120001625556080F8251080F82430816B01B1A8
:102130008847204670BD000070B5044600F026FABE
:102140000546601C02D004484068044400F01EFAB2
:10215000401BA042FAD370BD380000202DE9F05F8B
:10216000054633488946017801290CD0012680466E
:1021700006704FF47A7B5846FEF742FF07004FF097
:10218000000A03D04FE00220BDE8F09F51464046D0
:10219000C8F804A0274C226892050AD52168490591
:1021A00005D5216821F480612160032109E00677CB
:1021B00008E02268520504D5216821F4806121607D
:1021C000022101772868012807D04FF0FF31C9F8B4
:1021D000001040F2FA3BAE681EE06868FEF7B0FE01
:1021E0005846FEF70DFF0746606948F20401884330
:1021F000606116E030466968FEF7BEFE4FF47A7003
:10220000FEF7FEFE0700606920EA0B00606102D065
:10221000C9F8006005E0761CD5E902010844B04227
:10222000E8D8FEF75FFE88F800A03846ACE700006B
:102230004400002000200240054901204A6942F084
:1022400000424A614969002900DA00207047000015
:10225000002002402DE9FF5F254C0646904620787D
:102260009A4601280BD0012020704FF47A7B584603
:10227000FEF7C6FE07004FF0000904D02AE0022056
:1022800004B0BDE8F09F4846C4F80490194D296891
:10229000490504D5286820F4806028600220207752
:1022A00026B1012E09D0022E07D00CE0424653463B
:1022B0000198FEF781FE012612E041460198FEF7E3
:1022C00089FE022E0AD05846FEF79AFE4FEA000712
:1022D000FEF708FE84F800903846D1E74FF48026D8
:1022E0005846FEF78DFE07466869B0436861EFE720
:1022F0004400002000200240064900204A69002ACC
:1023000007DA054A8A60054A8A604969002900DAC5
:10231000012070470020024023016745AB89EFCDC3
:102320002DE9F04FDFF82092002301260324A9F1C4
:10233000040B85B00F2709F1040AABF1040EFAE093
:1023400006FA03F52A407CD091F804C00CF0030C87
:10235000BCF1010F02D0BCF1020F26D1D0F808C0A9
:10236000CDF800C04FEA430C04FA0CF8CDF810C0C9
:10237000DDF800C02CEA080CCDF800C0D1F80C80C4
:10238000DDF810C008FA0CF8DDF800C048EA0C08C7
:10239000C0F80880D0F804C02CEA050C0D79C5F30C
:1023A00000159D4045EA0C0545600D79ED43AD07EC
:1023B0000ED0C5684FEA430804FA08FC25EA0C056C
:1023C000D1F808C00CFA08FC4CEA050CC0F80CC0A7
:1023D0000D7905F00305022D16D1DD0800EB850C03
:1023E000CDF808C0DCF820805D074FEAD56C07FA0D
:1023F0000CF528EA05080D6905FA0CF5DDF808C0AA
:1024000045EA0805CCF8205005684FEA430CCDF8A2
:1024100008C004FA0CFC25EA0C0591F804C00CF085
:102420000308DDF808C008FA0CF848EA0508C0F807
:1024300000804D6815F4403F7CD0444DD5F860C015
:1024400000E077E04CF0010CC5F860C02D6E23F081
:10245000030C05F0010500953D4D65440295AD68FE
:102460004FEA837C4FEA1C7807FA08FC25EA0C0542
:10247000B0F1904F06D0DFF8DCC0604505D14FF0D9
:10248000010C20E04FF0000C1DE0DFF8CCC06045EF
:1024900002D14FF0020C16E0DFF8C0C0604502D157
:1024A0004FF0030C0FE0DFF8B8C0604502D14FF0E9
:1024B000040C08E0DFF8ACC0604502D14FF0050C19
:1024C00001E04FF0060C0CFA08FC4CEA050C029DEA
:1024D000C5F808C0D9F80050CC46D1F8048095431F
:1024E0005FEAC82800D51543CCF80050DAF8005050
:1024F000D446D1F8048095435FEA882800D5154377
:10250000CCF80050DBF80050DC46D1F8048095434D
:102510005FEA883800D51543CCF80050DEF800504B
:10252000F446D1F8048095435FEAC83800D51543D6
:10253000CCF800505B1C0A6832FA03F57FF400AF58
:1025400005B0BDE8F08F0000080401400010024013
:10255000000001400004004800080048000C00484A
:1025600000100048001400480069084000D0012015
:102570007047426921EA02030A4043EA024181614D
:1025800070470AB181617047816270470148806875
:10259000704700003800002030B590F8DD20022A96
:1025A00037D090F8DC20012A33D0012480F8DC40B9
:1025B000022280F8DD200368D3F8A02322F0020570
:1025C0000A7802F002022A4322F03C050A7902F05E
:1025D0003C022A4322F470758A682A4322F48065FB
:1025E0008A8902F480622A430D69C3F8A4530568FE
:1025F0004B69C5F8A83303688969C3F8AC1301684F
:10260000C1F8A02380F8DD40002180F8DC100846E6
:1026100030BD022030BD10B590F8DD20022A16D062
:1026200090F8DC20012A12D0012200F8DC2F0223CE
:10263000437050F8DC3CD3F8A04324F001040C4371
:10264000C3F8A043427000210170084610BD02206B
:1026500010BD10B590F8DC20012A21D0012280F8AD
:10266000DC20022380F8DD304B1C1BD00368D3F83C
:10267000CC4344F00204C3F8CC430368D3F8CC4302
:1026800024F00C040C43C3F8CC430168D1F8CC33DC
:1026900043F00103C1F8CC3380F8DD20002010BDE9
:1026A000022010BD0168D1F8CC3323F00203C1F839
:1026B000CC33EAE738B5040056D0022084F8DD00B8
:1026C0000025C4F8E050C4F8E450C4F8E850C4F859
:1026D000EC50C4F8F050C4F8F450C4F8F850207A24
:1026E000C0071BD021492068884208D12048016ECC
:1026F00041F080610166006E00F08060009021680A
:10270000086820F44042208A00F44040104320F43E
:102710004052A08A00F4405010430860204600F068
:1027200029F8207A800708D52168086820F44072CB
:10273000A08900F4407010430860012084F8DD0097
:1027400084F8DC505FF00001C1EBC10004EB8000B5
:10275000491C8561C561056245628562C9B2056330
:102760000629F1D9002038BD012038BD006801409C
:102770000010024008B500680649884208D10648A2
:10278000016E41F080610166006E00F08060009093
:1027900008BD0000006801400010024070B50D4601
:1027A0000446FFF7F3FE064607E0681C05D0FFF776
:1027B000EDFE801BA8420DD865B12068D0F88803D3
:1027C000C043C003F1D4012084F8DD00002084F868
:1027D000DC0070BD072084F8DD00032070BD70B5FB
:1027E00090F8DD30022B1DD090F8DC30012B19D091
:1027F000012380F8DC30022480F8DD40EC250468F9
:1028000005EBC1156159CE0605D54FF6C076B1432B
:1028100032400A43625180F8DD30002180F8DC103C
:10282000084670BD022070BD70B590F8DD30022BF7
:1028300023D0022380F8DD30062920D080230468CD
:1028400003EBC115635923F007069368334323F064
:102850001806D368334363519425046805EBC1150A
:10286000136863519824036804EBC11152685A50ED
:10287000012180F8DD10002070BD022070BD0368CA
:10288000196821F007049168214321F01804D168E8
:1028900021431960036811685961516802689161A8
:1028A000E6E72DE9F04F90F8DD40022C25D090F8B6
:1028B000DC40012C21D04FF0010980F8DC9002248B
:1028C00080F8DD4000274FF0070C062918D09C2423
:1028D00004EBC116012A39D08024A8254FF4005AF0
:1028E0004FF4405B05EBC11504EBC114022A2FD055
:1028F000042A45D0082A0BD144E00220BDE8F08F1D
:10290000012A0AD0022A0CD0042A0ED0082A10D09C
:1029100080F8DDC080F8DC700EE002681968D161D3
:102920000AE002681968516206E00268196891625B
:1029300002E002681968D16290F8DD10072948D0DA
:1029400080F8DD9080F8DC700020D7E7196835E06A
:102950004FF0A408D0F800C008EBC1111A684CF879
:1029600001205968002901680A5922F440522ED0EA
:102970000A5101680A59D3F804C042EA0C0218E06F
:10298000196821E04FF0AC08D0F800C008EBC11185
:102990001A684CF801205968002901680A5922F484
:1029A000404214D00A5101680A59D3F804C042EADF
:1029B0008C020A515968514503D1996802689151B6
:1029C000BAE75945B8D1996802685151B4E70A513C
:1029D000B2E7012092E710B590F8DC20012A0ED072
:1029E000012200F8DC2F0223437050F8DC3C1C6805
:1029F0000C431C60427000210170084610BD02208B
:102A000010BD70B5044690F8DD00022811D094F88E
:102A1000DC0001280ED0012584F8DC50022084F867
:102A2000DD00204602F0DDF884F8DD50002084F857
:102A3000DC0070BD022070BD10B590F8DC20012ACA
:102A400010D0012200F8DC2F0223437050F8DC3C48
:102A5000D3F894430C43C3F89443427000210170AF
:102A6000084610BD022010BD2DE9F041044690F843
:102A7000DD0015460E46022826D094F8DC00012819
:102A800021D0012784F8DC70022084F8DD00062EB6
:102A90001CD0204602F014F9C6EBC60004EB8000FF
:102AA0002968016269684162A9688162E968C16256
:102AB000296901633146204602F016F8062E15D02A
:102AC000E86A40B112E00220BDE8F08111462046DC
:102AD00002F03EF8E0E78021206801EBC611425881
:102AE000EB6D22F4007242EA4322425084F8DD701A
:102AF000002084F8DC00E7E72DE9F041044690F877
:102B0000DD00022824D094F8DC0001281FD0012524
:102B100084F8DC50022084F8DD00EC20266800EB0D
:102B2000C113F058176820F0100040EA071020F495
:102B300080175068384320F48037D068384320F439
:102B40000037906838439769012F03D00CE00220CA
:102B5000BDE8F08120F004071069384320F0020737
:102B60005069384340F00100F050204601F0BCFFAE
:102B700084F8DD50002084F8DC00E9E770B504003B
:102B800011D021684CF6CC400860216845F25550C0
:102B90000860D4E9000141602168A0688860FFF7FF
:102BA000F5FC05460DE0012070BD00BFFFF7EEFC0F
:102BB000401B312805D92068C068400701D0032098
:102BC00070BD2068C0684007F0D120680269E168E4
:102BD0008A4201D0016102E04AF6AA210160002088
:102BE00070BD00684AF6AA2101600020704700000D
:102BF00002488168426811448160704738000020B3
:102C000010B50024032000F09BF80F2000F008F816
:102C100008B1012401E000F047F8204610BD000093
:102C200030B505461B4887B0016E41F4006101666E
:102C3000006E06A900F40060009001A800F066FB99
:102C400000F096FB1449154AB0FBF1F11448491EF7
:102C50000260416040F2E7320021C0E90321816057
:102C600000F08BFE040012D10D4800F0FDFE0400C0
:102C70000DD1192000F036F8102D07D20022294678
:102C8000192000F03DF80748056000E0012407B076
:102C9000204630BD0010024040420F00002C014091
:102CA00004060020380000200D4808B5016E41F0F0
:102CB00001010166016E01F001010091816D41F099
:102CC00080518165806D002200F0805000900F21BE
:102CD000901E00F015F8BDE8084000F0A1B8000013
:102CE00000100240002809DB00F01F020121914082
:102CF0004009800000F1E020C0F80011704700009A
:102D0000F0B40E4B1B680C46C3F30223C3F1070556
:102D1000042D00D90425191D072901D2002300E044
:102D2000DB1E012606FA05F1491E214099409E400E
:102D3000761E16403143F0BC04F097BD0CED00E068
:102D4000064900F0070208684FF6FF03184040EA02
:102D50000220034A10430860704700000CED00E0B9
:102D60000000FA052B492C4B0A6832214A432B49B3
:102D700040B1B0F5007F086829D020F4C06040F46D
:102D800080602CE00868C0F34120022804D051F88C
:102D9000800F20F4807022E0D1F8800020F4807051
:102DA000C1F88000086820F4C06040F4007008603A
:102DB000B2FBF3F0401C00E0401E4A69520501D509
:102DC0000028F9D1486940050AD503207047C0F3AF
:102DD0004120022806D051F8800F40F4807008602E
:102DE00000207047D1F8800040F48070C1F8800066
:102DF000086820F4C06040F400700860B2FBF3F093
:102E0000401C00E0401E4A695205DBD50028F9D17C
:102E1000D8E700006400002040420F00007000402E
:102E20000248816841F48041816070470070004031
:102E30002DE9F843044600680026BB4D00035ED52B
:102E4000A86D0027C00008D4A86D40F08050A86588
:102E5000A86D012700F080500090DFF8D092D9F8DB
:102E6000001041F48071C9F80010FFF78FFB804615
:102E700006E000BFFFF78AFBA0EB080002282BD872
:102E8000D9F80000C005F5D5D5F8900010F44070D1
:102E900014D0216D814211D0D5F89000D5F8901052
:102EA00020F4407041F48031C5F89010D5F89010AE
:102EB00021F48031C5F89010C5F89000C00711D0FA
:102EC000FFF764FB804641F2883907E0FFF75EFBBD
:102ED000A0EB0801494501D903260BE0D5F8900085
:102EE0008007F3D5D5F89000216D20F44070084399
:102EF000C5F890001FB1A86D20F08050A86520781B
:102F0000C00707D0D5F88800616820F003000843A7
:102F1000C5F888002078800707D5D5F88800A16813
:102F200020F00C000843C5F888002078400707D53A
:102F3000D5F88800E16820F030000843C5F8880023
:102F40002078000707D5D5F88800216920F0C00057
:102F50000843C5F888002078C00607D5D5F8880052
:102F6000616920F440700843C5F888002078800625
:102F700007D5D5F88800A16920F440600843C5F85A
:102F800088002078400607D5D5F88800E16920F44C
:102F900040500843C5F888002078000607D5D5F8CA
:102FA0008800216A20F440400843C5F88800208842
:102FB000C00507D5D5F88800616A20F44030084381
:102FC000C5F888002068800307D5D5F89C00A16A61
:102FD00020F003000843C5F89C002088800507D531
:102FE000D5F88800E16A20F440200843C5F888003D
:102FF000208840050FD5D5F88800216B20F44010BB
:103000000843C5F88800206BB0F5801F03D1E8683D
:1030100040F48010E860208800050FD5D5F88800BE
:10302000616B20F440000843C5F88800606BB0F580
:10303000800F03D1E86840F48010E8602088C00465
:103040000FD5D5F88800A16B20F040700843C5F873
:103050008800A06BB0F1807F03D1E86840F4801055
:10306000E86020884FF0006180040ED5D5F8880014
:10307000E26B20F040601043C5F88800E06B8842A6
:1030800003D1E86840F48010E860208840040ED541
:10309000D5F88800226C20F040601043C5F8880005
:1030A000206C884203D1E86840F48010E8602088F2
:1030B00000040FD5D5F88800616C20F0405008431B
:1030C000C5F88800606CB0F1805F03D1E86840F417
:1030D0008030E8602068C0030FD5D5F88800A16C67
:1030E00020F040400843C5F88800A06CB0F1804F44
:1030F00003D1E86840F48030E860206840030FD5D1
:10310000D5F89C00E16C20F440100843C5F89C0001
:10311000E06CB0F5001F03D1E86840F48010E8606F
:103120003046BDE8F8830000001002400070004007
:103130002DE9F0470E4605004FF0000725D0DFF8D7
:10314000AC81D8F8000000F00F00B0420CD2D8F8E3
:10315000001021F00F013143C8F80010D8F800002A
:1031600000F00F00B04210D12968614CC80741F24D
:10317000883A5AD06868DFF87C91032808D0022882
:1031800020682DD0400500282CDB0120BDE8F08709
:1031900020688001F9D5E06800F00302E068C0F320
:1031A0000310401C032A19D0534A00BFB2FBF0F0B1
:1031B000E268C2F306225043E268C2F34162521C45
:1031C0005200B0FBF2F0484517D9A06810F0F00F9C
:1031D0000CD0880711D5A86840B10EE0474AE5E752
:1031E0008003D0E700F0D6F8484506D9A06820F063
:1031F000F00040F08000A0608027A068696820F09F
:1032000003000843A060FFF7C1F9814606E000BF54
:10321000FFF7BCF9A0EB090151453AD8A0686968ED
:1032200000F00C00B0EB810FF2D12868810714D5B3
:10323000400703D5A06840F4E060A060287800074C
:1032400005D5A06820F4605040F4E060A060A0685C
:10325000A96820F0F000084304E0802F03D1A068A3
:1032600020F0F000A060D8F80010404601F00F01F7
:10327000B14216D9016821F00F0131430160FFF717
:1032800085F9074607E000BFFFF780F9C11B5145EC
:1032900001D903207AE7D8F8000000F00F00B0420F
:1032A000F2D12878400705D5A068E96820F4E060ED
:1032B0000843A0602878000706D5A068296920F493
:1032C000605040EAC100A06000F064F8A1680C4AB8
:1032D000C1F30311515C01F01F01C84009490860A6
:1032E00009480068BDE8F047FFF79ABC002002409B
:1032F0000010024000B4C4040024F400001BB70016
:103300000C98000864000020380000200F220260A2
:103310000C4A936803F003034360936803F0F003DF
:103320008360936803F4E063C36092684FF4E063E2
:1033300003EAD20202610448006800F00F0008604E
:103340007047000000100240002002400548064976
:1033500000688968054AC1F30221515C01F01F0130
:10336000C840704764000020001002401C9800080C
:103370000548064900688968054AC1F3C221515CC5
:1033800001F01F01C8407047640000200010024097
:103390001C980008184910B58868C0F381021748C6
:1033A000012A0BD08A68164BC2F38102022A06D08A
:1033B0008A68C2F38102032A03D0002010BD184698
:1033C00010BDCA6802F00304CA68C2F30312521C9B
:1033D000032C02D0B0FBF2F001E0B3FBF2F0CA68BC
:1033E000C968C2F306225043C1F34161491C490038
:1033F000B0FBF1F010BD0000001002400024F4000A
:10340000001BB7002DE9F84304007AD02078F84D6E
:10341000C00747D0A868E96800F00C0001F003017C
:103420000C2802D0082817D001E0032914D06068C6
:10343000B0F5803F17D0B0F5A02F286817D020F442
:1034400080302860286820F4802028606068E0B11F
:10345000FFF79CF8064614E02868800322D56068D0
:103460000028D2D01EE0286840F48030EDE740F418
:1034700080202860F7E700BFFFF788F8801B6428EA
:1034800070D828688003F7D50CE0FFF77FF8064670
:1034900005E000BFFFF77AF8801B6428F0D82868A1
:1034A0008003F7D4207880074CD5A868E96800F03D
:1034B0000C0001F003010C2802D004280DD001E01B
:1034C00002290AD0E068002828682BD040F48070D8
:1034D0002860FFF75BF8064619E02868400502D52A
:1034E000E068002891D06868217C20F0FE4040EA26
:1034F00001606860BF480068FFF792FB002800D1B8
:1035000020E072E1FFF742F8801B0228B8D8286853
:103510004005F7D56868217C20F0FE4040EA016054
:1035200068600FE020F480702860FFF72FF80646EF
:1035300005E000BFFFF72AF8801B0228A0D8286802
:103540004005F7D42078000729D560690028D5F810
:10355000940013D040F00100C5F89400FFF716F86E
:10356000064606E090E000BFFFF710F8801B022837
:1035700086D8D5F894008007F6D510E020F0010039
:10358000C5F89400FFF702F8064604E0FEF7FEFFD8
:10359000801B022878D8D5F894008007F6D42078CC
:1035A000400761D5A86D0026C00008D4A86D40F082
:1035B0008050A865A86D012600F0805000908E48CC
:1035C0000168C90511D40168804641F48071016029
:1035D000FEF7DCFF074604E0FEF7D8FFC01B022819
:1035E00052D8D8F80000C005F6D5A068012815D03B
:1035F0000528D5F8900016D020F00100C5F89000FD
:10360000D5F8900020F00400C5F89000A06841F2C1
:103610008838B8B1FEF7BAFF07460EE0D5F890003B
:1036200040F00100F0E740F00400C5F89000F5E735
:10363000FEF7ACFFC11B414526D8D5F890008007A6
:10364000F6D50CE0FEF7A2FF074604E0FEF79EFF6A
:10365000C11B414518D8D5F890008007F6D41EB19B
:10366000A86D20F08050A8652078800629D5A06933
:103670000028D5F8980013D040F00100C5F8980054
:10368000FEF784FF064606E075E000BFFEF77EFF0A
:10369000801B02286FD8D5F898008007F6D510E077
:1036A00020F00100C5F89800FEF770FF064604E020
:1036B000FEF76CFF801B02285DD8D5F898008007C4
:1036C000F6D4E069F0B3A968C1F3810103295DD0A4
:1036D0000228286820F08070286003D0FEF756FF8B
:1036E00004464BE0FEF752FF064604E0FEF74EFFAD
:1036F000801B02283FD828688001F7D4F4E908012C
:103700006FF00F0202EB01110843218A52044908AD
:1037100002EB4151A26841EA02210843217D4FF0AA
:103720007E42490802EB41610843217B40EAC160C7
:10373000E968324A11400843E860286840F0807028
:10374000286000E05EE0E86840F08070E860FEF726
:103750001DFF044605E000BFFEF718FF001B02280E
:1037600009D828688001F7D54CE000BFFEF70EFFAE
:10377000001B022802D90320BDE8F88328688001D5
:10378000F4D4E8681E490840E8603BE00128F3D023
:10379000E868226A00F00301914226D1616A00F0D4
:1037A000F0020901103991421FD1A26A00F4FE41D2
:1037B000B1EB022F19D194F82C2000F07841B1EB35
:1037C000C26F12D1218E00F4C00249084905A1F54B
:1037D0000011914209D194F8341000F0C0604908FA
:1037E0004906A1F1007181420CD00120C4E700001C
:1037F0000010024038000020007000400C809F0143
:10380000FCFFEEFE0020B7E77047704770470000EE
:1038100030B590F83C20012A45D0012280F83C20A8
:10382000CA688B6822F440721A434B6822F48062A3
:103830001A430B6822F400621A430B6922F4805287
:103840001A434B6922F400521A430B6B22F4804254
:103850001A430B8B22F4702242EA0342CB6922F016
:1038600080521A43114D03680024AB4205D0104D1D
:10387000AB4202D00F4DAB4210D10D8D22F470023D
:1038800042EA05520D6A22F080722A434D6A22F004
:1038900000722A43C96A22F000520A435A6480F82F
:1038A0003C40002030BD022030BD0000002C014013
:1038B00000340140005001407047704770470000DD
:1038C000F0B590F83C20012A43D0012580F83C5007
:1038D000022280F83D2003685A689C681E4E1F4FE4
:1038E000DFF87CC0B34203D0BB4201D0634504D1B2
:1038F00022F4700E4A6842EA0E02DFF868E002EA3B
:103900000E02D1F800E04EEA020EC3F804E00268AD
:10391000B24212D0B2F1804F0FD0134B9A420CD06A
:10392000124B9A4209D0124B9A4206D0BA4204D0A6
:10393000104B9A4201D0624504D1896824F080037B
:103940001943916080F83D50002180F83C100846F2
:10395000F0BD0220F0BD0000002C01400034014009
:10396000005001408FFFFFFD0004004000080040B0
:10397000000C004000400140704710B5040003D027
:1039800094F83D0010B107E0012010BD002084F83C
:103990003C00204600F022F8022084F83D00211D62
:1039A000206802F0A5FD012084F8480084F83E005C
:1039B00084F83F0084F8400084F8410084F8420015
:1039C00084F8430084F8440084F8450084F84600F5
:1039D00084F8470084F83D00002010BD10B586B083
:1039E000044614216846FCF7BDFC21681B48B1F170
:1039F000804F0CD01A4A914207D1016E41F4005118
:103A00000166006E00F40050059006B010BD816D97
:103A100041F001018165816D01F001010591C16CE9
:103A200041F00201C164C06C694600F002000590DB
:103A300008200090022001900020029003900120B5
:103A400004900848FEF76CFC002208211C20FFF7B8
:103A500057F91C20FFF746F9D7E700000010024095
:103A6000003401400004004890F83D10012901D0C5
:103A700001207047022180F83D100168CA6842F0B9
:103A80000102CA6000681349884214D0B0F1804F27
:103A900011D0114988420ED0104988420BD01049EC
:103AA000884208D00F49884205D00F49884202D089
:103AB0000E49884207D181680D4A1140062906D077
:103AC000B1F5803F03D0016841F0010101600020A1
:103AD00070470000002C0140000400400008004036
:103AE000000C004000340140004001400050014003
:103AF0000700010070B5044690F83C00002501283D
:103B00001CD0012684F83C60022084F83D00226825
:103B10009068334B184020F47F4090600868B0F5FF
:103B2000005F2ED016DC402849D009DCD0B1102827
:103B300018D0202816D0302849D113E0022070BDBB
:103B400050282AD0602830D070280FD0B0F5805F80
:103B50003DD13DE010F00F0F39D10111A1F58031B9
:103B6000072934D822680146104625E0CB68D1E900
:103B70000121206802F03BFD2068816841F0770157
:103B800009E0CB68D1E90121206802F030FD20680E
:103B9000816841F4804181601AE0CA684968206800
:103BA00002F0FAFE5021206806E0CA6849682068E1
:103BB00002F044FF6021206802F024FD08E0CA689A
:103BC0004968206802F0E8FE40212068F4E70125FA
:103BD00084F83D60002084F83C00284670BD000059
:103BE00088FFCEFF2DE9F0410068B0F1804F53D13E
:103BF0002A4C2068C068C04340074DD4DFF8A0803D
:103C000008214046FEF7B0FC0026264D012708B1EA
:103C1000687928B108214046FEF7A6FC60B10DE0A6
:103C20006F712068016A21F0A00101622068016AB9
:103C300041F02001016229E0A87940B10821404605
:103C4000FEF792FC20B3A87901280FD020E00421D0
:103C5000124800F0E1FBA8612068016A21F0A00190
:103C600001622068016A0162AF7111E004210B4812
:103C700000F0D2FB68612068016A21F0A0010162B6
:103C80002068016A41F020010162AE71206846623D
:103C900021686FF004000861BDE8F0814404002051
:103CA00000040048000100202DE9F041054690F88D
:103CB0003C0000260C46012810D0012085F83C006D
:103CC00072B1042A1CD0082A2CD00C2A50D001260C
:103CD000002085F83C003046BDE8F0810220FBE77B
:103CE000D4E90012E368286802F068FE2868816958
:103CF00021F00C01816128688169A26811430FE0FD
:103D0000D4E90012E368286802F0AAFE28688169F5
:103D100021F44061816128688169A26841EA022139
:103D20008161D5E72868D4E9002C277B036A016A02
:103D300021F480710162C16923F4206321F0030141
:103D400041EA0C0121F0F00C39074FF420674CEAEE
:103D5000116107EA02221A43C16102622868C1693F
:103D600021F00C01C1612868C169A26811432BE0F0
:103D70002868D4E90021E768036AD0F820C02CF451
:103D8000805CC0F820C0D0F81CC023F420432CF481
:103D9000407C4CEA012121F4704C4FF6FF7101EA9E
:103DA00007314FF4204741EA0C0107EA02321A4377
:103DB000C16102622868C16921F44061C16128685B
:103DC000C169A26841EA0221C16181E710B504001E
:103DD00003D094F83D0010B107E0012010BD002091
:103DE00084F83C00204600F022F8022084F83D00D0
:103DF000211D206802F07CFB012084F8480084F833
:103E00003E0084F83F0084F8400084F8410084F8C4
:103E1000420084F8430084F8440084F8450084F8A4
:103E2000460084F8470084F83D00002010BD70472C
:103E300030B50446002571B1042911D0082914D0E9
:103E40000C2917D0102918D094F8430094F8472073
:103E5000012817D114E094F83E0094F84420F7E7C5
:103E600094F83F0094F84520F2E794F8400094F865
:103E70004620EDE794F84100E8E794F84200E5E7D2
:103E8000012A01D0012030BD022079B1042916D0C9
:103E900008291DD00C294FD0102950D084F8430098
:103EA00084F847000C294DD0012543E084F83E00FA
:103EB00084F844002068C26842F0020210E084F8EE
:103EC0003F0084F845002068C26842F0040207E021
:103ED00084F8400084F846002068C26842F0080276
:103EE000C2600122206802F075FB194920688842EF
:103EF00014D0B0F1804F11D0164988420ED0164927
:103F000088420BD01549884208D01549884205D00F
:103F10001449884202D01449884207D18168134A63
:103F20001140062906D0B1F5803F03D0016841F069
:103F300001010160284630BD84F84100B0E784F8F3
:103F40004200ADE72068C26842F01002C8E70000F6
:103F5000002C01400004004000080040000C00401C
:103F600000340140004001400050014007000100C2
:103F70002DE9F04104460068C66805694FF0000766
:103F8000A90713D5B10711D5F91E016101202077CA
:103F9000206880698007204602D0FFF723FE04E0F6
:103FA00000F0E0F8204600F0A2F92777680716D560
:103FB000700714D521686FF0040008610220207793
:103FC0002068806910F4407F204602D0FFF70AFE87
:103FD00004E000F0C7F8204600F089F927772807A9
:103FE00015D5300713D521686FF00800086104204B
:103FF00020772068C0698007204602D0FFF7F2FDD5
:1040000004E000F0AFF8204600F071F92777E806E9
:1040100016D5F00614D521686FF01000086108204D
:1040200020772068C06910F4407F204602D0FFF757
:10403000D9FD04E000F096F8204600F058F9277703
:10404000E80708D0F00706D021686FF0010008618A
:10405000204600F0D7F9280601D4A80408D5300678
:1040600006D521686FF4025008612046FFF7CDFBAA
:10407000E80508D5300606D521686FF48070086120
:104080002046FFF7C1FB680608D5700606D52168F3
:104090006FF040000861204600F0D3F9A80608D56B
:1040A000B00606D521686FF0200008612046FFF7B2
:1040B000ADFBE80208D5F00206D521686FF4801048
:1040C00008612046FFF7F9FBA80208D5B00206D523
:1040D00021686FF4001008612046FFF7EDFB6802CD
:1040E00008D5700206D521686FF48000086120466B
:1040F000FFF7E4FB28020AD5300208D521686FF4E7
:10410000000008612046BDE8F041FFF735BCBDE87E
:10411000F081000010B586B0044614216846FCF713
:1041200021F90E492068884216D10D48C16C41F032
:104130000101C164C06C002100F0010005904FF442
:10414000004000900220CDE90101CDE9031069464D
:104150004FF09040FEF7E4F806B010BD0034014087
:1041600000100240704770B5044690F83C000026ED
:104170000D4601280BD0012084F83C000C2A4AD0BF
:1041800007DC82B1042A20D0082A06D131E00220BF
:1041900070BD102A53D0142A63D00126002084F861
:1041A0003C00304670BD206802F036FA2068816914
:1041B00041F0080181612068816921F00401816179
:1041C000206881692A69114311E0206802F07AFAB7
:1041D0002068816941F4006181612068816921F46E
:1041E00080618161206881692A6941EA02218161D7
:1041F000D4E7206802F0B6FA2068C16941F00801EE
:10420000C1612068C16921F00401C1612068C169F0
:104210002A69114311E0206802F0F4FA2068C169AC
:1042200041F40061C1612068C16921F48061C1610C
:104230002068C1692A6941EA0221C161AEE72068AC
:1042400002F030FB2068016D41F008010165206833
:10425000016D21F0040101652068016D2A69114397
:1042600011E0206802F05AFB2068016D41F4006102
:1042700001652068016D21F4806101652068016D90
:104280002A6941EA0221016588E710B5040003D0DC
:1042900094F83D0010B107E0012010BD002084F823
:1042A0003C00204600F022F8022084F83D00211D49
:1042B000206802F01DF9012084F8480084F83E00CF
:1042C00084F83F0084F8400084F8410084F84200FC
:1042D00084F8430084F8440084F8450084F84600DC
:1042E00084F8470084F83D00002010BD70477047F7
:1042F00070B50446022269B1042912D0082917D0EA
:104300000C291CD0102921D094F84300012824D076
:10431000012070BD94F83E000128F9D184F83E20B8
:104320001DE094F83F000128F2D184F83F2016E008
:1043300094F840000128EBD184F840200FE094F875
:1043400041000128E4D184F8412008E094F84200BB
:104350000128DDD184F8422001E084F843200122C5
:10436000206802F037F91D4920681D4A1D4B1E4D7B
:1043700088420BD0904209D0984207D01B4EB042E1
:1043800004D01B4EB04201D0A84203D1466C46F483
:10439000004646642068884211D0B0F1804F0ED0AC
:1043A000144988420BD01449884208D013498842E6
:1043B00005D0904203D0984201D0A84207D181682D
:1043C0000F4A1140062906D0B1F5803F03D001689D
:1043D00041F001010160002070BD0000002C01408F
:1043E00000340140004001400050014000440140C1
:1043F000004801400004004000080040000C00405C
:104400000700010000680349884201D1FEF7F0BBB4
:1044100070470000002C01400246002041B10429F1
:1044200009D008290AD00C2901D11068006C704706
:104430001068406B70471068806B70471068C06BE5
:104440007047704790F88410012918D0012180F836
:1044500084102421C0F8881001680A680B6823F0D2
:1044600001030B6022F000510022426603681960CC
:104470002021C0F8881080F8842010467047022060
:1044800070477047704770B5044690F88400012863
:104490001DD0012084F884002420C4F888002068FE
:1044A0000568026822F0010202602068826822F03A
:1044B00060620A438260204602F03AFC2068056090
:1044C0002020C4F88800002084F8840070BD0220F9
:1044D00070BD70B5044690F8840001281DD00120FD
:1044E00084F884002420C4F88800206805680268E5
:1044F00022F0010202602068826822F060420A43D2
:104500008260204602F014FC206805602020C4F878
:104510008800002084F8840070BD022070BD7047C0
:10452000704770472DE9F04103680446D86919685F
:104530009A6840F60F0528424FF000054FF002063A
:104540000AD187067ED501F0200702F0805C57EA89
:104550000C0777D0616F42E1B64FDFF8DCC217403D
:1045600001EA0C0C57EA0C0C6CD05FEAC07C0CD052
:104570005FEAC15C09D54FF0010CC3F820C0D4F844
:10458000903043F00103C4F89030830709D5D30776
:1045900007D023681E62D4F8903043F00403C4F8B7
:1045A000903043070AD5D30708D026680423336226
:1045B000D4F8903043F00203C4F8903003070CD5D0
:1045C00001F020033B4308D0266808233362D4F867
:1045D000903043F00803C4F8903003050BD54B012D
:1045E00009D526684FF400633362D4F8903043F065
:1045F0002003C4F89030D4F89030002B3DD08006D2
:1046000009D501F0200002F08051084303D0616F0A
:1046100009B120468847D4F8900021688968490686
:1046200002D410F0280F2AD0204602F065FC206842
:10463000806840061ED52068083050E8001F21F031
:10464000400100E021E040E80012002AF3D1D4F854
:10465000800078B179498163D4F88000FDF72FFD9F
:1046600000280AD0D4F88000816B00E02046BDE825
:10467000F04108472046FFF754FFBDE8F08120468F
:10468000FFF74FFFC4F89050F7E7D4F86CC020272D
:10469000BCF1010F7ED15FEAC06C7BD55FEAC16CD3
:1046A00078D51020186220688068400651D5D4F86B
:1046B00080100A6850680004000C3ED0B4F85C30EA
:1046C00083423AD9A4F85E000868006880062CD4BA
:1046D000216851E8000F20F4807041E80002002AB0
:1046E000F6D12068083050E8001F21F0010140E8B1
:1046F0000012002AF5D12068083050E8001F21F090
:10470000400140E80012002AF5D1C4F88C70E5663B
:10471000216851E8000F20F0100041E80002002A53
:10472000F6D1D4F88000FDF795FC2667B4F85C005C
:10473000B4F85E10401A81B207E0B4F85C10814210
:104740009BD11068800698D526672046FFF799FE12
:1047500093E7B4F85C00B4F85E10401A81B2B4F884
:104760005E00002889D0002987D0226852E8000F17
:1047700020F4907042E80003002BF6D12D4BDB4370
:104780002068083050E8002F1A4040E8002CBCF1A7
:10479000000F00E00EE0F3D1C4F88C70E5666567A9
:1047A000206850E8002F22F0100240E80023002B80
:1047B000F6D1C9E7C60209D5560207D54FF48010D5
:1047C00018622046BDE8F041FFF7AABE03060AD5ED
:1047D00001F0800302F40002134304D0A16F00290A
:1047E0007FF444AF49E7420611D54A060FD520466B
:1047F000016851E8002F22F0400241E80023002B1D
:10480000F6D1C0F88870856700F06DF935E70202CF
:1048100006D54A0004D52046BDE8F041FFF77FBE2B
:10482000C00195D5002993DA2046BDE8F041FFF795
:1048300029BE00000100001020010004E96E0008FC
:1048400010B5040003D0D4F8880010B107E00120AF
:1048500010BD002084F88400204600F027F82420B2
:10486000C4F888002068016821F001010160A06A95
:1048700010B1204602F07EFA204602F0CFFD01285A
:10488000E6D02068416821F4904141602068816849
:1048900021F02A0181602068016841F00101016076
:1048A0002046BDE8104002F0C9BA00002DE9F041F1
:1048B0009CB00446142115A8FBF754FD542168460A
:1048C000FBF750FD37492068374C0226DFF8DC80C3
:1048D0000427002588423CD11020059500906846A9
:1048E000FEF7A6FA08B1FCF7FBFAA06D40F48010C1
:1048F000A065A06D00F480101A90E06C40F00400F8
:10490000E064E06C00F004001A90E06C40F00800F5
:10491000E064E06CCDE9166500F008001A904FF4F1
:10492000805015900520CDE9185015A94046FDF797
:10493000F7FC15A91E481597FDF7F2FC3520FEF788
:10494000D1F9002207213520FEF7DAF91CB0BDE8C5
:10495000F08118498842F9D1684600970395FEF71F
:1049600067FA08B1FCF7BCFAA06D40F48020A0659E
:10497000A06D00F480201A90E06C40F00400E06428
:10498000E06CCDE9166500F004001A904FF4406029
:1049900015900720CDE9185015A94046FDF7C0FC39
:1049A000D4E700000050004000100240000800481A
:1049B000000C00480048004030B4D0F88C30202B68
:1049C00002D0022030BC7047A9B1A2B10023C36657
:1049D0000A4C0368A3420BD05B681B0208D504682D
:1049E00054E8003F43F0806344E80035002DF6D1E1
:1049F00030BC02F05FBE0120E4E700000080004010
:104A00000068094988420ED1084801780848B0F882
:104A10008020815430F8801F491C01800122034905
:104A20000448FFF7C9BF7047005000403400002021
:104A300044330020DC0400202DE9F8430446D0F87C
:104A40008800984616460D46202802D00220BDE870
:104A5000F883A5B19EB10020C4F890002120C4F8CD
:104A600088001834FDF792FDA6878146E68754F842
:104A7000100C2027183CB0F5805F02D003E0012025
:104A8000E5E7206910B12E46002510E000260EE073
:104A90008021204602F096FEC0B9DEB116F8010B67
:104AA00021688862B4F85600401EA4F85600B4F895
:104AB00056004B464FF00002CDF800800028E7D1A9
:104AC0004FF04001204602F07DFE40B1C4F88870EE
:104AD0000320BCE735F8020BC0F30800E0E7C4F898
:104AE00088700020B3E77047072930D2DFE801F073
:104AF0000A10161C222804000068D0F8841341F024
:104B0000010122E00068D0F8841341F002011CE0AA
:104B10000068D0F8841341F0040116E00068D0F872
:104B2000841341F0080110E00068D0F8841341F0CC
:104B300010010AE00068D0F8841341F0200104E07D
:104B40000068D0F8841341F04001C0F88413704726
:104B500070B503681A68D3F8A0534C6922F020029C
:104B60002646144324F0C002202E2BD08C69022C40
:104B700028D0032C2BD0042C2ED022F0E00200BF32
:104B800022F40064CA69224322F480640A6A224340
:104B900022F0C0644A6A224322F000648A6A2243F7
:104BA000CC6A22F0404242EA840222F000544A6B6E
:104BB000096B224325F4803421431A600068C0F851
:104BC000A01370BD22F0C00242F02002D8E722F00C
:104BD000800242F04002D3E722F0400242F080021D
:104BE000CEE7F0B50024E426056806EBC11755F8BA
:104BF00007C0B82606EBC116AE59402A20D00EDCFD
:104C0000082A2CD006DC012A1AD0022A27D0042A2E
:104C100031D115E0102A13D0202A2CD11FE0B2F593
:104C2000007F1CD005DC802A19D0B2F5807F22D10C
:104C300006E0B2F5806F03D0B2F5006F1BD10EE035
:104C40004FF0BC0E0EEBC11E5A6845F80E204FF017
:104C5000C00E05680EEBC1119A686A500BE0C424BF
:104C600004EBC1145A682A51C825046805EBC11128
:104C70009A6862501024FE21A1401A682CEA010CA7
:104C8000A240D96842EA0C02A14011431A69D3F844
:104C900014C01546A2400A430CFA04FC99694CEA78
:104CA000020CA14041EA0C01082D06D1B20504D442
:104CB000B20102D4DA69A24011430068C151F0BDCB
:104CC0002DE9F04F8024036804EBC117DC5924F070
:104CD0007044DC510568EC59E82303EBC1139E4690
:104CE00055F803C0E42303EBC1139B4655F803A01A
:104CF000D5F8A033566924F020043443202E24D064
:104D00009669022E21D0032E24D0042E27D024F41D
:104D1000D07400BF24F40066D469344324F4806660
:104D2000146A344324F0C066546A344324F00066A5
:104D3000946A344324F07046D46A3443566B24F4A6
:104D40000034B6F1005F0FD010E024F4C07444F0DA
:104D50002004DFE724F4807444F08004DAE724F0D0
:104D6000800444F48074D5E744F4003424F040080F
:104D7000946B2CF03F0C264644EA080424F4802867
:104D8000946D44EA0804DFF8D08004EA0804D2F8FD
:104D9000508048EA040992F83C40D2F8408004F080
:104DA0003F0444EA0C0424F0004448EA0408546C2C
:104DB0002AF4807C44EA0C04D2F848C0BCF5606F49
:104DC00002D0BCF5F05F01D1402E03D124F4F054A1
:104DD0004CEA040424F48046D46C3443566D06290E
:104DE00027D2DFE801F003090F151B21126B23F412
:104DF000003343EA42031CE0126B23F4802343EAAE
:104E0000820316E0126B23F4002343EAC20310E08E
:104E1000126B23F4801343EA02130AE0126B23F4AB
:104E2000001343EA421304E0126B23F4800343EAC5
:104E3000821345F80790056845F80E80056845F827
:104E40000B40D424026804EBC11156500068C0F82E
:104E5000A033BDE8F08F0000FFFF06FEFEE7000074
:104E600070B5C91CC1F3870400210A4D0FE000BFD3
:104E700000EBC1035A685B881E0C324330F8316086
:104E800046EA034305EBC106491CC6E90032A142CC
:104E9000EEDB70BD800100200148FDF7A2BE0000DE
:104EA0003404002000EB8100006E00F0F8407047F1
:104EB0008068C0F3C00070478068C0F3800070470E
:104EC0008068C0F380007047C06810F4406F01D064
:104ED0000020704701207047042303EAD15310B526
:104EE00018444369C1F3045107248C40A3438A400A
:104EF0001343436110BD00EB8100016E21F00041BE
:104F0000114301667047000008B5AE480090FF24C9
:104F1000002301226421ACA004F0CEFBDFF8B092A4
:104F20004FF47A764D46C9F80400AA480090002351
:104F300001223146A8A004F0BFFBA860AA48009057
:104F400000230122C821A9A004F0B6FBE860AA480A
:104F50000090002301223146A8A004F0ADFB286197
:104F6000AA480090002301223146A9A004F0A4FB26
:104F7000686104F021FA4FF0000A0246CDF800A063
:104F800053460121686804F0E1FBA548006803F07E
:104F9000EBFA0146A3A0FBF79CFFA9A1ABA0FBF78E
:104FA00098FFAEA1B0A0FBF794FFB34EDFF8CC8220
:104FB0004FF4FA7B03F028FB377898F8105003F091
:104FC00043FBFCF7A9F90146ADA0FBF782FF294698
:104FD000AFA0FBF77EFF2146B4A0FBF77AFF39466E
:104FE000B7A0FBF776FFAC4252D02C46062D4FD22D
:104FF000DFE805F003284F769BBE0023CDF800A024
:1050000055461A4603214F46D9F80C0004F09EFB82
:10501000002300951A460321386904F097FB00230A
:1050200000951A460321786904F090FBFBF7A2FE75
:10503000FBF78FFE04F0C0F9024600230095012122
:10504000B868B9E00023CDF800A055461A46032100
:105050004F46D9F8080004F079FB002300951A4662
:105060000321F86804F072FB002300951A4603211F
:10507000386904F06BFB002300951A460321786918
:1050800004F064FBFBF75AFEFBF763FEFBF778FEC8
:1050900094E00023CDF800A055461A4603214F4660
:1050A000D9F8080004F052FB002300951A460321AA
:1050B000F86804F04BFB002300951A460321386979
:1050C00004F044FB002300951A460321786904F09C
:1050D0003DFBFBF733FEFBF74DFEFBF740FE6DE0BB
:1050E0000023CDF800A055461A4603214F46D9F8B3
:1050F000080004F02BFB002300951A4603213869B1
:1051000004F024FB002300951A460321786904F07B
:105110001DFBFBF713FEFBF71CFE04F04DF90246E6
:10512000002300950121F86846E00023CDF800A097
:1051300055461A4603214F46D9F8080004F006FBED
:10514000002300951A460321F86804F0FFFA0023B3
:1051500000951A460321386904F0F8FAFBF7EEFDD2
:1051600004F02AF90246002300950121786923E022
:105170000023CDF800A055461A4603214F46D9F822
:10518000080004F0E3FA002300951A460321F868AA
:1051900004F0DCFA002300951A460321786904F034
:1051A000D5FAFBF7CBFDFBF7E5FD04F005F9024668
:1051B000009500230121386904F0C8FA584603F02D
:1051C000FBFAF7E6994E0008494F5F4C4544000052
:1051D0002C01002095090008424C455F424C554582
:1051E0005F4C454400000000390D0008424C455F0B
:1051F0005245445F4C454400C5090008424C455F98
:10520000475245454E5F4C4544000000990900084F
:10521000475245454E5F5245445F4C4544000000AF
:105220000C0000204C656450726F635461736B5FB7
:1052300048616E646C65723A256C642E0D0A00003C
:105240004175672032392032303235005F44415495
:10525000455F2069733A25730D0A000031303A30FA
:10526000393A3032000000005F54494D455F2069F3
:10527000733A25730D0A000000000020A0010020F1
:10528000476574457272436E743A25642E0D0A00A8
:105290005458706172616D657465722E6C65645FDF
:1052A000737461743A25642E0D0A0000496E6974A6
:1052B0005F6C65645F737461743A25642E0D0A0037
:1052C000675F74785F73797374656D5F737461740D
:1052D0003A25642E0D0A000030B58BB000240894E6
:1052E0000994202168460A94FBF73CF81D484FF0CA
:1052F000A041042501604FF44031C0E90114C460AD
:105300000461C0E90545047744770121016280F812
:105310002440C462046380F83840C46380F840408D
:10532000FCF7AEFB08B1FBF7DBFD08A90D480894BC
:10533000FCF7BCF808B1FBF7D3FD0B480090062042
:105340000190072002907F200594CDE9030569466E
:105350000448FCF75BF9002801D0FBF7C1FD0BB056
:1053600030BD0000600200200200300430B589B07A
:1053700020216846FAF7F6FF194818490024016011
:105380004FF44031C0E90114C46004250461C0E950
:105390000545047744770121016280F82440C46206
:1053A000046380F83840C46380F84040FCF768FB31
:1053B00008B1FBF795FD0B4800900620CDE90104EC
:1053C0007F200594CDE9030569460548FCF71EF9E1
:1053D000002801D0FBF784FD09B030BD000100506A
:1053E000CC0200200080F03E1CB505490120CDE92B
:1053F00000010023322203A1054803F077FF1CBD02
:105400000800002073746172745F7461736B000034
:10541000E183000870B586B014216846FAF7A2FF50
:105420002D48C16C41F00401C164C16C01F004015C
:105430000591C16C41F02001C164C16C01F02001F3
:105440000591C16C41F00101C164C16C01F0010121
:105450000591C16C41F00201C164C16C01F002010F
:105460000591C16C41F00801C164C06C012200F0DB
:10547000080095024FF09046059029463046FDF70A
:1054800080F80022E0213046FDF77BF800244FF43D
:105490004050CDE90004694610480294FCF740FFF3
:1054A00000950125CDE90254694630460195FCF787
:1054B00037FFE020CDE90005CDE9025469463046CA
:1054C000FCF72EFF1020CDE9000469460448029441
:1054D000FCF726FF06B070BD001002400004004833
:1054E000000800482DE9F043B5B000242E942F9415
:1054F00030941C2127A83194FAF734FF60216846C4
:10550000FAF730FF32943394202118A83494FAF734
:1055100029FF1C2120A8FAF725FF5E485C49C0E955
:1055200000148460FDF7C6F808B1FBF7D9FC0C2124
:105530005848FDF78EF808B1FBF7D2FC0A21554810
:10554000FDF72CF908B1FBF7CBFC02274FF004095B
:105550002097CDE9219401268020CDE924062394CB
:1055600020A94C482696FDF717F808B1FBF7B8FCC0
:10557000DFF8248108252EAAB8F80000CDE92E0412
:1055800000214448CDE93045FDF74EF908B1FBF75D
:10559000A7FC29942A9427AA00213E4827962D94F7
:1055A000FDF7AAFA08B1FBF79BFC4AF6802200211E
:1055B0003848FDF714F908B1FBF792FC0094019408
:1055C0000294CDE903460594069407944FF00060D9
:1055D0000894CDE90940C012CDE90B404003CDE964
:1055E0000D040F941094119412941494159416941D
:1055F0006A46002127481794FDF736FA08B1FBF7F1
:105600006FFCB8F8000032AB503832900122002114
:105610002048FDF746F908B1FBF762FC50203290B4
:1056200032AB042200211B48FDF73BF908B1FBF720
:1056300057FCCDE91875CDE91A541C941D941E949D
:1056400018AB0122002113481F94FDF7DAF908B1C5
:10565000FBF746FC2020CDE91840CDE91A091C953E
:1056600018AB022200210B48FDF7CBF908B1FBF77C
:1056700037FC00F0ADFE03210648FDF7DDF94FF4DD
:1056800000310448FDF7A7F935B0BDE8F08300000C
:105690000068014038030020040000200B4810B5CA
:1056A000094901600421416040F6FF71C1604FF477
:1056B000FA718160FDF762FA002803D0BDE810405E
:1056C000FBF70EBC10BD0000003000403404002089
:1056D00010B58CB0002405942348049406940794D4
:1056E00008940A9409940094019402944FF0804124
:1056F00003940160A921C0E901144FF6FF71C0E9CC
:1057000003148461FEF739F908B1FBF7E9FB4FF4A4
:105710008050049004A91448FEF7ECF908B1FBF797
:10572000DFFB1148FEF752FB08B1FBF7D9FB202045
:10573000089008A90A940C48FEF7C2F808B1FBF7D4
:10574000CFFB0120CDE900400294042269460648BF
:105750000394FEF7A9FA08B1FBF7C2FB0421024843
:10576000FEF766FB0CB010BD4404002070B59CB081
:10577000002419941A9417941894149415941C21C5
:105780000DA81694FAF7EEFD34216846FAF7EAFD03
:105790002F4D2E4841F68F26C5E90004C5E9024683
:1057A00080202C61C5E905402846FEF7E6F808B1DF
:1057B000FBF796FB4FF48050179017A92448FEF78B
:1057C00099F908B1FBF78CFB2148FEF75EFD08B1A3
:1057D000FBF786FB1494159414A91D481694FEF744
:1057E0006FF808B1FBF77CFB6020CDE90E640D90EB
:1057F00010941194129400220DA915481394FEF7E9
:10580000B2FC08B1FBF76CFB00944FF40050CDE9FB
:10581000044003940003CDE90840019402940694E7
:1058200007940A940B94694609480C94FDF7F0FF1D
:1058300008B1FBF755FB0648FEF76CFC0021044855
:10584000FEF756FD286844631CB070BD003401406B
:105850009004002010B50F4C0D49C4E90010002041
:10586000A0600C21E060C4E90401A0612046FEF7BD
:10587000E7FF08B1FBF734FB012207490548FFF7B2
:105880009BF82068016841F01001016010BD000024
:1058900000500040DC04002034000020184810B5FF
:1058A000164901604FF4E1314160002181600C2212
:1058B000C160C0E904128161C1610162416281621B
:1058C000FEF7BEFF08B1FBF70BFB00210C48FEF70B
:1058D00000FE08B1FBF704FB00210948FEF7D3FDE9
:1058E00008B1FBF7FDFA0648FEF7ACFD002803D02F
:1058F000BDE81040FBF7F4BA10BD000000480040BE
:1059000070050020FEE700002DE9F0412248234DFC
:1059100021498088204C40BA2882EA890B78823459
:1059200016184978B6F57A7F23702ED2617041003F
:10593000A170002104F182070CE0531857F823608E
:1059400033884FEA132C04EB4103491C83F803C04E
:1059500036781E7103468142EFDB032101EB4300E1
:1059600081B20D48823002F0D5FD6882298A04EBAD
:105970004102D070000A1071052000EB4101BDE822
:10598000F0410548823001F067BF41F0800060704F
:105990000220A0700321F2E74433002044010020DC
:1059A00070B5174D1548EB8900F58272017952F8F0
:1059B0002330090200F182041980EB8952F8232078
:1059C00043791943118001782170417861708178A1
:1059D000A170C178E170017921714079607106216F
:1059E000204602F097FD6882A071000AE07120460F
:1059F000BDE87040082101F02FBF000044330020B3
:105A0000440100202DE9F04720481F49214E016044
:105A1000091F4160891C8160091DC160891C0161E9
:105A20000E318C1EC0E905140C39C16118490020E3
:105A3000A4F1140508604860174FE8804FF0FF0894
:105A400086F800804FF0060987F80090A88028802B
:105A50006880A4F80080A4F80290032221460F4831
:105A600000F0E4FBA088A881A0F57F41FF3905D0B4
:105A700020783070A0783870BDE8F08786F8008014
:105A800087F80090F8E70000480100204834002023
:105A9000C4010020020000200300002000F80008DC
:105AA000FEE700001FB50FA10522D1E90001CDE9F5
:105AB000020102A9302000F0FDF8052269461020FD
:105AC00000F068F8002069460A5CA52A03D1401C52
:105AD000C0B20528F8D3052802D0012004B010BDBB
:105AE0000020FBE7A5A5A5A5A500000070B51B48F3
:105AF00086B0C16C41F00201C164C06C4FF4005526
:105B000000F00200059001200024CDE90050CDE90D
:105B10000204134E69463046FCF702FC0122294676
:105B20003046FCF72EFD1020CDE9000402940D4C08
:105B300069462046FCF7F4FB012220212046FCF7B1
:105B400020FD002229463046FCF71BFD01225102B0
:105B50002046FCF716FD06B070BD000000100240A4
:105B6000000800480004004810B500224FF400511E
:105B70000648FCF706FD012251020548FCF701FD2D
:105B8000BDE810400A20FCF7D7BA00000008004822
:105B9000000400482DE9F047DFF8409015460F4615
:105BA00004464FF40078002241464846FCF7E9FCE1
:105BB000204601F0B7FE0646002405E0FF2001F074
:105BC000B1FE3855641CE4B2AC42F7D30122414621
:105BD0004846FCF7D6FC3046BDE8F0870004004894
:105BE00070B50B4E04464FF400750022294630462E
:105BF000FCF7C7FC204601F095FEFF2001F092FE65
:105C00000446012229463046FCF7BBFC204670BD05
:105C10000004004870B505460720FFF7E1FF044681
:105C20000146272000F06CF860060AD50A222946B2
:105C30006120FFF7AFFFFF21E22000F061F80020B4
:105C400070BD012070BD000070B5184E04464FF4C1
:105C50000055002229463046FCF793FC0A222146D3
:105C6000A02000F027F8012229463046FCF789FCE5
:105C70000F4C10212046FCF777FC0028F9D10720B3
:105C8000FFF7AEFF04460146272000F039F8E00692
:105C900005D5FF21E12000F033F8102070BDA006EB
:105CA00001D5202070BDFF2070BD00000008004815
:105CB000000400482DE9F047DFF8409015460F46F4
:105CC00004464FF40078002241464846FCF759FC50
:105CD000204601F027FE0646002404E0385D01F06E
:105CE00021FE641CE4B2AC42F8D30122414648468E
:105CF000FCF747FC3046BDE8F08700000004004890
:105D00002DE9F0410C4E0F4604464FF40075002279
:105D100029463046FCF735FC204601F003FE0446D8
:105D2000384601F0FFFD012229463046FCF729FCE8
:105D30002046BDE8F08100000004004810B504468C
:105D4000002002460AE0A35C03EB001010F0704351
:105D500002D080EA13605840521CD2B28A42F2D379
:105D600010BD000008B54A48002300901A4647F2CB
:105D7000305148A003F0A0FC4B4D00231A46286286
:105D80004A48009041F2883149A003F095FC6862CE
:105D90004B48002300901A464FF4FA6149A003F0E3
:105DA0008BFCA862642002F007FD14214848FBF731
:105DB0001FFB40F6E4414843000B00EB4000400865
:105DC000444E4CF24F374FF001084FF0030ADFF812
:105DD0000891424CC5F8100000F096FEFAF788FDD5
:105DE00021688819B84240D8DFF8F4B04FF48051E8
:105DF0005846FCF7B9FB00904FF400515846FCF7A9
:105E0000B3FB02460098012801D1012A0AD085F887
:105E100000800B20E07489F800A032A00099FBF705
:105E200058F82BE0E068A0F54071E73904D0344819
:105E30000078012807D00AE01620E07489F800A055
:105E400085F800801AE000F081F800202870FBF748
:105E500007F8E87930B11120E074042189F80010C6
:105E600085F80080FBF724F908E085F8008089F8C0
:105E700000A00A20E07423A0FBF72BF8D4E900125D
:105E800027A0E368FBF725F8642002F095FCA3E760
:105E9000C56B000854656D7065726174757265201C
:105EA00054696D654F75740000010020D50E00081F
:105EB0004572726F72205374617475730000000034
:105EC0006110000846616E20436F6E74726F6C0043
:105ED00004006008BF81FAFF00000020A00100203C
:105EE000000400485F7265616479312025642C5F8D
:105EF0006661756C7431202025640D0A0000000075
:105F0000EB0000205458706172616D657465722EEB
:105F100054785F555F504643A3BA2564200D0A00AC
:105F20005458706172616D657465722E54785F5556
:105F30005F504643A3BA256420693A202564205463
:105F4000656D703A2025640D0A000000F8B5102137
:105F50002448FCF709FB244F244E254C012170B145
:105F600000252448A570E1700078C0B10A20E072D5
:105F70002079E17A884214D2401C2071F8BDA170CA
:105F80002171E078052802D2401CE070F8BD387815
:105F90000028FBD1307D0028F8D13175F8BD0320F1
:105FA000E5E7FAF7F9FE144805707574FAF784FF0F
:105FB0003D70206A03F0FEFB30B1002300951A46C5
:105FC0000321206A03F0C2FB606A03F0F3FB0028A0
:105FD000E4D0002300951A460321606A03F0B6FB63
:105FE000F8BD00000008004800000020A0010020CB
:105FF00000010020EC00002001000020FFF702FD5E
:106000002248007800F086F9FFF724FCDFF8808052
:10601000204DDFF884A0DFF884B0214C214E4FF6EC
:10602000FF774FF00A0900BF4FF0FF31D8F80000AA
:1060300003F066F802F0E8FA6868010C21806080DD
:106040002968A180D5F80CC048439CFBF9F3B0FB4C
:10605000FAF0327BDBB207EA022213436381E0806D
:106060009BF8000002280ED0F07C208102F0ECFAB0
:1060700000F01CF880210C48FAF774F90A49002056
:10608000A1F88000D0E70520EFE700000300002022
:1060900028000020C401002040420F000000002022
:1060A00044010020A0010020443300202DE9F041EC
:1060B000384C394F21783878814268D1627804F1C0
:1060C000820542F08000032A05D0062A03D02970F9
:1060D0006870012043E06288304E52BAB2F57A7F90
:1060E000F28139D2B4F88000801E81B2294802F0D2
:1060F00011FA70822749B4F88020891E114409885A
:10610000884221D16078032802D0062805D102E018
:10611000FFF7FAFB01E0FFF743FC2049F289143155
:106120001F48052A23D0062A31D16278062A2ED1AB
:106130004AF6AA228A8009783970BDE8F0411749E9
:106140000322143100F092B820782870607840F073
:1061500080006870042002E0297068700220A87036
:10616000BDE8F0410B480321823001F075BB627835
:10617000062A0CD14AF6BB228A800A4A8978117015
:1061800006490322143100F071F800F0E1F8BDE88F
:10619000F081000044330020020000204401002070
:1061A00000F800080300002070B51749174D4FF4A0
:1061B00000540870002221462846FCF7E2F9052227
:1061C00011492A20FFF776FD01212120FFF798FDD4
:1061D00001212220FFF794FD28212520FFF790FDC3
:1061E0000A213120FFF78CFD0F212620FFF788FDC3
:1061F0000F212020FFF784FD21462846BDE870408E
:106200000122FCF7BEB90000600100200008004830
:1062100004490020086048608860C86002494874EA
:1062200088747047C4010020A001002070B58AB0B6
:106230000D460446521CC2F3470628216846FAF769
:1062400091F8002269460CE001CC41F8220025F8C3
:10625000220051F8220005EB8203000C521C5880EA
:1062600092B2B242F0D30AB070BD00002DE9F04105
:106270000B46064611461846FEF7F2FDFCF73CF8C1
:1062800020494FF4004008611F48FBF751F81F4CAC
:106290001D4F203720603846FBF74AF8226801235B
:1062A000811A491C1A48C4E90113C0E902210025DA
:1062B000C0E900530A2505E0144915481031FBF7E1
:1062C0004DFF10B16D1EEDB2F6D2DFF84080002513
:1062D00008F11808E6600CE008EBC500D0E90023DF
:1062E0000020FBF7B7FF20B9E06808306D1CEDB265
:1062F000E060E168B942EFD3FBF79EFFE660BDE8DE
:10630000F08100000020024000F800086801002031
:10631000703400204FF4E131062816D2DFE800F097
:106320000306090C0F124FF4166070474FF4965095
:1063300070474FF4165070474FF4964070474FF433
:10634000164070474FF461407047084670470000A0
:1063500072B6BFF34F8F05480168054A01F4E0614A
:1063600011430160BFF34F8F00BFFDE70CED00E06C
:106370000400FA0500B587B0FFF7B4F81248C16C05
:1063800041F00101C164C06C142100F001000590CE
:106390006846F9F7E7FF00210C48FCF73CF94FF499
:1063A000FA70FBF7C9FE4FF4407000900220019094
:1063B0000290002003900D20049069464FF0904019
:1063C000FBF7AEFF07B000BD00100240380300200D
:1063D00030B587B014216846F9F7C4FF1748C16C7F
:1063E00041F00101C164C06C4FF4407400F0010041
:1063F00005900120CDE900400020029003204FF0DD
:106400009045039069462846FBF78AFF0022214603
:106410002846FCF7B6F80A4844F694310268C2F8F8
:106420009C1000685021C0F8A81001210448FCF716
:10643000F2F86420FBF780FE07B030BD0010024088
:106440003803002010B54FF0E020006902F0A6FFED
:10645000012803D0BDE8104002F09EBB10BD10B56E
:1064600094B038216846F9F77DFF14210EA8F9F79A
:1064700079FF0020FCF776FC092000904FF4803073
:1064800001900120059002200324CDE90704552145
:10649000CDE90A100C900D9009946846FCF7B2FF04
:1064A00008B172B6FEE70F20CDE90E04002010906F
:1064B0001190129004210EA8FCF73AFE002801D09A
:1064C00072B6FEE714B010BD0248016841F47001D5
:1064D0000160704788ED00E00148FDF749BD00000C
:1064E000040600200148FDF743BD000044040020DD
:1064F0002DE9F04F02682E4B2E4E2F4FDFF8BCC017
:106500002F4C304D4FF0804B98420BD0584509D05E
:10651000B04207D0B84205D0604503D0A04201D0B8
:10652000A84204D122F070084A6842EA0802DFF863
:106530009880DFF89890DFF898A0984211D05845DD
:106540000FD0B0420DD0B8420BD0604509D0A04268
:1065500007D0404505D0484503D0504501D0A8425A
:1065600003D122F44076CA6832434E6922F0800299
:10657000324302608A68C2620A688262984209D025
:10658000A04207D0404505D0484503D0504501D032
:10659000A84201D109690163012141610169C9076B
:1065A00003D0016921F001010161BDE8F08F000015
:1065B000002C01400004004000080040000C004096
:1065C00000340140005001400040014000440140BF
:1065D0000048014010B501F01F030121046A9940F1
:1065E0008C430462016A9A401143016210BD10B5E8
:1065F000846842EA032224F47F440A4322438260EF
:1066000010BD00008268034B1A400A4342F00701A4
:10661000816070478FFFCFFF2DE9F047056A026A5E
:1066200022F001020262436882691F4C25F00205D4
:1066300022400C6822F0030214438A681C4E2A434D
:106640001A4D1C4FDFF870C0DFF87090DFF870A0B3
:10665000A84209D0B04207D0B84205D0604503D067
:10666000484501D0504506D122F00808CA6842EAE0
:10667000080222F00402A84209D0B04207D0B84272
:1066800005D0604503D0484501D0504505D14D693E
:1066900023F440731D438B692B4343608461496835
:1066A00041630262BDE8F0878FFFFEFF002C0140CE
:1066B00000340140004001400044014000480140D6
:1066C00000500140F0B5056A026A22F01002026231
:1066D000426883691C4C1E4E23400C6823F44073AF
:1066E00043EA042425F020038D681A4F43EA05137A
:1066F000164DA84203D0B04201D0B84207D1D1F81C
:106700000CC023F0800343EA0C1323F04003A8429B
:106710000CD0B0420AD0104DA84207D00F4DA8426D
:1067200004D00F4DA84201D0B84207D14D6922F4E0
:10673000406242EA85028D6942EA850242608461D4
:10674000496881630362F0BDFF8FFFFE002C0140AA
:10675000003401400050014000400140004401402D
:1067600000480140F0B5056A026A22F480720262B4
:106770004368C2691C4C1E4E22400C6822F0030282
:10678000144325F400728D681A4F42EA0522174D12
:10679000A84203D0B04201D0B84207D1D1F80CC012
:1067A00022F4006242EA0C2222F48062A8420CD059
:1067B000B0420AD0104DA84207D0104DA84204D0D4
:1067C0000F4DA84201D0B84207D14D6923F4405380
:1067D00043EA05138D6943EA05134360C4614968C0
:1067E000C1630262F0BD00008FFFFEFF002C01407C
:1067F000003401400050014000400140004401408D
:1068000000480140F0B5056A026A22F48052026233
:106810004268C3691C4C1E4E23400C6823F440732D
:1068200043EA042425F400538D681A4F43EA0533E4
:10683000164DA84203D0B04201D0B84207D1D1F8DA
:106840000CC023F4004343EA0C3323F48043A842F2
:106850000CD0B0420AD0104DA84207D00F4DA8422C
:1068600004D00F4DA84201D0B84207D14D6922F49F
:10687000404242EA85128D6942EA85124260C46153
:10688000496801640362F0BDFF8FFFFE002C0140E8
:1068900000340140005001400040014000440140EC
:1068A0000048014030B5056A026A22F48032026273
:1068B0004268036D124C23400C681C4325F40033DE
:1068C0000D8943EA05430F4DA8420ED00E4DA84254
:1068D0000BD00E4DA84208D00D4DA84205D00D4D4D
:1068E000A84202D00C4DA84204D14D6922F4803256
:1068F00042EA05224260046549688164036230BD52
:106900008FFFFEFF002C0140003401400040014099
:1069100000440140004801400050014030B5046A85
:10692000026A22F4801202624268036D134D24F45D
:1069300000142B400D6843EA05230D8944EA0554F1
:106940000F4DA8420ED00F4DA8420BD00E4DA842BD
:1069500008D00E4DA84205D00D4DA84202D00D4DD5
:10696000A84204D14D6922F4802242EA8522426085
:1069700003654968C164046230BD0000FF8FFFFEFB
:10698000002C01400034014000400140004401401F
:10699000004801400050014010B5036A046A24F029
:1069A00001040462846924F0F00444EA021423F030
:1069B0000A020A438461026210BD000070B5056AD4
:1069C000046A24F0010404628469154EB04214D0B4
:1069D000B0F1804F11D0134EB0420ED0124EB042E3
:1069E0000BD0124EB04208D0114EB04205D0114E1D
:1069F000B04202D0104EB04203D124F0030414433D
:106A000001E044F001041A0724F0F00444EA1262A1
:106A100025F00A0301F00A0119438261016270BD89
:106A2000002C01400004004000080040000C004021
:106A300000340140004001400050014010B5036A9D
:106A4000046A24F010040462846923F0A00324F48F
:106A5000704444EA023243EA01118261016210BDCE
:106A600030B5046A056A25F010050562856925F4CC
:106A7000407545EA022222F470454FF6FF7202EAA1
:106A8000033224F0A0032A43A02404EA011119438D
:106A90008261016230BD000070B51949194D4FF493
:106AA00000540870002221462846FBF76AFD0522A3
:106AB00013493020FFF7FEF8052211492A20FFF77D
:106AC000F9F801212120FFF71BF901212220FFF70E
:106AD00017F91A212420FFF713F928212520FFF7A1
:106AE0000FF90F212620FFF70BF90E212020FFF7C9
:106AF00007F921462846BDE870400122FBF741BD59
:106B0000600100200008004810B514212DED028B13
:106B10001E48FAF76DFCF9F749FD9FED1D1B53EC7C
:106B2000112BF9F7D1FC9FED1C1B53EC112BF9F73E
:106B3000CBFCF9F75BFDF9F746FD9FED191B53EC14
:106B4000112BF9F71AFCF9F751FD08EE100A18EEAF
:106B5000100AF9F738FD41EC100B13A053EC102B81
:106B6000FAF7B7F9B1EE040ADFED140A30EE480A7D
:106B700060EE200A80EE880AFAF720F9BDEEC00A1E
:106B80000F4880ED030ABDEC028B10BD8000501D44
:106B90006666666666660A40000000000000303FD8
:106BA0009A9999999999A93F746F74616C5F76610C
:106BB0006C3A25302E33662E0D0A000000007A4410
:106BC000A00100200149002008707047000000204B
:106BD000F8B53E4C3E4E02460327E17C0025306866
:106BE000062A1DD2DFE802F0034A1D2152650B2957
:106BF00013D10A2001F0E0FD4FF480664FF090477A
:106C0000002231463846FBF7BCFC642001F0D4FD7D
:106C1000012231463846FBF7B4FC2574FF20E074AE
:106C2000F8BD2C48057002202CE002F0C3FD30B105
:106C3000002300951A460321306802F087FDFAF719
:106C4000ABF8FAF769FB032801D32774F8BD224E8D
:106C5000306802F0AFFD0028F8D1F9F78DFEFAF7A1
:106C60005BFB0328F2D202F0A7FB0246009500234B
:106C70000121306802F06AFD2574F8BD012009B1D8
:106C8000012901D02074F8BD0520FBE7FAF784F84C
:106C900004202074306802F08DFD0028F3D102F04A
:106CA0008BFB0246009500230121306802F04EFD67
:106CB000F8BD02F07FFD30B1002300951A46032194
:106CC000306802F043FDFAF767F8BEE7A001002044
:106CD00020010020FC0000202401002008B51048FD
:106CE000FDF720FC0E480068C169C90616D51021C1
:106CF00001620C48B0F8800002280FD90A486946A2
:106D0000006802F012F90098002807D007494FF0F8
:106D100080500860BFF34F8FBFF36F8F08BD000036
:106D2000DC040020443300202800002004ED00E0B3
:106D300030B5416EB9B1026891689268C1F34261A1
:106D40000B4B520F9C5CE50003F10804A25CB5FB01
:106D5000F2F2A0F86A205A5C615CD200B2FBF1F159
:106D6000A0F8681030BD0121A0F86A10F8E7000013
:106D7000FC97000890F82810090706D501684A68B2
:106D8000836B22F400421A434A6090F82810C90726
:106D900006D001684A68C36A22F400321A434A6086
:106DA00090F82810890706D501684A68036B22F419
:106DB00080321A434A6090F82810490706D50168C6
:106DC0004A68436B22F480221A434A6090F82810E4
:106DD000C90606D501688A68C36B22F480521A433B
:106DE0008A6090F82810890606D501688A68036CC5
:106DF00022F400521A438A6090F82810490611D5EF
:106E000001684A68436C22F480121A434A60416C5C
:106E1000B1F5801F06D101684A68836C22F4C00274
:106E20001A434A6090F82810090606D501684A6896
:106E3000C06C22F4002202434A6070472DE9F843F7
:106E400000260446C0F89060FBF7A0FB804620684F
:106E500000684FF0200500076FF07E4713D54346CA
:106E6000002229042046009700F0ACFC58B12168AC
:106E700051E8000F20F0800041E80002002AF6D11E
:106E8000C4F8885021E020680068400722D54346B6
:106E900000224FF480012046009700F093FCC8B117
:106EA000216851E8000F20F4907041E80002002AA8
:106EB000F6D12068083050E8001F21F0010140E8B9
:106EC0000012002AF5D1C4F88C5084F884600320A5
:106ED000BDE8F883C4F88850C4F88C5044F86C6F4F
:106EE000666026760020F3E710B5806A0021A0F8DE
:106EF0005E10FDF716FB10BD10B5026852E8001FCA
:106F000021F4907142E80013002BF6D10E4B026879
:106F1000083252E8001F194042E80014002CF6D154
:106F2000C16E012908D1016851E8002F22F010023A
:106F300041E80023002BF6D12021C0F88C1000215D
:106F4000C166416710BD0000FEFFFFEF10B5B0F84D
:106F50006020D0F88C300168222B04D0886940F082
:106F60000800886110BD496A836D11401980816DE8
:106F7000891C8165B0F85E10491EA0F85E10B0F85B
:106F80005E100029EED1026852E8001F21F49071D2
:106F900042E80013002BF6D10168083151E8002FB8
:106FA00022F0010241E80023002BF5D12021C0F896
:106FB0008C10002141670167154B02689A420BD083
:106FC0005268120208D5036853E8002F22F080624D
:106FD00043E80024002CF6D1C26E012A02D0FDF74E
:106FE0000FFD10BDC166026852E8001F21F01001BC
:106FF00042E80013002BF6D10168CA69D243D206D9
:1070000001D410220A62B0F85C10FDF73AFA10BD04
:10701000008000402DE9F0470446B0F86060006849
:10702000C569D0F800A0D0F80890D4F88C102229B7
:1070300005D0816941F008018161BDE8F087B4F8AD
:1070400068704FF0000844E02068406AA16D30404D
:107050000880A06D801CA065B4F85E00401EA4F8F6
:107060005E002068C569690730D0E9070AD05FEA89
:10707000CA5107D501210162D4F8900040F0010007
:10708000C4F89000A8070BD55FEAC97008D0216842
:1070900002200862D4F8900040F00400C4F8900088
:1070A00068070BD55FEAC97008D021680420086220
:1070B000D4F8900040F00200C4F89000D4F890009A
:1070C00020B12046FDF72DFAC4F89080B4F85E0098
:1070D00000B30FB1A806B7D4B4F85E000028ACD056
:1070E000B4F868108142A8D92068083050E8001F21
:1070F00021F0805140E80012002AF5D12A4860674B
:10710000206850E8001F41F0200140E80012002AEA
:10711000F6D192E7216851E8000F20F4807041E831
:107120000002002AF6D1214A2068083050E8001FEA
:10713000114040E80013002BF6D12020C4F88C0049
:10714000C4F874804046C4F87080194A216891429E
:107150000BD04968090208D5226852E8001F21F0C7
:10716000806142E80013002BF6D1E16E012903D0C3
:107170002046FDF745FCAFE7E066216851E8000FC7
:1071800020F0100041E80002002AF6D12068C16911
:10719000C943C90601D410210162B4F85C1020462D
:1071A000FDF76FF998E700004D6F0008FEFFFFEF55
:1071B0000080004010B5B0F86020D0F88C30016835
:1071C000222B04D0886940F00800886110BD496A0C
:1071D0001140826D1170816D491C8165B0F85E109F
:1071E000491EA0F85E10B0F85E100029EED10168CB
:1071F00051E8002F22F4907241E80023002BF6D1D1
:107200000168083151E8002F22F0010241E8002313
:10721000002BF5D12021C0F88C10002141670167B7
:10722000154B02689A420BD05268120208D50368C7
:1072300053E8002F22F0806243E80024002CF6D1AE
:10724000C26E012A02D0FDF7DBFB10BDC1660268E9
:1072500052E8001F21F0100142E80013002BF6D184
:107260000168CA69D243D20601D410220A62B0F87A
:107270005C10FDF706F910BD008000402DE9F047D5
:107280000446B0F860600068C569D0F800A0D0F886
:107290000890D4F88C10222905D0816941F00801AA
:1072A0008161BDE8F087B4F868704FF0000844E0F1
:1072B0002068406AA16D30400870A06D401CA06538
:1072C000B4F85E00401EA4F85E002068C569690736
:1072D00030D0E9070AD05FEACA5107D5012101621F
:1072E000D4F8900040F00100C4F89000A8070BD536
:1072F0005FEAC97008D0216802200862D4F89000C3
:1073000040F00400C4F8900068070BD55FEAC9702C
:1073100008D0216804200862D4F8900040F00200F0
:10732000C4F89000D4F8900020B12046FDF7F9F899
:10733000C4F89080B4F85E0000B30FB1A806B7D4CB
:10734000B4F85E000028ACD0B4F868108142A8D927
:107350002068083050E8001F21F0805140E80012FA
:10736000002AF5D12A486067216851E8000F40F0F3
:10737000200041E80002002AF6D192E7216851E896
:10738000000F20F4807041E80002002AF6D1214A63
:107390002068083050E8001F114040E80013002B1F
:1073A000F6D12020C4F88C00C4F874804046C4F89C
:1073B0007080194A216891420BD04968090208D5AA
:1073C000226852E8001F21F0806142E80013002B80
:1073D000F6D1E16E012903D02046FDF711FBAFE79E
:1073E000E066206850E8001F21F0100140E800121C
:1073F000002AF6D12068C169C943C90601D4102109
:107400000162B4F85C102046FDF73BF898E70000F5
:10741000B5710008FEFFFFEF008000402DE9F0414C
:107420000446016880682269E369104362690025A7
:107430001A431043DFF84CC20A68934B1A400243C8
:107440000A6020684168E26821F4405111434160BC
:107450002168A069614501D0226A10438A688B4B7C
:107460001A4002438A602068C16A626A21F00F01F3
:107470001143C1628649236886488B420DD1D0F8FA
:10748000880010F0030006D0012867D0022854D0ED
:10749000032851D164E001204FE07F498B420BD19A
:1074A000D0F8880010F00C0047D0042845D00828F8
:1074B00052D00C2840D153E078498B420BD1D0F800
:1074C000880010F0300038D0102847D0202843D052
:1074D000302831D144E072498B420BD1D0F888007A
:1074E00010F0C00029D0402838D0802834D0C028DF
:1074F00022D135E06B498B420ED1D0F8880010F4D0
:1075000040701AD0B0F5807F28D0B0F5007F23D02E
:10751000B0F5407F10D123E063450DD1D0F888004D
:1075200010F4406009D0B0F5806F17D0B0F5006F4F
:1075300012D0B0F5406F13D010205B4A5B4F00268D
:107540004FF40041634539D160B102280DD00428C1
:107550000DD0082831D10EE00220EEE70420ECE740
:107560000820EAE7FBF7F2FE03E0114603E0FBF731
:1075700011FF01007BD0606A37F810206768B1FB0B
:10758000F2F007EB4703834269D8B0EB073F66D8B8
:10759000002308461946F8F79BFE090241EA1061EC
:1075A00002027808101871413A460023F8F790FE5D
:1075B0003F4AA0F54071914257D950E0E3694FF638
:1075C000EF788B422BD1092849D2DFE800F005087B
:1075D0000D48254848480E00FBF7B8FE01E0FBF7D0
:1075E000C7FE010001D142E01146606A37F8100081
:1075F000B1FBF0F04100606801EB5001B1FBF0F12C
:10760000A1F1100040452AD84FF6F07201EA0200BD
:10761000C1F34201084328E0FBF7BCFEE1E709287B
:107620001DD2DFE800F005080D1C1E1C1C1C0E00FE
:10763000FBF78CFE01E0FBF79BFE010001D116E099
:107640001146606A37F81000B1FBF0F1606801EB99
:107650005001B1FBF0F0A0F11001414504D9012522
:1076600005E0FBF797FEE8E780B22168C8600120DB
:10767000A4F86A0024F8680F2846E6602661BDE891
:10768000F081000000800040F369FFCFFFF4FF119C
:107690000038014000100240004400400048004013
:1076A000004C0040005000400024F400E497000823
:1076B000FFFC0F0070B58165A0F85C20A0F85E208B
:1076C0000023436781684FF48056FF24B14204D100
:1076D0000169F9B940F2FF1122E07F25C1B1B1F192
:1076E000805F1AD0A0F86030C0F890302221C0F836
:1076F0008C100168083151E8003F43F0010341E874
:107700000034002CF5D1416EB1F1005F0ED031E0B4
:10771000016941B9A0F86040E6E7016919B13F216C
:10772000A0F86010E0E7A0F86050DDE7B0F868105E
:1077300091421FD88168B14201D10169B9B11D4997
:107740004167016941B1026852E8001F41F480714C
:1077500042E80013002BF6D10168083151E8002FF0
:1077600042F0805241E80023002BF5D120E012497D
:107770004167F1E78168B14201D1016969B10F49FF
:107780004167016959B1026852E8001F41F49071E4
:1077900042E80013002BF6D10AE00949416702686C
:1077A00052E8001F41F0200142E80013002BF6D1FF
:1077B000002070BD7D72000815700008B5710008CA
:1077C0004D6F00082DE9F047994617460D460446CF
:1077D0004FF00008089E33E0701C31D0FAF7D6FE57
:1077E000A0EB0900B04218D8BEB120680168490773
:1077F00026D5802D24D0402D22D0C169C943090748
:107800000DD4082505622046FFF776FBC4F890509A
:1078100084F884800120BDE8F0870320FBE7C0697D
:10782000C04300050CD421684FF400600862204674
:10783000FFF762FB2020C4F8900084F88480ECE716
:107840002068C06935EA000004D00020B842C3D0E7
:107850000020E0E70120F9E78AB2014664230148ED
:10786000FDF7EAB8DC040020FEE70907090E00284E
:1078700004DB00F1E02080F80014704700F00F00F6
:1078800000F1E02080F8141D704702E008C8121FC4
:1078900008C1002AFAD170477047002001E001C1F9
:1078A000121F002AFBD1704730B587B014216846FB
:1078B000F8F758FD1948C16C41F00201C164C06C71
:1078C000174D00F002000590002280212846FAF7AB
:1078D00058FE012240212846FAF753FE01225102A8
:1078E0002846FAF74EFE012100244FF43070CDE90E
:1078F0000214CDE9000169462846FAF711FD20205F
:10790000CDE90004694628460294FAF709FD0122F0
:1079100020212846FAF735FE07B030BD001002409E
:10792000000400482DE9F04100251F4F06462C4673
:107930002A4680213846FAF724FE300601D5012276
:1079400000E0002240213846FAF71BFE7006060EC2
:10795000012280213846FAF714FE00BF00BF00BFA5
:1079600000BF00BF00BF00BF00BF6006040E2021A3
:107970003846FAF7F9FD012801D144F0010400224C
:1079800080213846FAF7FDFD00BF00BF00BF00BFF1
:1079900000BF00BF00BF00BF6D1CEDB2082DCCD3EF
:1079A0002046BDE8F08100000004004810B5FBF758
:1079B00027F9FEF754FDFDF72DFDFDF78DFCFDF7D2
:1079C000D5FCFDF7D3FEFDF783FEFDF767FFFDF75E
:1079D00065FEFFF769FFFEF789F800F007F8FDF78D
:1079E00003FD00F015F8002010BD0000EFF3058046
:1079F00010B16FF0050070470448016811B14FF0F5
:107A0000FF3070470121016000207047B80000205E
:107A100010B5EFF3058010B16FF0050010BD0848F8
:107A20000168012902D04FF0FF3010BD054A002146
:107A300082F8141D0221016000F0B6FF002010BD85
:107A4000B80000200BE000E03EB5134C207901287F
:107A500020D10821114800F05DFD104960810A899C
:107A600053BA0F4A834208D1888840BA5060C88808
:107A700040BA1060488840BAD0600A4BD2E9001082
:107A8000DB7C8DE80B000848D36821790288074821
:107A9000F9F71FFA3EBD0000E80000203033002057
:107AA000C4010020A001002004000020C09A0008AA
:107AB0002DE9F041134C0F460546E6682068001D8D
:107AC00000F03EFD681C07D137B12168BDE8F041E8
:107AD0000D48091D00F08CBD20683544B542456055
:107AE000216805D2A06BBDE8F041091D00F068BD1A
:107AF000606B091D00F064FDA06A854200D2A5629A
:107B0000BDE8F08168000020400B00202DE9F04125
:107B1000054600F079FD2D4CA068401CA06020684F
:107B20002B4F10B1606930B32BE02560A0680128AD
:107B300027D1002606EB860007EB800000F032FD1F
:107B4000761C382EF6D3234800F02CFD2148143043
:107B500000F028FD1F48283000F024FD1D483C306F
:107B600000F020FD1B48503000F01CFD19486063F8
:107B70001430A06305E02068E96AC06A884200D832
:107B80002560606A401C60626864E86A2169884216
:107B900000D9206100EB800007EB8000291D00F078
:107BA00027FD00F051FD606900280CD02068E96ACB
:107BB000C06A884207D208494FF080500860BFF37E
:107BC0004F8FBFF36F8FBDE8F08100006800002089
:107BD00090060020F00A002004ED00E038B500F027
:107BE00013FD104C2068C8B90F4800F0DBFC0E48AC
:107BF000143000F0D7FC0C48E060143020610A4BD0
:107C00000020F03B009003F1500210210A2001F007
:107C100005F8206010B105A100F098FDBDE83840DE
:107C200000F012BDA4000020440C0020546D7251DD
:107C30000000000030B4026C0B46002A0BD0C16873
:107C40001144C1608468A14201D30168C16030BCA5
:107C50001846F8F76EBB30BC70472DE9F041856BD4
:107C6000174604460026026C82B1C7B1E068F8F7F7
:107C700060FBE168206C091AE1602268914202D23F
:107C8000A168081AE060022F16D017E02068A8B992
:107C9000A06801F0FBFB06460020A0600EE06068D3
:107CA000F8F747FB216C606808446060A16888426F
:107CB00004D32068606001E005B16D1E6D1CA563F2
:107CC0003046BDE8F08110B5044690F8590058B12F
:107CD00001280CD002280FD0502080F31188BFF368
:107CE0004F8FBFF36F8FFEE7206B00F0C1FC204683
:107CF000BDE8104000F0BCBC10BD000010484FF4BF
:107D00000051420706D0C01D0D4920F00700411A5E
:107D1000C1F500510B4A00230144C2E900030839B0
:107D2000183A21F0070111604B600B600B1AC0E993
:107D3000001393604FF000405360506170470000A3
:107D400024130020D4000020144E154CA6F29C47AA
:107D50004FF08058DFF84C9012E000BF00F054FC68
:107D6000F068C568281D00F0EBFBA068401EA0600D
:107D70006068401E606000F067FC2846FFF7A3FFC4
:107D800060680028EAD138680128F9D9C9F800806C
:107D9000BFF34F8FBFF36F8FF2E700002C0B002073
:107DA0006800002004ED00E0002807D00021816079
:107DB00001600B460A46C16000F0A8BF7047000092
:107DC00070B51D46049C51B1C4F80020C4E90F01F0
:107DD0000121204600F056FF84F84C5070BD24600D
:107DE000F4E700002DE9F05F8846DDE90B941546C5
:107DF000834691009A460A9EA522206BF8F7ABFABB
:107E00006FF00301206B01EB8501084420F00707A8
:107E1000780707D0502080F31188BFF34F8FBFF34E
:107E20006F8FFEE70025B8F1000F0FD05FF0000064
:107E3000221818F8001082F8341018F8001011B148
:107E4000401C1028F4D384F8435001E084F83450E7
:107E5000382E00D33726E662C4E91365201D00F0F2
:107E6000ACFB04F1180000F0A8FB2461C6F1380057
:107E70006462A061656584F8585052465946384698
:107E800000F098FA2060B9F1000F01D0C9F8004065
:107E9000BDE8F09F2DE9F0471E46DDE9089417463E
:107EA0000D00804615D0002C11D0FFF797FE04F18D
:107EB0001801C4F8008081E86002201D00F07DFBFD
:107EC000002F04D014F8280F40F004002070BDE803
:107ED000F087502080F31188BFF34F8FBFF36F8F6F
:107EE000FEE7000030B5114900E011460A68824201
:107EF000FBD34B685C18844203D140681844486047
:107F0000084643681C18944209D1084C183C246860
:107F1000A24209D052681A4442600A68126802609C
:107F2000814200D0086030BD0460F9E7D400002031
:107F300070B5002441600B4D0061914206D8D11A02
:107F40008269914206D2011D286907E09A4203D254
:107F5000994201D3012403E0011DE86800F030FBE1
:107F6000204670BDA400002010B5044600F04CFB74
:107F7000A06B28B15FF0000400F066FB204610BD46
:107F80000124F9E730B589B03C4D6EE00498002833
:107F900006DADDE90601059A90470498002864DBBB
:107FA000069C606910B1201D00F0CAFA03A800F019
:107FB000D7F8024604980A2857D2DFE800F00505F2
:107FC000052D334A05052D3394F8280040F00100B3
:107FD00084F828000599A069059B01442046FFF715
:107FE000A7FF68B3216A2046884794F82800400715
:107FF0003BD5002000900598A1690023421819463E
:10800000204601F0A3FBD8B9502080F31188BFF3BC
:108010004F8FBFF36F8FFEE714F8280F20F0010099
:10802000207022E094F8280040F0010084F8280035
:108030000598A06128B1811813462046FFF778FF04
:1080400013E0502080F31188BFF34F8FBFF36F8F81
:10805000FEE794F82800810703D4204600F008FBCF
:1080600003E020F0010084F82800002204A9286819
:1080700000F0AAFF002889D109B030BDA40000207B
:108080002DE9FC410F46054600F0D2FC01A800F0A6
:1080900067F80446019818B101F0ACFABDE8FC811C
:1080A000254EAFB130690068D0B30027291B3A468E
:1080B000306800F05FFB01F09DFA0028EED11F4907
:1080C0004FF080500860BFF34F8FBFF36F8FE5E72D
:1080D000A542EBD801F08EFAF0682746C068C46864
:1080E000201D00F02DFA94F82800410719D5A06949
:1080F0002B4641193A462046FFF71AFFA8B1002047
:108100000346014600902A46204601F01FFB60B955
:10811000502080F31188BFF34F8FBFF36F8FFEE7BE
:1081200007E020F0010084F82800216A20468847F3
:10813000B4E70127BAE70000A400002004ED00E046
:108140000648416B096829B1416BC968C96849682B
:10815000816270474FF0FF31FAE7000068000020AD
:1081600070B5054601F028F9064E0446B068844211
:1081700003D200F009F8012000E00020286020462A
:10818000B46070BDA4000020F8B5194D20E0C068AF
:10819000C4680668201D00F0D3F9216A204688478C
:1081A00094F82800400713D5A0693044B04206D99E
:1081B00024616060211DE86800F002FA08E00020F8
:1081C0000346014600903246204601F0BFFA38B11E
:1081D000E86801680029DAD12969C5E90310F8BD0A
:1081E000502080F31188BFF34F8FBFF36F8FFEE7EE
:1081F000A4000020002101E0401C491C0278A52AAF
:10820000FAD0C1F38F00704708484068401C4FF017
:10821000500080F3118804D0BFF34F8FBFF36F8FEE
:10822000FEE7BFF34F8FBFF36F8FFEE7DC00002048
:10823000074CE068016841B1C0680021D0F8000037
:10824000FFF71EFFFFF79EFEF3E701210020F7E78F
:10825000A40000202DE9F041044600F0D5F994F97E
:10826000455004F1240609E0606A48B1304601F047
:1082700089F908B100F016FB6D1E6DB2002DF3DC1C
:108280004FF0FF3684F8456000F0DEF900F0BCF9ED
:1082900094F9445004F1100709E0206948B13846C8
:1082A00001F070F908B100F0FDFA6D1E6DB2002DFD
:1082B000F3DC84F84460BDE8F04100F0C5B900008B
:1082C0002DE9F0410546002700F0B2FB324E306840
:1082D00008B9FFF713FD706905424ED1C5B30835E3
:1082E00068070ED005F00700C0F1080005446807D4
:1082F00007D0502080F31188BFF34F8FBFF36F8FEB
:10830000FEE72DB37068854237D823481830014600
:108310000C6801E020460C466168A94202D221683F
:108320000029F7D131688C4227D0076821680160A5
:1083300060680837411B10290FD96019420708D01F
:10834000502080F31188BFF34F8FBFF36F8FFEE78C
:1083500013E041606560FFF7C5FD61687068401A11
:108360007060B268904200D2B06070690143002032
:10837000C4E90001F068401CF06001F03BF97807A7
:1083800007D0502080F31188BFF34F8FBFF36F8F5A
:10839000FEE73846BDE8F081BC00002004490868CB
:1083A00018B10868026D521C026508687047000029
:1083B0006800002010B5031F4FF080741C601B1F65
:1083C00021F001011960191F044B0B6014390A6078
:1083D000091F6FF0020244380A6010BD09820008CC
:1083E0001CB500F011F929490420CDE90001002352
:1083F000C82227A12A4800F079FF2A490820CDE9A0
:1084000000010023FA2228A12A4800F06FFF2A4821
:108410000624CDE900400023FA2228A12C4800F0D0
:1084200065FF2C490F20CDE900010023FA222AA183
:108430002C4800F05BFF2C480023CDE90040FA22D5
:108440002AA12E4800F052FF03220021012000F053
:10845000C4FB2B49032208600021012000F0BDFB72
:108460002849032208600021012000F0B6FB2649BC
:108470000860012000F0A6FB244908602448006839
:1084800000F0C0F9BDE81C4000F0DEB80C00002090
:108490004C656450726F635F7461736B0000000021
:1084A000094F000810000020506572696F645F7406
:1084B00061736B00655D0008140000204661756CF7
:1084C0007448616E646C65725F7461736B00000068
:1084D0000113000818000020426C6550726F5F7431
:1084E00061736B00C90900081C0000205253343826
:1084F000355F50726F635F7461736B00FD5F0008DE
:108500002000002028000020240000202C00002053
:108510000800002070B5094DFF231A4605F5807646
:1085200006E000BF10F8014B54402A5D5A40335D0D
:10853000491E89B2F6D242EA032070BD299800088C
:10854000D0E9013201699A60D0E901235A604A6892
:10855000824201D182684A60002202610868401E9E
:10856000086008687047000008B902480068006B9E
:10857000FFF740BE68000020034B036003F15C007E
:1085800008608020106070476C0C0020044B036072
:1085900003F15C0008604FF48070106070470000C9
:1085A000C80E002000F108014FF0FF32C0E90112AF
:1085B000C1600161002101607047002101617047C5
:1085C00030B50B685A1C02D000F1080202E00269C3
:1085D00004E02246546825689D42FAD953684B60EE
:1085E00099608A60516008610168491C016030BD72
:1085F00042684A6093688B60936859609160086133
:108600000168491C01607047502080F31188BFF356
:108610004F8FBFF36F8F0A494868401C486001289C
:108620000CD10848006810F0FF0F07D0502080F3ED
:108630001188BFF34F8FBFF36F8FFEE770470000C5
:10864000DC00002004ED00E00849486828B1401E25
:10865000486001D180F311887047502080F3118861
:10866000BFF34F8FBFF36F8FFEE70000DC000020E9
:1086700070B500282AD0164DA0F108046068696919
:10868000084207D1502080F31188BFF34F8FBFF30A
:108690006F8FFEE722683AB1502080F31188BFF354
:1086A0004F8FBFF36F8FFEE78843606000F0C0F923
:1086B00060686968084468602046FFF713FC286911
:1086C000401C2861BDE8704000F094BF70BD000000
:1086D000BC0000204FF0E0200021016181610549CC
:1086E0004FF47A720968B1FBF2F1491E416107212A
:1086F000016170476400002010B5F7F7D3FD114900
:1087000010280ED300F1E02090F8F0030A78904290
:1087100007D2502080F31188BFF34F8FBFF36F8FC4
:10872000FEE709480068896800F4E060884207D9DC
:10873000502080F31188BFF34F8FBFF36F8FFEE798
:1087400010BD0000DC0000200CED00E010B5084B6F
:10875000002200BF53F832401CB1521C082AF9D342
:1087600010BD43F8321003EBC201486010BD000099
:108770005006002070B515460E460446FFF744FF2C
:1087800094F944100020491C01D184F8440094F964
:108790004510491C01D184F84500FFF755FFA06B37
:1087A00028B92A46314604F1240000F099F8204601
:1087B000BDE87040FFF74EBD10B5020014D00F4861
:1087C000006B38B1502080F31188BFF34F8FBFF397
:1087D0006F8FFEE700F02CF900211046FFF768F9D3
:1087E00000F008FF002807D105494FF080500860CD
:1087F000BFF34F8FBFF36F8F10BD000068000020E4
:1088000004ED00E070B50546FFF7FEFE1E4C05B90D
:108810002568281DFFF794FEA86A18B105F1180015
:10882000FFF78EFE606A401C60622068854207D1B7
:10883000291D1648FFF7DCFE6068401C606007E0F9
:10884000A068401EA0602846FFF73DFAFFF778FCBD
:10885000FFF7FAFE6069002814D02068854211D124
:10886000206B38B1502080F31188BFF34F8FBFF3D6
:108870006F8FFEE706494FF080500860BFF34F8FBF
:10888000BFF36F8F70BD0000680000202C0B00202C
:1088900004ED00E002490A6A0260C968416070475D
:1088A0006800002001490120C8617047680000206D
:1088B00010B50C4650B1094909681831FFF780FE20
:1088C0002046BDE810400121FFF7F2B8502080F3A8
:1088D0001188BFF34F8FBFF36F8FFEE76800002052
:1088E00070B514460D4668B10A4909681831FFF79A
:1088F0007FFE0CB14FF0FF3521462846BDE87040A1
:10890000FFF7D6B8502080F31188BFF34F8FBFF325
:108910006F8FFEE76800002070B504003ED0226D26
:10892000A2B1E06C884200D30146E06A884235D0AB
:10893000012A33D11A4D2A6894420FD1502080F376
:108940001188BFF34F8FBFF36F8FFEE7502080F386
:108950001188BFF34F8FBFF36F8FFEE7E162A2690B
:10896000002A02DBC1F13801A1610E4E00EB80004C
:10897000616906EB8000814210D1201DFFF7E0FD08
:10898000E06A2969884200D9286100EB800006EB83
:108990008000211DBDE87040FFF72ABE70BD0000B9
:1089A000680000209006002030B587B000240394B2
:1089B00005AA04A903A80494FFF7DEFDDDE903017D
:1089C0000094CDE90110002315A11748059A00F085
:1089D000BAFC164D0028E8621FD000F087FE01287F
:1089E00009D0401C19D1502080F31188BFF34F8F5C
:1089F000BFF36F8FFEE7502080F31188BFF34F8FD6
:108A0000BFF36F8F4FF0FF30A86201206861EC6008
:108A100007B0BDE8304000F045B807B030BD0000F9
:108A200049444C4500000000497D000868000020D2
:108A30000248016B491C0163704700006800002078
:108A4000164810B5016B11B10121C16110BD0021A3
:108A5000C1610169124A01E0B9B1491E01EB81030C
:108A600052F82330002BF7D001EB810302EB830295
:108A700002F1080453685B685360A34201D15B684C
:108A80005360DA680260016110BD502080F31188E4
:108A9000BFF34F8FBFF36F8FFEE700006800002029
:108AA000900600201CB537480168374A914207D12B
:108AB000502080F31188BFF34F8FBFF36F8FFEE715
:108AC00000683149491E884207D1502080F311883F
:108AD000BFF34F8FBFF36F8FFEE72C4908780190EB
:108AE000FF20087008788DF800009DF800009DF8C0
:108AF000002000F0F000904207D0502080F3118851
:108B0000BFF34F8FBFF36F8FFEE79DF80000204C3F
:108B100000F0500020700720A06005E09DF80020C4
:108B200052008DF80020401E9DF800201206F5D45A
:108B3000A060032807D0502080F31188BFF34F8F27
:108B4000BFF36F8FFEE74FF44070A060019808708C
:108B50000C482030016841F470010160016841F067
:108B600070410160FFF7B6FD00206060F7F762FB1F
:108B70000848016841F040410160F7F747FB0020D9
:108B80001CBD000000ED00E071C20F4100E400E0F8
:108B9000DC00002034EF00E010B5502080F3118895
:108BA000BFF34F8FBFF36F8F00F00CFC18B1044977
:108BB0004FF080500860002080F3118810BD000045
:108BC00004ED00E010B502460021012000F005F898
:108BD0000446FFF7E9F8204610BDF8B517460E46E3
:108BE000050013D005FB06F05030FFF769FB0400C9
:108BF0000AD0002084F8460004F150023B4631467A
:108C000028460094FFF7DCF82046F8BD502080F39A
:108C10001188BFF34F8FBFF36F8FFEE738B5049D08
:108C200018B153B1CAB181B120E0502080F311884E
:108C3000BFF34F8FBFF36F8FFEE7502080F3118893
:108C4000BFF34F8FBFF36F8FFEE7502080F3118883
:108C5000BFF34F8FBFF36F8FFEE739B1502080F322
:108C60001188BFF34F8FBFF36F8FFEE750241C4670
:108C7000012384F846302B460094FFF7A1F82046E4
:108C800038BD000070B50D46040025D0FFF7BCFCD0
:108C9000D4E90F20216802FB0011A1600021A1632B
:108CA000216861600A46D4E90F01401E00FB0121E2
:108CB000E16021464FF0FF3001F8440F487004F1A5
:108CC00010008DB1FFF76EFC04F12400FFF76AFC81
:108CD000FFF7BAFC012070BD502080F31188BFF36C
:108CE0004F8FBFF36F8FFEE721690029F0D000F0AE
:108CF00049FC0028ECD004494FF080500860BFF3D5
:108D00004F8FBFF36F8FE3E704ED00E02DE9FF47DE
:108D100082B01D468A464FF00008040003D0BAF125
:108D2000000F08D011E0502080F31188BFF34F8F5F
:108D3000BFF36F8FFEE7206C38B1502080F31188AD
:108D4000BFF34F8FBFF36F8FFEE7022D0AD1E06BA9
:108D5000012807D0502080F31188BFF34F8FBFF355
:108D60006F8FFEE700F01AFB3F4F4FF000094FF006
:108D7000805648B9049838B1502080F31188BFF369
:108D80004F8FBFF36F8FFEE7FFF73EFCA06BE16BE9
:108D9000884207D3022D05D00498D0B1B8F1000F56
:108DA0001AD01EE02A4651462046FEF756FF616A59
:108DB00019B104F1240000F0E5FB20B13E60BFF3DF
:108DC0004F8FBFF36F8FFFF73FFC012006B0BDE868
:108DD000F087FFF739FC22E06846FFF75BFD4FF0B4
:108DE0000108FFF731FCFFF723FEFFF70DFC94F9B4
:108DF0004400401C01D184F8449094F94500401C83
:108E000001D184F84590FFF71FFC04A9684600F0E3
:108E100033FA30B12046FFF71DFA00F0EBFB0020DB
:108E2000D4E7FFF7F1FBA06BE16B884213D1FFF7AA
:108E30000BFC04F110000499FFF73AFD2046FFF700
:108E400009FA00F0D7FB00289ED13E60BFF34F8F98
:108E5000BFF36F8F98E7FFF7F7FB2046FFF7FAF9AC
:108E600000F0C8FB90E7000004ED00E02DE9F047BA
:108E70001F4690468946040003D0B9F1000F08D080
:108E800011E0502080F31188BFF34F8FBFF36F8F35
:108E9000FEE7206C38B1502080F31188BFF34F8F6C
:108EA000BFF36F8FFEE7022F0AD1E06B012807D0D6
:108EB000502080F31188BFF34F8FBFF36F8FFEE711
:108EC000FFF71AFC5020EFF3118680F31188BFF3EF
:108ED0004F8FBFF36F8FA06BE16B884206D3022FD9
:108EE00004D0002086F31188BDE8F08794F945503E
:108EF000A06B3A4649462046FEF7AFFE681C04D0F8
:108F00006D1C84F845500120ECE7606A0028FAD017
:108F100004F1240000F036FB0028F4D0B8F1000F73
:108F2000F1D00121C8F80010EDE770B50E4604003D
:108F300009D0206C78B1502080F31188BFF34F8F97
:108F4000BFF36F8FFEE7502080F31188BFF34F8F80
:108F5000BFF36F8FFEE7206848B9A06838B1502092
:108F600080F31188BFF34F8FBFF36F8FFEE7FFF7DA
:108F7000C3FB5020EFF3118580F31188BFF34F8FAF
:108F8000BFF36F8FA16BE06B884218D994F945004D
:108F9000491CA163411C04D0401C84F845000120F9
:108FA0000EE0606A0028FAD004F1240000F0EAFA2A
:108FB0000028F4D0002EF2D001203060EFE700202E
:108FC00085F3118870BD00002DE9F747002683B0B6
:108FD0008A46040003D0BAF1000F08D011E05020F7
:108FE00080F31188BFF34F8FBFF36F8FFEE7206CC4
:108FF00038B1502080F31188BFF34F8FBFF36F8FCC
:10900000FEE700F0CBF9DFF8F4804FF000094FF0F5
:10901000805748B9059838B1502080F31188BFF3C4
:109020004F8FBFF36F8FFEE7FFF7EEFAA56BC5B169
:1090300051462046FEF7FEFD6D1EA563206950B126
:1090400004F1100000F09EFA28B1C8F80070BFF3D8
:109050004F8FBFF36F8FFFF7F7FA012006B0BDE81F
:10906000F087059808B11EB106E0FFF7EDFA27E09A
:109070006846FFF70FFC0126FFF7E6FAFFF7D8FC7A
:10908000FFF7C2FA94F94400401C01D184F84490DF
:1090900094F94500401C01D184F84590FFF7D4FABB
:1090A00005A9684600F0E8F8002820460AD0FFF736
:1090B000D1F800F09FFA2046FEF756FF0028B3D003
:1090C0000020CBE7FEF750FF90B104F12400059992
:1090D000FFF7EEFB2046FFF7BDF800F08BFA002803
:1090E000A2D1C8F80070BFF34F8FBFF36F8F9BE71B
:1090F0002046FFF7AFF800F07DFA95E704ED00E0B9
:109100002DE9F343002683B00400354609D0206CD6
:1091100078B1502080F31188BFF34F8FBFF36F8F6A
:10912000FEE7502080F31188BFF34F8FBFF36F8F9E
:10913000FEE700F033F9DFF83C814FF000094FF013
:10914000805748B9049838B1502080F31188BFF394
:109150004F8FBFF36F8FFEE7FFF756FAA06BC8B1D2
:10916000401EA063206810B9FFF718F9A0602069BD
:1091700050B104F1100000F005FA28B1C8F80070F1
:10918000BFF34F8FBFF36F8FFFF75EFA012005B07B
:10919000BDE8F083049808B166B10FE03DB15020FE
:1091A00080F31188BFF34F8FBFF36F8FFEE7FFF798
:1091B0004BFA5DE06846FFF76DFB0126FFF744FAC6
:1091C000FFF736FCFFF720FA94F94400401C01D168
:1091D00084F8449094F94500401C01D184F84590EE
:1091E000FFF732FA04A9684600F046F80028204646
:1091F00012D0FFF72FF800F0FDF92046FEF7B4FE7D
:109200000028A9D09DB3FFF7FFF9606A50B3206B27
:109210000068C0F1380126E0FEF7A6FEE0B1206844
:1092200038B9FFF7F1F9A06800F070F90546FFF7CB
:109230000BFA04F124000499FFF73AFB2046FFF7EC
:1092400009F800F0D7F9002886D1C8F80070BFF3FC
:109250004F8FBFF36F8F7FE72046FEF7FBFF00F0D5
:10926000C9F979E70021A068FFF756FB9FE7FFE700
:1092700000208CE704ED00E02DE9F0410C460500EC
:1092800011D0C4B1FFF7C0F9174BDA686E682068D7
:10929000911B471C17D02F681B6A9F4219D096421A
:1092A00017D8012410E0502080F31188BFF34F8FAE
:1092B000BFF36F8FFEE7502080F31188BFF34F8F0D
:1092C000BFF36F8FFEE70024FFF7BEF92046BDE82D
:1092D000F081884205D9401A20602846FFF7DAFA63
:1092E000F1E700202060DCE7680000202DE9FF5F47
:1092F0008346DDE90E87994616468A469000FEF7BA
:10930000DFFF05001CD05C20FEF7DAFF040014D05C
:109310000020256384F85900CDE90240CDE900879B
:109320004B46324651465846FEF75CFD2046FEF756
:10933000EDFB012004B0BDE8F09F2846FFF798F947
:109340004FF0FF30F6E7F0B585B0DDE90B640A9D1C
:10935000A6B1DCB15C2700972663022684F8596029
:10936000002604AFCDE90246CDE90057FEF73AFDED
:109370002046FEF7CBFB049805B0F0BD502080F3EB
:109380001188BFF34F8FBFF36F8FFEE7502080F33C
:109390001188BFF34F8FBFF36F8FFEE70548416918
:1093A00019B1006B18B100207047012070470220EE
:1093B00070470000680000200148C0687047000046
:1093C000680000202DE9F0412E4C0027206B28B1C9
:1093D000A069401CA0613846BDE8F081E668761CB3
:1093E000E66013D1606B006838B1502080F31188BB
:1093F000BFF34F8FBFF36F8FFEE7606BA16B6163AD
:10940000A063206A401C2062FEF79AFEA06ADFF883
:109410007880864209D3606B0068A0B1606BC06839
:10942000C5686868864211D2A0622068C06A00EBF5
:10943000800158F82100012800D90127E06900289F
:10944000C9D00127C7E74FF0FF30EDE7281DFFF730
:1094500077F8A86A18B105F11800FFF771F8E86A03
:109460002169884200D9206100EB800108EB81006E
:10947000291DFFF7BDF8E86A2168C96A8842CAD386
:109480000127C8E7680000209006002070B504009E
:109490004FF0000133D01B4D2868844207D0502084
:1094A00080F31188BFF34F8FBFF36F8FFEE7206DFE
:1094B00038B1401E2065E36CE26A9A421FD040B189
:1094C0001DE0502080F31188BFF34F8FBFF36F8FE3
:1094D000FEE7201DFFF734F8E06CE062C0F13800D1
:1094E000A061E06A2969884200D92861064900EB39
:1094F000800001EB8000211DFFF77AF8012108466A
:1095000070BD0000680000209006002070B50400C7
:109510004FF000002BD0194DE16A2A68D26A9142BF
:1095200026D2A069002804DB2868C06AC0F1380090
:10953000A061134E01EB8101606906EB8101884255
:1095400011D1201DFEF7FCFF2868C06AE06229697E
:10955000884200D9286100EB800006EB8000211DC5
:10956000FFF746F802E02868C06AE062012070BD9B
:10957000E16C2A68D26A9142F8D370BD680000207D
:109580009006002070B5C068C46854B104F118009A
:109590000646FEF7D5FF144D286B50B131461348EF
:1095A00015E0502080F31188BFF34F8FBFF36F8F0A
:1095B000FEE7201DFEF7C4FFE06A2969884200D952
:1095C00028610B4900EB800001EB8000211DFFF7B3
:1095D0000FF8E06A2968C96A884202D90120E86167
:1095E00070BD002070BD000068000020180B002036
:1095F000900600202DE9F0472C4D00242746286BCB
:1096000038B1FFF701F8286B401E2863286B40B182
:1096100046E0502080F31188BFF34F8FBFF36F8F68
:10962000FEE7A968224E0120D1B3A6F591698046D4
:109630003068E0B1F068C46804F11800FEF780FFFC
:10964000201DFEF77DFFE06A2969884200D9286164
:1096500000EB800109EB8100211DFEF7C9FFE06AE4
:109660002968C96A8842E3D3C5F81C80E0E70CB1D9
:10967000FEF766FDAC694CB14FEA0806FFF7A2FEA3
:1096800000B1EE61641EF9D10020A861E86938B12B
:109690000849012738070860BFF34F8FBFF36F8F6A
:1096A000FEF7D2FF3846BDE8F087000068000020D2
:1096B000180B002004ED00E02DE9FC4781461E4612
:1096C000174688462C200A9DFEF7FAFD04000AD0B2
:1096D000002084F82800CDE9005433463A4641463C
:1096E0004846FEF7D7FB2046BDE8FC8710B586B09C
:1096F000FEF774FA114C2068B8B100200390049072
:1097000005AA04A903A8FEF741FFDDE90321022011
:109710008DE8070000230AA10B48059AFFF713FE06
:10972000606010B106B0012010BD502080F3118898
:10973000BFF34F8FBFF36F8FFEE70000A400002040
:10974000546D722053766300318200082DE9FF4189
:109750001E46134602000A9D4FF0000016D0144C1E
:109760002768002F0FD0CDE900130292062917DADF
:10977000FFF714FE02284FF000030FD000226946C5
:109780002068FFF7C3FA04B0BDE8F081502080F3F1
:109790001188BFF34F8FBFF36F8FFEE72A46EEE7C6
:1097A0000023324669463846FFF760FBEBE70000CE
:1097B000A400002010B504000AD0FEF725FF94F89D
:1097C0002800C0070CD00124FEF73EFF204610BD44
:1097D000502080F31188BFF34F8FBFF36F8FFEE7E8
:1097E0000024F1E7010002000400060008000A005E
:1097F0000C00100020004000800000010101010366
:109800000701000008040204080101010000000033
:109810000000000001020304060708090000000020
:1098200001020304001AB1B10100C1814001C080EE
:109830004101C0804100C1814001C0804100C1811F
:109840004000C1814001C0804101C0804100C18110
:109850004000C1814001C0804100C1814001C08001
:109860004101C0804100C1814001C0804100C181EF
:109870004000C1814001C0804100C1814001C080E1
:109880004101C0804100C1814000C1814001C080D0
:109890004101C0804100C1814001C0804100C181BF
:1098A0004000C1814001C0804101C0804100C181B0
:1098B0004000C1814001C0804100C1814001C080A1
:1098C0004101C0804100C1814000C1814001C08090
:1098D0004101C0804100C1814001C0804100C1817F
:1098E0004000C1814001C0804100C1814001C08071
:1098F0004101C0804100C1814001C0804100C1815F
:109900004000C1814001C0804101C0804100C1814F
:109910004000C1814001C0804100C1814001C08040
:109920004101C0804100C1814000C0C101C30302A8
:10993000C2C60607C705C5C404CC0C0DCD0FCFCEDB
:109940000E0ACACB0BC90908C8D81819D91BDBDA0B
:109950001A1EDEDF1FDD1D1CDC14D4D515D717162B
:10996000D6D21213D311D1D010F03031F133F3F23B
:109970003236F6F737F53534F43CFCFD3DFF3F3E1B
:10998000FEFA3A3BFB39F9F83828E8E929EB2B2AAB
:10999000EAEE2E2FEF2DEDEC2CE42425E527E7E66B
:1099A0002622E2E323E12120E0A06061A163A3A2DB
:1099B0006266A6A767A56564A46CACAD6DAF6F6E5B
:1099C000AEAA6A6BAB69A9A86878B8B979BB7B7A8B
:1099D000BABE7E7FBF7DBDBC7CB47475B577B7B6AB
:1099E0007672B2B373B17170B0509091519353527B
:1099F0009296565797559594549C5C5D9D5F9F9E9B
:109A00005E5A9A9B5B99595898884849894B8B8A2A
:109A10004A4E8E8F4F8D4D4C8C44848545874746EA
:109A20008682424383418180400000006072D548B5
:109A3000409F9F4880CB7048801F3748C05E0C48CD
:109A400080D8D84700BBA847CD398447B3A9504731
:109A5000B3BC2547667C04470020D546CD72AC4692
:109A60009A578C4600B46546CDFE3C4600401C46E5
:109A700000E401468F10D945EC29B6459A919945E5
:109A800000088245E1225D45E1CE3C4529D82145CB
:109A900085430B45C38DF044A480D0440060B54499
:109AA000EC419E44148E8A4400607344CD64564455
:109AB000336B3D444AD42744391C15442FD5044404
:109AC00025642C25640D0A525F543A256420A1E3D5
:109AD000432C20525F563A2564562C20525F493A57
:109AE0002564412C205458706172616D65746572F3
:109AF0002E73797374656D5F73746174323A256483
:109B00000D0A0000249B000800000020A0010000B6
:109B1000D40700084C9B0008A0010020E03600009C
:109B20009A7800082112FF0332E44B321002170129
:109B3000F918037924F41AAA01013803430F270501
:0C9B40001B1AB1B1011AFF01091A08003C
:04000005080001D915
:00000001FF
