:020000040800F2
:100000006835012099020008BD390008D12B00088D
:10001000B93900086D0A00087543000800000000A7
:10002000000000000000000000000000D9010008EE
:10003000450E00080000000035020008D13C000811
:10004000B3020008B3020008B3020008B3020008BC
:10005000B3020008B3020008B3020008B3020008AC
:10006000B3020008B3020008B3020008B30200089C
:10007000B3020008B3020008B3020008B30200088C
:10008000B3020008B3020008B3020008B30200087C
:10009000B3020008B3020008B3020008B30200086C
:1000A000B3020008B3020008B3020008B30200085C
:1000B000B3020008B3020008B3020008B30200084C
:1000C000B3020008B3020008B3020008B30200083C
:1000D000B3020008B30200086D420008B302000832
:1000E000B3020008B3020008B3020008B30200081C
:1000F000B3020008B3020008B3020008B30200080C
:1001000000000000B3020008B3020008B3020008B8
:100110000000000000000000B3020008B302000865
:10012000B3020008B3020008B3020008B3020008DB
:10013000B3020008B3020008B3020008B3020008CB
:10014000B3020008B3020008B3020008B3020008BB
:10015000B3020008B3020008B3020008B3020008AB
:10016000B3020008B3020008000000000000000015
:10017000000000000000000000000000000000007F
:10018000B3020008B30200080000000000000000F5
:10019000B3020008B30200080000000000000000E5
:1001A000000000000000000000000000000000004F
:1001B000B30200080000000000000000B3020008C5
:1001C000B3020008DFF80CD000F07EFB00480047C7
:1001D000854D0008683501202C4B19680868B0E887
:1001E000F04F80F30988BFF36F8F4FF0000080F36A
:1001F000118870470000000008480068006880F31C
:1002000008884FF0000080F3148862B661B6BFF32F
:100210004F8FBFF36F8F00DF00BF00BF08ED00E01E
:10022000DFF80C00016841F470010160704700BF05
:1002300088ED00E0EFF30980BFF36F8F134B1A686E
:100240001EF0100F08BF20ED108A20E9F04F10605B
:1002500009B44FF0500080F31188BFF34F8FBFF304
:100260006F8F06F089F94FF0000080F3118809BC08
:1002700019680868B0E8F04F1EF0100F08BFB0EC26
:10028000108A80F30988BFF36F8F70472000002029
:10029000EFF3058070470000064880470648004796
:1002A000FEE7FEE7FEE7FEE7FEE7FEE7FEE7FEE726
:1002B000FEE7FEE7E13C0008C50100082DE9F05F1C
:1002C0000546002092469B468846064681464024C5
:1002D0001BE0284641464746224600F00AF95346AD
:1002E0005A46C01A914110D311461846224600F0D2
:1002F000F1F82D1A67EB01084F4622460120002134
:1003000000F0E8F817EB00094E41201EA4F10104AB
:10031000DFDC484631462A464346BDE8F09F40EAC6
:1003200001039B0703D009E008C9121F08C0042A73
:10033000FAD203E011F8013B00F8013B521EF9D25A
:100340007047D2B201E000F8012B491EFBD2704782
:100350000022F6E710B513460A4604461946FFF791
:10036000F0FF204610BD2DE9FE4F81EA030404F0A2
:10037000004421F0004100944FF0000B23F00043B3
:1003800050EA01045ED052EA03045BD0C3F30A547E
:10039000C1F30A552C44A4F2F3340194A0FB025497
:1003A000C1F3130141F48011C3F3130343F4801329
:1003B00001FB024400FB034E840A970A44EA81547D
:1003C00047EA8357A4FB076802958D0A05FB07855A
:1003D0004FEA932C04FB0C542705029D4FEA065864
:1003E00047EA1637B5EB08056EEB070C870E920E41
:1003F00047EA811742EA8312A7FB0201B6EB0B0121
:1004000064EB00042B0D43EA0C335E1844EB1C50E4
:10041000DA465146E7FB0201C5F313044FEA0B33FA
:1004200043EA14534FEA0432019C43EA0603A4F161
:100430000C040294009CCDE900B400F0B0F803B0C5
:10044000BDE8F08F00200146F9E700F0004230F0EF
:1004500000400AD0C10D01F56071C0F3160042EAF8
:100460000151C20840071143704700200146704700
:1004700001F0004330B421F0004150EA010206D0FF
:100480000A0DA2F56072C1F31301002A02DC30BC30
:1004900000207047440F44EAC104C100E01830BC9A
:1004A00000EBC25000F035B830B50B4601460020D5
:1004B0002022012409E021FA02F59D4205D303FA26
:1004C00002F5491B04FA02F52844151EA2F10102A7
:1004D000F1DC30BD202A04DB203A00FA02F10020D2
:1004E00070479140C2F1200320FA03F31943904072
:1004F0007047202A04DB203A21FA02F000217047DD
:1005000021FA02F3D040C2F120029140084319467B
:1005100070470029A8BF7047401C490008BF20F061
:100520000100704710B4B0FA80FC00FA0CF050EAF9
:10053000010404BF10BC704749B1CCF1200421FA7A
:1005400004F411FA0CF118BF012121430843A3EB75
:100550000C01CB1D4FEA00614FEA102042BF002082
:1005600010BC704700EBC35010440029A4BF10BC5E
:100570007047401C490008BF20F0010010BC7047C4
:1005800010B5141E73F1000408DA401C41F100019B
:1005900092185B411A4301D120F0010010BD2DE9F2
:1005A000F04D92469B4611B1B1FA81F202E0B0FAE9
:1005B00080F220329046FFF78DFF04460F4640EA56
:1005C0000A0041EA0B0153465A46084313D011462C
:1005D00053EA010019D0C8F140025046FFF789FFE5
:1005E00005460E46504659464246FFF773FF0843FC
:1005F00005D0012004E020463946BDE8F08D0020FA
:10060000054346EAE0762C4337430A986305E40A3B
:10061000A0EB08000022FD0A44EA47540A3002D544
:1006200000200146E9E7010510196941DDE90845A7
:1006300000196941BDE8F04DA2E72DE9FE4F804663
:1006400081EA0300C00F0C46009021F0004123F026
:100650000045B8EB0200A94105D24046214690462C
:100660001C460B46024623F00040104347D0270D9E
:10067000C7F30A00C3F30A510290401A01904028C0
:100680006BDAC3F3130040F4801B0098924620B14C
:100690000023D2EB030A63EB0B0B01985946C0F120
:1006A00040025046FFF716FF06460D465046594693
:1006B000019A00F01BF910EB08006141002487EA61
:1006C000115284EAE7731A4340D0009A62B3019A48
:1006D000012A4FEA075215DC001B61EB02014FF0C3
:1006E000004202EA0752CDE90042001C41F58011A8
:1006F00032462B46FFF753FF03B0BDE8F08F40466C
:100700002146F9E7001B61EB0201001C41F5801353
:1007100000185B412018A2F5001747EB030140EADF
:10072000D570B6196D4111E06D084FEA360645EAFD
:10073000C0754FEA0752001B61EB0201001C41F536
:10074000801149084FEA30000019514132462B46CA
:1007500003B0BDE8F04FFFF713BF0098012240003F
:100760000023D0EB020263EBE073009821464FEACE
:10077000E074B8EB000061EB0401E9E783F00043AB
:100780005BE781F0004158E72DE9F04D81EA030471
:1007900004F0004B21F0004514464FF0000A23F00E
:1007A000004150EA050220D054EA01021DD0C5F3F1
:1007B0000A570246C5F31303C1F31300C1F30A56E7
:1007C00040F4801543F48013A7EB0608101BD646AF
:1007D00008F2FD3873EB050002D308F1010801E0CF
:1007E00092185B41B8F1000F03DA00200146BDE822
:1007F000F08D00204FF48011064684460EE0171B52
:1008000073EB050705D3121B63EB050306434CEAA4
:10081000010C49084FEA300092185B4150EA010789
:10082000EDD152EA030012D082EA040083EA050106
:10083000084305D0101BAB4106D20122002306E07D
:1008400000224FF0004302E06FF0010253101AEB58
:1008500006004CEB085110EB0A0041EB0B01BDE820
:10086000F04DFFF78DBEC1F30A52C1F3130140F200
:10087000FF3341F480119A4202DA002001467047AA
:1008800040F233439A42A2F2334202DC5242FFF773
:1008900030BEFFF71FBE000030B5041E71F100042A
:1008A00004DB4FF00044404264EB0101141E73F17D
:1008B000000405DB1C464FF00043524263EB040387
:1008C000994208BF904230BD064C074D06E0E068F3
:1008D00040F0010394E8070098471034AC42F6D387
:1008E000FFF774FCB0F10008D0F10008202A06DB05
:1008F000CB17203A41FA02F043EAE07306E041FAEE
:1009000002F3D040C2F120029140084319467047DB
:1009100054494A6822F440324A604A6843681A439C
:100920004A600268526822F4807203685A60026862
:100930005368026943EA022203685A6002685268F7
:1009400022F0407203685A600268526883681A4352
:1009500003685A600268926822F4006203689A6031
:1009600002689268C3681A4303689A603E4B826AC1
:100970009A4218D00268926822F0706203689A6006
:1009800002689268836A1A4303689A6002689268F0
:1009900022F0405203689A6002689268C36A1A4360
:1009A00003689A600BE00268926822F07062036844
:1009B0009A600268926822F0405203689A60026866
:1009C000926822F0020203689A6002689368826962
:1009D00043EA420203689A60026AA2B1026852685E
:1009E00042F4006203685A600268526822F460426E
:1009F00003685A6002685368426A521E43EA4232F0
:100A000003685A6005E00268526822F400620368D5
:100A10005A600268D26A22F470020368DA620268DD
:100A2000D36A828B521E43EA02520368DA6202687A
:100A3000926822F4007203689A6002689368026BFD
:100A400043EA422203689A600268926822F4806254
:100A500003689A6002689368426943EA82220368E5
:100A60009A607047002301400100000F00BFFEE7BD
:100A700030B5F0EE400A354C94ED000AB4EEE00AD1
:100A8000F1EE10FA02D29FED320A30BD2F4C94EDF8
:100A9000200AB4EEE00AF1EE10FA02DD9FED2C0A16
:100AA000F3E70022202310202CE0284C04EB8004E4
:100AB00094ED000AB4EEE00AF1EE10FA06D2034615
:100AC0009C1804EBD475C5F347001BE01F4C04EBE6
:100AD000800494ED000AB4EEE00AF1EE10FA06DDAF
:100AE00002469C1804EBD475C5F347000AE000EBFE
:100AF0008004A4F1370100EE101AB8EEC01AB0EE6F
:100B0000410AC2E79C1A012CCFD100EB8004A4F16A
:100B100037010E4C04EB8204D4ED001A0B4C04EBAD
:100B2000830494ED002A30EEE10AF1EE042A20EE6F
:100B3000220A32EE613AC0EE032A00EE101AB8EE35
:100B4000C00A32EE801AB0EE410A9EE714F10008A6
:100B50000000000010B500222021024800F0C8FE6D
:100B600010BD00000004024000BF0021084A1160CF
:100B7000084A1160084A1160084A1160084A116069
:100B8000084A1160084A1170084A11707047000045
:100B9000D8000020D4000020E4000020E000002065
:100BA000DC000020E8000020EC000020ED00002028
:100BB00008B55EE02F4800783A2850D1002003465F
:100BC0000246032100902C48006806F0FFFD2948EA
:100BD000407800042749897840EA01202549C978EE
:100BE000084326490860234840792249097940EAA8
:100BF0000120234908601F488079224908601D4868
:100C0000007A1C49C97940EA01201F490860194847
:100C1000407A1E4908701748807A1D4908701548A7
:100C2000C07A00041349097B40EA01201149497B3D
:100C30000843184908600F48C07B0E49897B40EA89
:100C400001201549086006F05BFA044600200346BF
:100C50002246012100900848006806F0B7FDC8212F
:100C60000448FFF775FB00200C490880C82005F0F8
:100C700099FA9FE7C0020020B8000020DC000020A5
:100C8000E0000020E4000020E8000020EC0000204C
:100C9000ED000020D4000020D80000201E0000201D
:100CA0002DED088B82B0002008EE100A9FED530A4C
:100CB000F0EE408A9FED510AB0EE409A9CE014217C
:100CC000002000F09FFA08EE100AB8EE480A10EE75
:100CD000100AFFF7BAFB41EC1B0B9FED490B53ECDD
:100CE000102BFFF740FB41EC1A0BFFF7C1FB08EE9E
:100CF000900A9FED450A30EE680ADFED440A20EEC7
:100D0000200AC0EE280AB0EE609AB0EE490AFFF75A
:100D1000AFFE3F4880ED000A1421012000F072FA76
:100D200008EE100AB8EE480A10EE100AFFF78DFB25
:100D300041EC1B0B9FED320B53EC102BFFF713FB19
:100D400041EC1A0BFFF794FB08EE900A9FED2E0A78
:100D500030EE680ADFED2D0A20EE200AC0EE280AE8
:100D6000B0EE609AB0EE490AFFF782FE294880EDA6
:100D7000000A274890ED000AF3EE0E0AB4EEE00AEE
:100D8000F1EE10FA09DC234890ED000AF3EE0E0AAA
:100D9000B4EEE00AF1EE10FA02DD02F02DFE15E0ED
:100DA0001B4890ED000AF3EE090AB4EEE00AF1EEFA
:100DB00010FA0BD2174890ED000AF3EE090AB4EED0
:100DC000E00AF1EE10FA01D2FFF7C4FEC82005F0E8
:100DD000E9F910480068FFF738FB41EC1A0B0C48A2
:100DE0000068FFF732FB41EC1B0B8DED00AB53ECC1
:100DF0001B2B09A000F028F861E7000000000000AC
:100E00006666666666664A3F3333534000007A443E
:100E1000BC000020C000002074656D7065726174B4
:100E20007572655F313A25352E31662C2074656DFB
:100E300070657261747572655F323A25352E316660
:100E40002E0D0A00704700000FB400B5A1B023A812
:100E50000090802101A8009B229A03F0B1FA0020A3
:100E60000090411E0848006805F0E6FF01A907A0B0
:100E700003F082FA00231A4619460348006805F079
:100E800041FD21B05DF814FBB40000202573000083
:100E900072B600BFFEE700002DE9FC5F05468846FC
:100EA00091469A46DDF830B000950120019000246B
:100EB0005FE004EB0410374911F810009BF80010B4
:100EC000884253D104EB0410324901EB40004078D2
:100ED0009BF80110884249D108F10F0083B205F157
:100EE0000F0082B24146284602F01AF900263BE084
:100EF000002734E00D9890B904EB0410254901EB6C
:100F00004000801C805D80213941084018B148466E
:100F100002F01EFD21E0504602F01AFD1DE01E48C1
:100F2000A0F8009004EB04101A4901EB4000801C6B
:100F3000805D80213941084018B14146284601F0C2
:100F40002FFF681C85B20098281A102805D1009D33
:100F500008F101001FFA80F803E0781CC7B2082FDF
:100F6000C8DB00BF701CC6B2202EC1DB00BF601CF6
:100F700084B2019884429CDB08484088401E83B2BA
:100F800006480088401E82B20021084602F0C8F8D8
:100F9000BDE8FC9F749A0008120000206001002048
:100FA0002DE9FC5F0546884691469A46DDF830B04B
:100FB000009501200190002467E004EB840000EB21
:100FC00044103A4911F810009BF80010884259D19A
:100FD00004EB840000EB4410344901EB40004078FE
:100FE0009BF8011088424DD108F1170083B205F13A
:100FF000170082B24146284602F092F800263FE0F0
:10100000002738E00D98A0B904EB840000EB4410F1
:10101000264901EB4000801C805D80213941084059
:1010200018B1484602F094FC23E0504602F090FCD0
:101030001FE01F48A0F8009004EB840000EB441070
:101040001A4901EB4000801C805D80213941084035
:1010500018B14146284601F0A3FE681C85B20098ED
:10106000281A182805D1009D08F101001FFA80F800
:1010700003E0781CC7B2082FC4DB00BF701CC6B2E7
:10108000482EBDDB00BF601C84B20198844294DB13
:1010900008484088401E83B206480088401E82B23D
:1010A0000021084602F03CF8BDE8FC9F969A000833
:1010B00012000020600100202DE9FE4F0546884601
:1010C00091469A46DDF830B001953D480088009081
:1010D0001620029000245FE004EB8410394911F8D7
:1010E00010009BF80010884253D104EB841035495E
:1010F00001EB400040789BF80110884249D108F18B
:101100001F0083B205F11F0082B24146284602F05B
:1011100007F800263BE0002734E00D9890B904EB77
:101120008410284901EB4000801C805D80213941FA
:10113000084018B1484602F00BFC21E0504602F08E
:1011400007FC1DE01E48A0F8009004EB84101D4928
:1011500001EB4000801C815D80203841014019B1C5
:101160004146284601F01CFE681C85B20198281AE9
:10117000202805D1019D08F101001FFA80F803E045
:10118000781CC7B2082FC8DB00BF701CC6B2802E07
:10119000C1DB00BF601C84B2029884429CDB08491A
:1011A0000098088008484088401E83B2064800889E
:1011B000401E82B20021084601F0B2FFBDE8FE8F5A
:1011C00012000020E09A0008600100201FB50446CC
:1011D00000940120019007200290002003906946AE
:1011E000074800F027F8064800F0B4F90A2104483F
:1011F00000F052F9024800F0E3F880B204B010BDEC
:101200001C3101202DE9F04107460C46002500263F
:1012100008E03846FFF7DAFF0544052004F0C2FF76
:10122000701CC6B2A642F4DBB5FBF4F080B2BDE898
:10123000F081000038B502460020009000BF92F80F
:101240003C00012801D1022038BD012082F83C0079
:1012500000BF0868092816D91068C0680C780A3CD5
:1012600004EB44050724AC40A0431468E0600C780C
:101270000A3C04EB44048868A0401468E4682043F6
:101280001468E06013E0106800690C7804EB440512
:101290000724AC40A043146820610C7804EB44049C
:1012A0008868A04014682469204314682061486855
:1012B000072817D21068406B0C79641E04EB840574
:1012C0001F24AC40A04314686063088880B20C7986
:1012D000641E04EB8404A0401468646B204314680B
:1012E000606331E048680D2817D21068006B0C79F4
:1012F000E41F04EB84051F24AC40A0431468206362
:10130000088880B20C79E41F04EB8404A0401468C0
:10131000246B20431468206316E01068C06A0C79BF
:101320000D3C04EB84051F24AC40A0431468E0622C
:10133000088880B20C790D3C04EB8404A04014684A
:10134000E46A20431468E062194B1A4C1068A0420A
:1013500006D10868122803D1586840F4800058600C
:10136000144C1068A0421CD10868102802D00868EC
:10137000112816D1586840F40000586008681028F9
:101380000FD10D4800680D4CB0FBF4F000EB80006D
:101390004000009002E00098401E00900098002855
:1013A000F9D100BF002082F83C0000BF00BF4BE72E
:1013B00000230140002001400001002040420F00B6
:1013C00001460868C06C704770B5044600250CB92A
:1013D000012070BD1549A06A884200D000BF206C72
:1013E00030B90020606484F83C00204600F020F80A
:1013F000206C00F0100088B9206C20F4885040F078
:10140000020020642046FFF783FA00206064206C0D
:1014100020F0020040F00100206400E0012500BF40
:10142000002084F83C0000BF2846D2E70100000FEE
:1014300010B586B0044600BF002000901448006834
:1014400040F48070124908600846006800F480701B
:10145000009000BF00BF00BF002000900C4814386F
:10146000006840F001000A49143908600846006825
:1014700000F00100009000BF00BF03200190029027
:101480000020039001A9034800F04EF906B010BDFA
:10149000443802400000024070B504460D46002664
:1014A0002068806800F4806078B12068806800F46B
:1014B000807050B1206C40F02000206400BF0020FC
:1014C00084F83C0000BF012070BD00F017FA06460A
:1014D00012E0681C80B125B100F010FA801BA84210
:1014E0000AD9206C40F00400206400BF002084F87A
:1014F0003C0000BF0320E7E72068006800F002001E
:101500000228E6D16FF0120021680860206C40F4D8
:10151000007020642068806800F04050B8B9A0696D
:10152000A8B92068C06A00F4700020B12068806803
:1015300000F4806058B9206C20F480702064206C26
:1015400000F4805018B9206C40F0010020640020A5
:10155000BAE7000008B501460020009000BF91F8EE
:101560003C00012801D1022008BD012081F83C0087
:1015700000BF0868806800F00100A0B908688068B2
:1015800040F001000B6898602E4800682E4BB0FBBD
:10159000F3F000EB4000009002E00098401E009045
:1015A00000980028F9D10868806800F00100002840
:1015B00045D0086C40F20163984340F480700864A1
:1015C0000868406800F4806028B1086C20F400507E
:1015D00040F480500864086C00F4805020B1486CDE
:1015E00020F00600486401E00020486400BF0020AD
:1015F00081F83C0000BF154A6FF022000B681860AC
:10160000506800F01F0058B90868806800F040502A
:10161000A8B90868806840F080400B6898600EE0C8
:101620000B4B086898420AD10868806800F0405067
:1016300028B90868806840F080400B6898600020F6
:1016400092E700000001002040420F00002301400B
:101650000020014070B50446A56D00F04FF9064624
:1016600094F83500022808D08020606500BF002073
:1016700084F8340000BF012070BD2068006820F0AD
:101680001600216808602068406920F08000216809
:101690004861206C08B9A06C28B12068006820F06F
:1016A0000800216808602068006820F001002168B7
:1016B00008600FE000F022F9801B05280AD92020DD
:1016C000606500BF002084F8340000BF032084F868
:1016D0003500D1E72068006800F001000028E9D15A
:1016E00094F85C103F208840A86000BF002084F878
:1016F000340000BF012084F835000020BCE701461B
:1017000091F83500022803D08020486501207047F9
:10171000052081F835000868006820F001000A689B
:1017200010600020F3E70000F8B503460A460025E4
:10173000002400200021C8E0012606FA01F5166801
:1017400006EA0504AC4273D15668022E02D05668F0
:10175000122E13D1CF0803F1200656F827004E07AA
:10176000F70E0F26BE40B0434F07FF0E1669BE406E
:101770003043CF0803F1200646F8270018684F00D1
:101780000326BE40B043167906F003064F00BE4064
:10179000304318605668012E08D05668022E05D0D6
:1017A0005668112E02D05668122E13D198684F0039
:1017B0000326BE40B0434F00D668BE403043986019
:1017C000586801268E40B0431679C6F300168E4045
:1017D00030435860D8684F000326BE40B0434F00E6
:1017E0009668BE403043D860566806F08056B6F121
:1017F000805F69D100BF00260096364E366846F4F9
:101800008046344F3E603E46366806F48046009679
:1018100000BF00BF304E8F0856F827008E07370FE5
:101820000F26BE40B0432D4EB34202D1002610E039
:101830004AE02B4EB34201D101260AE0294EB342C1
:1018400001D1022605E0284EB34201D1032600E073
:1018500007268F073F0FBE4030431F4E8F0846F8C4
:101860002700224E3068A043566806F48036B6F54D
:10187000803F00D120431D4E3060361D3068A043AC
:10188000566806F40036B6F5003F00D12043174EE7
:10189000361D3060361D3068A043566806F4801649
:1018A000B6F5801F00D12043104E08363060361D3B
:1018B0003068A043566806F40016B6F5001F00D144
:1018C00020430A4E0C363060491C1029FFF434AF17
:1018D000F8BD0000443802400838014000000240D2
:1018E0000004024000080240000C0240003C01409D
:1018F0000AB1816101E00B0483617047014800680F
:10190000704700000800002010B50D48006840F442
:1019100000700B4908600846006840F48060086069
:101920000846006840F480700860032000F07CF8EE
:101930000F2000F007F800F02BF8002010BD000089
:10194000003C024070B504460E4800784FF47A71AE
:10195000B1FBF0F00C490968B1FBF0F5284600F046
:101960005DFD08B1012070BD102C07D20022214678
:10197000501E00F01BF80548046001E00120F2E76A
:101980000020F0E710000020000100200C000020E3
:10199000704700BF00F01F020121914042099200F0
:1019A00002F1E022C2F8001100BF70472DE9F05F9C
:1019B00080460D461646002702F002F807463946D3
:1019C0002A46334601F00700C0F1070ABAF1040FB6
:1019D00002D94FF0040A01E0C0F1070AD14600F134
:1019E000040ABAF1070F02D24FF0000A01E0A0F199
:1019F000030AD4464FF0010A0AFA09FAAAF1010AC9
:101A00000AEA020A0AFA0CFA4FF0010B0BFA0CFB75
:101A1000ABF1010B0BEA030B4AEA0B0421464046EB
:101A200001F0D6FFBDE8F09F00BF00F00702064BB3
:101A300019684FF6FF031940044B0B4343EA022198
:101A4000014B196000BF70470CED00E00000FA0583
:101A500070B504460D460CB9012070BD58480068A9
:101A600000F00700A84209D255490D7008460068E9
:101A700000F00700A84201D00120EEE7207800F036
:101A8000020002281DD1207800F00400042805D1AE
:101A90004C48006840F4E0504A490860207800F063
:101AA0000800082805D14748006840F460404549CF
:101AB00008604448006820F0F000A16808434149EC
:101AC0000860207800F00100A8B36068012807D101
:101AD0003C4808380068C0F34040B8B90120BCE772
:101AE0006068022802D06068032807D135480838AA
:101AF0000068C0F3406048B90120AEE731480838BB
:101B00000068C0F3400008B90120A6E72D4800682E
:101B100020F00300616808432A490860FFF7EEFEE1
:101B2000064609E0FFF7EAFE801B41F28831884251
:101B300002D9032091E707E02248006800F00C007A
:101B40006168B0EB810FEDD11D48006800F007001F
:101B5000A84209D91A490D700846006800F007002C
:101B6000A84201D0012078E7207800F00400042882
:101B700007D11448006820F4E050E1680843114997
:101B80000860207800F00800082808D10D48006897
:101B900020F46040216940EAC1000A49086000F071
:101BA0003DF808490968C1F30311074A515CC84070
:101BB000064908600F20FFF7C5FE00204DE7000032
:101BC000003C02400838024098F100080001002063
:101BD00001480068704700000001002000B5FFF7D1
:101BE000F7FF04490968C1F38221034A515CC840E8
:101BF00000BD000008380240A8F1000800B5FFF75A
:101C0000E7FF04490968C1F34231034A515CC84007
:101C100000BD000008380240A8F100082DE9F04797
:101C2000002400250026A1462548006800F00C008D
:101C300020B1042805D008283AD105E0DFF88490C7
:101C400039E0DFF8849036E01D48001F006800F09E
:101C50003F041B48001F006800F4800078B11A4858
:101C60001749091F0968C1F38811A0FB01700146DB
:101C7000224600233846FEF721FB05460EE01148B8
:101C80000F49091F0968C1F38811A0FB01700146C3
:101C9000224600233846FEF711FB05460848001F80
:101CA0000068C0F30140401C4600B5FBF6F902E0B5
:101CB000DFF8109000BF00BF4846BDE8F087000085
:101CC000083802400024F40040787D01F8B504464D
:101CD0000025207800F00100002874D0F748006843
:101CE00000F00C0004280DD0F448006800F00C004F
:101CF000082813D1F148001F006800F48000B0F5F7
:101D0000800F0BD1ED4808380068C0F34040002830
:101D100059D06068002856D10120F8BD00BF606826
:101D2000B0F5803F08D1E5480838006840F48030BD
:101D3000E249083908601EE06068B0F5A02F0DD1B7
:101D4000DE480838006840F48020DC490839086023
:101D50000846006840F4803008600CE0D748083836
:101D6000006820F48030D5490839086008460068CA
:101D700020F48020086000BF606890B1FFF7BEFDCE
:101D8000054606E0FFF7BAFD401B642801D9032091
:101D9000C3E7CA4808380068C0F340400028F1D0C3
:101DA00011E0FFF7ABFD054606E0FFF7A7FD401B7E
:101DB000642801D90320B0E7C04808380068C0F3A0
:101DC00040400028F1D1207800F0020002285FD1C5
:101DD000BA48006800F00C0058B1B848006800F03C
:101DE0000C0008281CD1B548001F006800F48000D2
:101DF000B0B9B24808380068C0F3400020B1E068CC
:101E0000012801D0012088E7AC480838006820F09C
:101E1000F800216940EAC100A8490839086037E0A4
:101E2000E06800B30120A6490860FFF767FD05469A
:101E300006E0FFF763FD401B022801D903206CE791
:101E40009E4808380068C0F340000028F1D09B4845
:101E50000838006820F0F800216940EAC10097497D
:101E60000839086014E0002095490860FFF746FD36
:101E7000054606E0FFF742FD401B022801D903207A
:101E80004BE78E4808380068C0F340000028F1D1C5
:101E9000207800F0080008282CD16069A8B1012042
:101EA00088490860FFF72AFD054606E0FFF726FD92
:101EB000401B022801D903202FE780486C300068BE
:101EC000C0F340000028F1D014E000207D490860F4
:101ED000FFF714FD054606E0FFF710FD401B022842
:101EE00001D9032019E775486C300068C0F3400041
:101EF0000028F1D1207800F00400042870D10026D9
:101F00006E483830006800F0805090B900BF002063
:101F100000906A483830006840F080506749383196
:101F200008600846006800F08050009000BF00BFC5
:101F300001266548006800F48070B0B96248006806
:101F400040F4807060490860FFF7D8FC054606E061
:101F5000FFF7D4FC401B022801D90320DDE65A48D4
:101F6000006800F480700028F2D000BFA06801284B
:101F700008D152486830006840F001004F4968318C
:101F800008601DE0A06805280DD14C486830006845
:101F900040F004004949683108600846006840F094
:101FA000010008600CE045486830006820F001003E
:101FB0004249683108600846006820F00400086063
:101FC00000BFA068A8B1FFF799FC054609E0FFF73C
:101FD00095FC401B41F28831884202D903209CE6DF
:101FE00026E0364868300068C0F340000028EED094
:101FF00013E0FFF783FC054608E0FFF77FFC401B7A
:1020000041F28831884201D9032086E62B486830A6
:102010000068C0F340000028EFD1012E07D1274807
:102020003830006820F0805024493831086000BF03
:10203000A069D8B32148006800F00C00082861D0DE
:10204000A069022849D100201D490866FFF756FC07
:10205000054606E0FFF752FC401B022801D9032089
:102060005BE6164808380068C0F340600028F1D1EC
:10207000D4E907010843616A40EA81110122A06A9C
:10208000C2EB500041EA00412C20005D41EA0061B2
:102090003020005D41EA00700849091F08600120F6
:1020A00007490866FFF72AFC05460FE02CE0FFF71A
:1020B00025FC401B022809D903202EE608380240DF
:1020C00000004742800E4742007000400F48006801
:1020D000C0F340600028EAD016E000200C490866F2
:1020E000FFF70CFC054606E0FFF708FC401B022842
:1020F00001D9032011E605480068C0F340600028BC
:10210000F2D101E0012008E6002006E60038024096
:102110000000474210B504460CB9012010BD606AAA
:1021200000B900BFA06AB0F5005F00D100BF94F80D
:10213000510028B9002084F85000204600F03AF8F9
:10214000022084F851002068006820F040002168D7
:102150000860D4E901010843E168084321690843A4
:1021600061690843218B01F400710843E169084368
:10217000216A0843A16A0843216808600421A06914
:1021800001EA1040616A084321684860A06AB0F51E
:10219000005F02D12168E06A08612068C06920F40C
:1021A00000602168C86100206065012084F851004A
:1021B0000020B3E710B586B00446142101A8FEF74D
:1021C000C7F81B49206888422FD100BF002000902B
:1021D0001848006840F480501649086008460068B6
:1021E00000F48050009000BF00BF00BF00200090AE
:1021F00010481438006840F001000E491439086096
:102200000846006800F00100009000BF00BFE02019
:1022100001900220029000200390032004900520EA
:10222000059001A90448FFF77FFA06B010BD000031
:102230000030014044380240000002402DE9F843DC
:1022400004460D4617461E464FF00008C14600BF23
:1022500094F85000012802D10220BDE8F883012043
:1022600084F8500000BFFFF749FB804694F8510006
:10227000012802D04FF00209C6E005B117B94FF0AE
:102280000109C1E0032084F8510000206065256346
:10229000A786E786A063A087E08760642064A068C3
:1022A000B0F5004F05D12068006840F480402168F7
:1022B0000860A06AB0F5005F0ED100BF206800681A
:1022C0004DF6FF710840216808602068006840F4FE
:1022D00000502168086000BF2068006800F04000DE
:1022E000402805D02068006840F040002168086060
:1022F000E068B0F5006F2AD1606810B1E08E012867
:1023000006D128882168C860AD1CE08E401EE0869A
:1023100019E02068806800F00200022807D12888B0
:102320002168C860AD1CE08E401EE0860BE03EB127
:10233000701C40B1FFF7E2FAA0EB0800B04202D3F4
:102340004FF0030960E0E08E0028E2D129E06068E8
:1023500010B1E08E012806D12878216808736D1C21
:10236000E08E401EE08619E02068806800F00200E0
:10237000022807D12878216808736D1CE08E401E62
:10238000E0860BE03EB1701C40B1FFF7B7FAA0EB5E
:102390000800B04202D34FF0030935E0E08E002878
:1023A000E2D13346012202212046CDF8008001F01F
:1023B00069FB10B14FF0030926E042463146204642
:1023C00001F04CFB20B14FF00109202060651BE0BB
:1023D000A06850B900BF002000902068C06800903D
:1023E00020688068009000BF00BFA06AB0F5005F61
:1023F00005D12068006840F4805021680860606D55
:1024000008B14FF0010900BF012084F8510000BF5E
:10241000002084F8500000BF48461EE770B504460F
:102420002546681EB0F1807F01D301200FE0681EB1
:102430004FF0E02148610F214FF0FF3001F0C8FA62
:1024400000204FF0E021886107200861002070BD66
:102450007047000038B50446204600F061F800F0EF
:10246000010050B100BF002000902068006800907B
:1024700020684068009000BF32E0204600F050F82D
:1024800000F0020050B100BF0020009020680068FA
:10249000009020684068009000BF21E0204600F0D6
:1024A0003FF800F0040050B100BF00200090206809
:1024B0000068009020684068009000BF10E020464F
:1024C00000F02EF800F0080050B100BF002000908E
:1024D00020680068009020684068009000BF00BF3E
:1024E00009492068884205D101220849084800F0BE
:1024F000A5FA08E007492068884204D1012206496C
:10250000064800F09BFA38BD00100140180000207A
:1025100070010020004400401C0000207C020020CC
:102520000146086C704701460022002391F83D20C7
:1025300091F83E3042EA0300704700002DE9F84F61
:102540000446206805682068C668206847694FF01F
:102550000009CA4605F00F09B9F1000F0AD105F0CC
:10256000200038B106F0200020B1204601F03AFCEE
:10257000BDE8F88FB9F1000F7BD007F0010018B962
:1025800006F49070002874D005F0010030B106F414
:10259000807018B1206C40F00100206405F0040048
:1025A00030B107F0010018B1206C40F00200206447
:1025B00005F0020030B107F0010018B1206C40F0C6
:1025C0000400206405F0080048B106F0200010B9AE
:1025D00007F0010018B1206C40F008002064206C66
:1025E000002845D005F0200028B106F0200010B1E9
:1025F000204601F0F7FB20684069C0F3801A206C88
:1026000000F0080010B9BAF1000F2CD0204601F0FC
:10261000A3FB2068406900F0400000B300BF00BF8A
:102620002168143151E8001F21F040002168143165
:1026300041E80002002AF3D100BFA06B50B18748E7
:10264000A16B0865A06BFFF75AF888B1A06B016D0C
:1026500088470DE02046FFF7FDFE09E009E020462F
:10266000FFF7F8FE04E02046FFF7F4FE00202064A8
:102670007EE7206B012877D105F01000002873D089
:1026800006F010000028FAD000BF0020009020685B
:102690000068009020684068009000BF00BF20687C
:1026A000406900F04000E8B3A06B006840681FFA82
:1026B00080F8B8F1000F56D0A08D404553DDA4F846
:1026C0002E80A06BC069B0F5807F45D000BF00BFF1
:1026D00021680C3151E8001F21F4807021680C3111
:1026E00041E80002002AF3D100BF00BF00BF21680B
:1026F000143151E8001F21F001002168143141E834
:102700000002002AF3D100BF00BF00BF21681431CE
:1027100051E8001F21F040002168143141E8000217
:10272000002A00E021E0F1D100BF202084F83E0023
:102730000020206300BF00BF21680C3151E8001F5A
:1027400021F0100021680C3141E80002002AF3D189
:1027500000BFA06BFEF77EFFA08DE28D801A81B2D4
:102760002046FFF775FE03E740E0A08DE18D401A9B
:102770001FFA80F8E08DC0B3B8F1000F35D000BF6C
:1027800000BF21680C3151E8001F21F490702168CE
:102790000C3141E80002002AF3D100BF00BF00BFA6
:1027A0002168143151E8001F21F001002168143123
:1027B00041E80002002AF3D100BF202084F83E0047
:1027C0000020206300BF00BF21680C3151E8001FCA
:1027D00021F0100021680C3141E80002002AF3D1F9
:1027E00000BF41462046FFF733FEC1E605F010006A
:1027F000E8B106F01000D0B12068C06820F01000E9
:102800002168C860204600F02BF800BF002000902F
:1028100020680068009020684068009000BF00BFFA
:102820002068C06840F010002168C860A0E605F08C
:10283000800030B106F0800018B1204601F087FC1E
:1028400096E605F0400030B106F0400018B1204691
:1028500001F0B8FA8CE600BF8AE60000453D0008AA
:1028600038B504460E492068884218D00D492068C2
:10287000884214D10C480088012810DB69460B48B7
:10288000006804F0A3F900BF009838B14FF0805001
:1028900007490860BFF34F8FBFF36F8F00BF38BD8C
:1028A00000100140004400401E000020B000002045
:1028B00004ED00E010B504460CB9012010BDA0697C
:1028C00000B100E000BF94F83D0028B9002084F872
:1028D0003C00204600F028F8242084F83D002068C1
:1028E000C06820F400502168C860204601F0F6FA64
:1028F0002068006920F490402168086120684069E0
:1029000020F02A00216848612068C06840F4005027
:102910002168C86000202064202084F83D0084F8ED
:102920003E000020CAE7000010B586B0044614211E
:1029300001A8FDF70DFD3D492068884231D100BF57
:10294000002000903A48006840F0010038490860D3
:102950000846006800F00100009000BF00BF00BF03
:102960000020009032481430006840F010003049D8
:10297000143108600846006800F01000009000BFA5
:1029800000BF4FF4C060019002200290002003902D
:10299000032004900720059001A92648FEF7C4FEF5
:1029A00041E02549206888423DD100BF00200090C9
:1029B0001F48006840F001001D4908600846006893
:1029C00000F00100009000BF00BF00BF0020009099
:1029D00017481030006840F4003015491031086085
:1029E0000846006800F40030009000BF00BF0420DB
:1029F0000190022002900120039003200490072000
:102A0000059001A90B48FEF78FFE0820019001A94F
:102A10000848FEF789FE2620FEF7BBFF00220D21A5
:102A20002620FEF7C3FF06B010BD000000100140D5
:102A300030380240000002400044004070B50446B7
:102A40000D46164694F83E00202816D105B10EB961
:102A5000012070BD00BF94F83C00012801D1022084
:102A6000F7E7012084F83C0000BF002020633246D5
:102A70002946204601F048FBEBE70220E9E7000089
:102A800010B5164A0168914211D115490A781549C5
:102A90000B880988491C134C21801349CA542146CC
:102AA0000988C72918DD00212246118014E00F4A49
:102AB0000168914210D10E490B780E490A880988A5
:102AC000491C0C4C21800C498B5421460988C7298C
:102AD00002DD00212246118010BD000000100140DF
:102AE000180000201A000020B4010020004400401B
:102AF0001C0000201E000020C00200202DE9F84F1D
:102B000004460E46174699464FF0000A94F83D00D9
:102B100020285AD106B117B90120BDE8F88F00BFAF
:102B200094F83C00012801D10220F6E7012084F846
:102B30003C0000BF00202064212084F83D00FEF707
:102B4000DDFE8246A784E784A068B0F5805F04D1EB
:102B5000206910B90025B04602E035464FF0000864
:102B600000BF002084F83C0000BF1BE05346002259
:102B700080212046CDF8009001F019FB08B1032018
:102B8000CBE745B9B8F80000C0F3080021684860F9
:102B900008F1020803E02878216848606D1CE08C89
:102BA000401EE084E08C0028E0D153460022402102
:102BB0002046CDF8009001F0FAFA08B10320ACE706
:102BC000202084F83D000020A7E70220A5E77047F9
:102BD00000BFFEE700B587B000BF002001901E488F
:102BE000006840F001001C4908600846006800F0D9
:102BF0000100019000BF00BF00BF00200190084607
:102C0000006840F0020008600846006800F002001A
:102C1000019000BF00BF88150290012003900020A2
:102C200004900320059002A90C48FEF77DFD2020AA
:102C3000029001200390002004900320059002A937
:102C40000748FEF771FD00224FF480710348FEF73C
:102C50004FFE07B000BD00003038024000000240C7
:102C60000004024070B5064616484088401E83B2F4
:102C700014480088401E82B20021084600F050FA35
:102C800000224FF400411048FEF732FE01225103AA
:102C90000D48FEF72DFE00240AE0002503E0304633
:102CA00000F056FE6D1C07480088A842F7D8641C47
:102CB00004484088A042F0D80122D1030248FEF720
:102CC00017FE70BD60010020000402402DE9F843AA
:102CD00004460D4616461F46DDF820803B46324628
:102CE00029462046CDF8008000F088F8BDE8F8833A
:102CF0002DE9FF4F85B081468A460020049003905D
:102D00000798A0EB09050898A0EB0A06CDF80890F3
:102D1000CDF804A0002D01DD012705E00DB9002745
:102D200002E04FF0FF376D42002E02DD4FF0010848
:102D300006E016B94FF0000802E04FF0FF38764287
:102D4000B54201DD2C4600E034464FF0000B21E097
:102D5000019A91B2029A90B200F022F804982844A5
:102D600004900398304403900498A04205DD049831
:102D7000001B04900298384402900398A04205DD9D
:102D80000398001B03900198404401900BF101004F
:102D90001FFA80FB601C8345DADD09B0BDE8F08FC7
:102DA00070B504460D462946204600F0AFF90248AA
:102DB000008800F0CDFD70BD120000202DE9F0412B
:102DC00004460D4616461F462B46324629462046E7
:102DD000FFF78EFF3B46224629462046FFF788FF35
:102DE0003B46324639462046FFF782FF3B46324695
:102DF00029463046FFF77CFFBDE8F0812DE9F05F02
:102E000004460D4616461F46301B401C1FFA80FA2A
:102E1000781B401C1FFA80FB3B4632462946204661
:102E200000F07EF94FF000080FE04FF0000906E0D7
:102E30000A9800F08DFD09F101001FFA80F9D145D3
:102E4000F6DB08F101001FFA80F8D845EDDB0748F2
:102E50004088401E83B205480088401E82B200218F
:102E6000084600F05DF9BDE8F09F00006001002019
:102E700000B587B0142102A8FDF76AFA00BF002050
:102E800001902448006840F002002249086008468A
:102E9000006800F00200019000BF00BF00BF0020EA
:102EA00001900846006840F0040008600846006889
:102EB00000F00400019000BF00BF00224FF4405119
:102EC0001548FEF715FD00224FF400411248FEF7A9
:102ED0000FFD00224FF480410F48FEF709FD4FF42B
:102EE000E04002900120039000200490059002A988
:102EF0000948FEF719FC4FF40040029001200390AE
:102F000000200490059002A90348FEF70DFC07B0CD
:102F100000BD0000303802400004024010B500F04F
:102F200075FDFFF7A5FF00F0DBF8F72000F0FCF9D6
:102F3000A92000F0DBF9512000F0D8F92C2000F096
:102F4000D5F9822000F0D2F9C02000F0EDF911206F
:102F500000F0CCF9092000F0C9F9C12000F0E4F933
:102F6000412000F0C3F9C52000F0DEF9002000F098
:102F7000BDF90A2000F0BAF9802000F0B7F9B120BD
:102F800000F0D2F9B02000F0B1F9112000F0AEF954
:102F9000B42000F0C9F9022000F0A8F9B62000F032
:102FA000C3F9022000F0A2F9422000F09FF9B720F7
:102FB00000F0BAF9C62000F099F9BE2000F0B4F98B
:102FC000002000F093F9042000F090F9E92000F0CF
:102FD000ABF9002000F08AF9362000F0A5F968204E
:102FE00000F084F93A2000F09FF9662000F07EF9A5
:102FF000E02000F099F9002000F078F9072000F0B7
:1030000075F9102000F072F9092000F06FF917200F
:1030100000F06CF90B2000F069F9412000F066F92E
:10302000892000F063F94B2000F060F90A2000F0DD
:103030005DF90C2000F05AF90E2000F057F9182025
:1030400000F054F91B2000F051F90F2000F04EF968
:10305000E12000F069F9002000F048F9172000F0A5
:1030600045F91A2000F042F9042000F03FF90E2043
:1030700000F03CF9062000F039F92F2000F036F975
:10308000452000F033F9432000F030F9022000F031
:103090002DF90A2000F02AF9092000F027F9322042
:1030A00000F024F9362000F021F90F2000F01EF97D
:1030B000112000F039F9782001F012FE292000F0EB
:1030C00033F9032000F060F9012211030348FEF7F1
:1030D0000FFC0020FFF7C6FD10BD000000040240F9
:1030E00010B500224FF480410748FEF701FC642030
:1030F00001F0F6FD012291030348FEF7F9FB64207D
:1031000001F0EEFD10BD00000004024070B5044661
:103110000D462B4622462946204600F001F870BD98
:103120002DE9F04104460D4616461F461149887A9E
:1031300000F0FAF8201200F0D9F8E0B200F0D6F86A
:10314000301200F0D3F8F0B200F0D0F80949087B53
:1031500000F0EAF8281200F0C9F8E8B200F0C6F86A
:10316000381200F0C3F8F8B200F0C0F800F0FAF836
:10317000BDE8F081600100202DE9FF4F85B0804659
:1031800089469246DDE912645348008801900C2C70
:1031900001D1002706E0102C01D1002702E0202CED
:1031A00000D10127A6F12000C6B204EBD47008EBD1
:1031B0006000401E82B209EB0400401E83B2494603
:1031C00040460094FFF7ACFF0C2C03D0102C01D02C
:1031D000202C6FD100256BE00C2C07D106EB4600AC
:1031E0003E4901EB8000405D039017E0102C05D1B3
:1031F0003B4800EB0610405D03900FE0202C0DD102
:10320000384800EB86116800401C085C354901EB2A
:10321000861111F8151040EA012002904FF0000BC2
:103220003FE017B1012F1ED10DE0039800F08000A0
:1032300010B10120049001E00020049003984006A2
:10324000000E03900FE0029800F4004010B101203E
:10325000049001E0002004904FF6FF71029801EA0B
:103260004000029000BF00BF049888B1149818B9BC
:10327000504600F06DFB10E01748A0F800A009EBE5
:10328000050291B208EB0B0290B2FFF789FD04E052
:10329000149810B9089800F05BFB0BF1010000F0E6
:1032A000FF0B04EBD471BBEB610FBADB681CC5B23A
:1032B000A54291DB0849019808800B484088401ED0
:1032C00083B209480088401E82B200210846FFF7F9
:1032D00027FF09B0BDE8F08F1200002050780008E9
:1032E000C47C0008B48200086001002001B50022FF
:1032F0004FF400410A48FEF7FBFA01225103084847
:10330000FEF7F6FA4FF6FF73012269460548FEF70D
:1033100095FF0122D1030248FEF7EAFA08BD00003A
:10332000000402400801002001B500224FF40041D2
:103330000A48FEF7DDFA00224FF400510748FEF775
:10334000D7FA4FF6FF73012269460548FEF776FF6C
:103350000122D1030148FEF7CBFA08BD0004024068
:103360000801002010B50249087AFFF7DDFF10BD03
:103370006001002070B505460C462846FFF7D4FFD3
:10338000E0B2FFF7B3FF70BD10B504462A20204914
:1033900048812B2088812C20088134B1012C10D049
:1033A000022C1AD0032C30D123E04FF4A07018491E
:1033B00008804FF4F070488008213620FFF7DAFFCC
:1033C00024E04FF4F070124908804FF4A070488058
:1033D00068213620FFF7CEFF18E04FF4A0700C49AB
:1033E00008804FF4F0704880C8213620FFF7C2FFF4
:1033F0000CE04FF4F070064908804FF4A07048804C
:10340000A8213620FFF7B6FF00E000BF00BF10BDC7
:103410006001002008B5002500244FF47A640020E4
:10342000FFF720FC6EE202F04DFB02F04DFB02F0D4
:103430000FFDFE48007820B1012804D0022858D1A1
:1034400055E0002555E0FA48006838B1F8480068B2
:1034500049F64041884201D2012547E0F44800681E
:1034600049F64041884209D30846012101FB040086
:10347000EF490968884201D9022537E049F6404002
:10348000012101FB0400EA49096888420AD849F68B
:103490004040022101FB0400E5490968884201D946
:1034A000032523E049F64040022101FB0400E049E6
:1034B000096888420AD849F64040032101FB04000C
:1034C000DB490968884201D904250FE049F64040EC
:1034D000032101FB0400D6490968884206D8D44874
:1034E00000684DF6C021884200D2052501E00A257A
:1034F00000BF00BF0B2D4ED2DFE805F0FE064E9751
:10350000E3FD4D4D4D4DFC004FF6FF704FF49973A8
:10351000F1224FF489710090D220FFF7D7FB0020F1
:103520004FF499734FF48C72911F0090F520FFF7C0
:10353000CDFB00204FF4997340F23F124FF4897194
:1035400000904FF48E70FFF7C1FB00204FF4997389
:103550004FF4B3724FF48971009040F24310FFF7BB
:10356000B5FB00204FF4997340F28D124FF489712E
:1035700000904FF4B570FFF7A9FB4FF4FA7002F01A
:1035800011FE00204FF49973F1224FF489710090DD
:10359000D220FFF79BFBB0E14FF6FF704FF4997319
:1035A000F1224FF489710090D220FFF78FFB4FF684
:1035B000FF704FF499734FF48C72911F0090F520B7
:1035C000FFF784FB00204FF4997340F23F124FF451
:1035D000897100904FF48E70FFF778FB00204FF454
:1035E00099734FF4B3724FF48971009040F2431015
:1035F000FFF76CFB00204FF4997340F28D124FF4EB
:10360000897100904FF4B570FFF760FB4FF4FA70CA
:1036100002F0C8FD00204FF499734FF48C72911F93
:103620000090F520FFF752FB67E14FF6FF704FF473
:103630009973F1224FF489710090D220FFF746FB75
:103640004FF6FF704FF499734FF48C72911F0090F6
:10365000F520FFF73BFB4FF6FF704FF4997340F2F4
:103660003F124FF4897100904FF48E70FFF72EFBDC
:1036700000204FF499734FF4B3724FF489710090A6
:1036800040F24310FFF722FB00204FF4997340F201
:103690008D124FF4897100904FF4B570FFF716FB4F
:1036A0004FF4FA7002F07EFD00204FF4997340F25F
:1036B0003F124FF4897100904FF48E70FFF706FBB4
:1036C0001BE14FF6FF704FF49973F1224FF48971AB
:1036D0000090D220FFF7FAFA4FF6FF704FF499737B
:1036E0004FF48C72911F0090F520FFF7EFFA4FF620
:1036F000FF7002E084E035E0C6E04FF4997340F2D9
:103700003F124FF4897100904FF48E70FFF7DEFA8C
:103710004FF6FF704FF499734FF4B3724FF4897101
:10372000009040F24310FFF7D1FA00204FF4997354
:1037300040F28D124FF4897100904FF4B570FFF78D
:10374000C5FA4FF4FA7002F02DFD00204FF4997382
:103750004FF4B3724FF48971009040F24310FFF7B9
:10376000B5FACAE04FF6FF704FF49973F1224FF4A7
:1037700089710090D220FFF7A9FA4FF6FF704FF43D
:1037800099734FF48C72911F0090F520FFF79EFA09
:103790004FF6FF704FF4997340F23F124FF4897166
:1037A00000904FF48E70FFF791FA4FF6FF704FF4D0
:1037B00099734FF4B3724FF48971009040F2431043
:1037C000FFF784FA4FF6FF704FF4997340F28D12B1
:1037D0004FF4897100904FF4B570FFF777FA4FF40A
:1037E000FA7002F0DFFC00204FF4997340F28D1262
:1037F0004FF4897100904FF4B570FFF767FA7CE0E1
:103800004FF6FF704FF49973F1224FF489710090D5
:10381000D220FFF75BFA4FF6FF704FF499734FF425
:103820008C72911F0090F52004E00000EC00002055
:10383000DC000020FFF74AFA4FF6FF704FF499734F
:1038400040F23F124FF4897100904FF48E70FFF7F1
:103850003DFA4FF6FF704FF499734FF4B3724FF483
:103860008971009040F24310FFF730FA4FF6FF7075
:103870004FF4997340F28D124FF4897100904FF418
:10388000B570FFF723FA38E000204FF49973F12266
:103890004FF489710090D220FFF718FA00204FF4FE
:1038A00099734FF48C72911F0090F520FFF70EFA78
:1038B00000204FF4997340F23F124FF48971009049
:1038C0004FF48E70FFF702FA00204FF499734FF413
:1038D000B3724FF48971009040F24310FFF7F6F98C
:1038E00000204FF4997340F28D124FF489710090CB
:1038F0004FF4B570FFF7EAF900BF00BF4FF4FA705C
:1039000002F050FC8FE5000000B587B000BF00203A
:1039100001900D48006840F004000B49086008461B
:10392000006800F00400019000BF00BF4FF4E07099
:1039300002900120039004900320059002A90348FF
:10394000FDF7F2FE07B000BD30380240000802402B
:1039500010B50446F82101EA2420FFF7C7FCFC213A
:1039600001EAE400FFF7C2FCE106080EFFF7BEFC27
:1039700010BD000010B50D480D4908604FF48030AF
:10398000486000210A488160C16001614161816134
:103990000121C16100210162416206498162002169
:1039A000C1620163FDF710FD10BD00000020014061
:1039B0001C3101200100000F00BFFEE7704700002E
:1039C00002480068C0F30220704700000CED00E0E0
:1039D00010B5002807DA0A07140E054A00F00F0395
:1039E0001B1FD45403E00A07130E024A135410BDE0
:1039F00018ED00E000E400E010B5012220210248AB
:103A0000FDF776FF10BD00000004024010B5012252
:103A1000D1030F48FDF76CFF0E480F4908604FF4C3
:103A20008270486000210C488160C1600161416181
:103A30004FF4007181610021C161016241628162C4
:103A40000A21C162FEF766FB08B1FDF721FA10BD3D
:103A5000000402400030014008010020F8B504468F
:103A60000D4616462B46002280212046009600F087
:103A700009F828B1606D40F0200060650320F8BDB2
:103A80000020FCE72DE9F04104460E4617461D468E
:103A9000DDF818803FE0681CE0B32DB1FDF72EFF84
:103AA000A0EB0800A84236D32068406820F0E00070
:103AB000216848606068B0F5827F0DD1A068B0F5DC
:103AC000004F03D0A068B0F5806F05D12068006872
:103AD00020F0400021680860A06AB0F5005F0ED1B8
:103AE00000BF206800684DF6FF710840216808603B
:103AF0002068006840F400502168086000BF012081
:103B000084F8510000BF002084F8500000BF03205B
:103B1000BDE8F081FFE7206880683040B04201D105
:103B2000012000E00020B842B5D10020F0E70000FD
:103B30002DE9FF4F83B006460F469146DDE9114857
:103B4000109DB2464FF0000B5FE0BBF1000F2ED18D
:103B500004EBD4712F4A1288A2EB6101B14204DB5D
:103B60002C494988091BB94202DA07B0BDE8F08F39
:103B70002878802802DD4FF0010B46E028780D28D8
:103B800004D1381987B256466D1C0EE028788DE8AE
:103B900011014A4639463046069BFFF7EDFA2046AA
:103BA00004EBD07106EB61018EB26D1C2DE019485B
:103BB0000088001BB04204DB16484088001BB84256
:103BC00000DAD2E74FF0000B202C08D1CDE90058E5
:103BD0004A4639463046069BFDF76EFA12E0182C2D
:103BE00008D1CDE900584A4639463046069BFDF7D4
:103BF000D7F907E0CDE900584A4639463046069BDA
:103C0000FDF74AF9AD1C301986B2287800289CD1FE
:103C100000BFAAE7600100202DE9F04393B00446FD
:103C20000D4616469846002700BF00200090274802
:103C3000006840F08050254908600846006800F0A0
:103C40008050009000BF00BF012006900004079044
:103C500002200C9041050D910E950F941096CDF811
:103C6000448006A8FEF732F807460FB100BFFEE712
:103C70000F20019002200290002003904FF480500A
:103C8000049000200590032101A8FDF7E1FE0746FE
:103C90000FB100BFFEE7FDF79BFF4FF47A71B0FB59
:103CA000F1F94846FEF7BAFBFDF792FF4FF47A713F
:103CB000B0FBF1F94846FEF7B1FB00221146501E59
:103CC000FDF774FE13B0BDE8F083000040380240F9
:103CD00010B503F005FA012801D002F047FD10BD30
:103CE0001448006840F470001249086012480068E7
:103CF00040F001001049086000200F4908310860B9
:103D00000D4800680D4908400B4908600C48091D22
:103D10000860081F006820F48020091F0860002048
:103D200005490C3108604FF0006002498039086095
:103D30007047000088ED00E000380240FFFFF6FE0B
:103D40001030002470B50546AC6B0020E085E0849F
:103D50002046FEF77FFB70BD00BF00BF02680C323B
:103D600052E8002F22F4907102680C3242E80013EE
:103D7000002BF3D100BF00BF00BF0268143252E82D
:103D8000002F22F001010268143242E80013002BD8
:103D9000F3D100BF016B01290ED100BF00BF026843
:103DA0000C3252E8002F22F0100102680C3242E877
:103DB0000013002BF3D100BF202180F83E1000211A
:103DC0000163704710B504462068C06820F04000C9
:103DD0002168C860202084F83D002046FEF7F7FEE9
:103DE000002010BDF8B5044694F83E00222873D197
:103DF000A068B0F5805F0CD1206950B90025A66A93
:103E000020684068C0F308003080A06A801CA0626F
:103E100015E0A56A0026A068B0F5805F03D0A06811
:103E200028B9206918B920684068287004E0206823
:103E3000406800F07F002870A06A401CA062E08DFE
:103E4000401E80B2E085002844D12068C06820F080
:103E500020002168C8602068C06820F48070216854
:103E6000C8602068406920F0010021684861202076
:103E700084F83E00206B012826D10020206300BF7B
:103E800000BF21680C3151E8001F21F010002168AB
:103E90000C3141E80002002AF3D100BF206800681D
:103EA00000F0100010280AD100BF00200090206808
:103EB0000068009020684068009000BF00BFA18D9E
:103EC0002046FEF7C5FA02E02046FEF7D9FD0020A5
:103ED000F8BD01E00020FBE70220F9E72DE9F84FEB
:103EE00004462068006920F44050E16808432168D6
:103EF00008612169A068084361690843E1690843D2
:103F000000902068C06849F20C618843009908431A
:103F10002168C8602068406920F44070A1690843A6
:103F20002168486176492068884203D07549206835
:103F3000884203D1FDF762FE814602E0FDF74EFEA6
:103F40008146E069B0F5004F6CD102206168A0FBAA
:103F5000015003461920A9FB007001462A46384645
:103F6000FCF7ACF96421B0FBF1F04FEA001A022033
:103F70006168A0FB01510B461920A9FB00712A467C
:103F80003846FCF79BF9834602206168A0FB01508C
:103F900003461920A9FB00712A463846FCF78EF922
:103FA0006421B0FBF1F000EBC00101EB0010ABEBC2
:103FB0008000322101EBC0006421B0FBF1F000F081
:103FC000F8000AEB400A02206168A0FB015003469A
:103FD0001920A9FB007001462A463846FCF76EF905
:103FE000834602206168A0FB015003461920A9FB0B
:103FF00000712A463846FCF761F96421B0FBF1F004
:1040000000EBC00101EB0010ABEB8000322101EBB3
:10401000C0006421B0FBF1F000F0070050442168BB
:1040200088606AE004206168A0FB01500346192003
:10403000A9FB007001462A463846FCF73FF9824644
:1040400004206168A0FB015003461920A9FB007001
:1040500001462A463846FCF731F96421B0FBF1F0FD
:1040600000EBC00101EB0010AAEB8000322101EB54
:1040700000106421B0FBF1F000F0F00A0420616848
:10408000A0FB017003461920A9FB00513A462846BF
:10409000FCF714F96421B0FBF1F00AEB001A0420DC
:1040A0006168A0FB01510B461920A9FB00712A464B
:1040B0003846FCF703F9834604206168A0FB0150F1
:1040C00003461920A9FB007001462A463846FCF732
:1040D000F5F86421B0FBF1F000EBC00101EB00103A
:1040E000ABEB8000322101EB00106421B0FBF1F05A
:1040F00000F00F00504421688860BDE8F88F000090
:10410000001001400014014010B5034699629A85E1
:10411000DA8500201864222083F83E0000BF0020CA
:1041200083F83C0000BF1868C06840F480701C68C9
:10413000E0601868406940F001001C686061186820
:10414000C06840F020001C68E060002010BD0146FF
:1041500091F83D00212828D18868B0F5805F0BD107
:10416000086948B90A6A1088C0F308000B685860EB
:10417000086A801C086205E00B6A581C08621878FF
:104180000B685860C88C401E80B2C88458B9086853
:10419000C06820F080000B68D8600868C06840F0F4
:1041A00040000B68D860002070470220FCE72DE932
:1041B000F04104460D4617469846069E34E0701CB2
:1041C00088B32EB1FDF79AFBA0EB0800B0422BD9C3
:1041D00000BF00BF21680C3151E8001F21F4D070EE
:1041E00021680C3141E80002002AF3D100BF00BF72
:1041F00000BF2168143151E8001F21F0010021683F
:10420000143141E80002002AF3D100BF202084F8D5
:104210003D0084F83E0000BF002084F83C0000BF51
:104220000320BDE8F081FFE7206800682840A8422D
:1042300001D1012000E00020B842C0D00020F0E70A
:1042400010B50848084908604FF4E1304860002183
:1042500005488160C160016181610C214161FEF707
:1042600029FB10BD001001407001002070B5002432
:104270000F4D1048FEF762F900BF03E0641CAC422A
:1042800000D904E00B48FEF74EF92028F6D100BF14
:10429000002403E0641CAC4200D906E00122064978
:1042A0000448FEF7CBFB0028F4D100BF70BD00002E
:1042B000FFFF01007C0200201C00002000B587B039
:1042C000142102A8FCF744F800BF00200190244804
:1042D000006840F00100224908600846006800F0CC
:1042E0000100019000BF00BF102002900120039048
:1042F00000200490059002A91A48FDF715FA002243
:1043000010211848FDF7F4FA1748184908604FF4CF
:10431000E1304860002115488160C1600161816120
:104320000C214161FEF7C6FA012211490F48FEF740
:1043300085FB00BF002001900C48006800680190D8
:104340000A4800684068019000BF00BF0748006845
:10435000C06840F0100005490968C86007B000BD9A
:104360003038024000000240004400407C0200203F
:104370001C00002000BFFEE70FB4054B10B503A9D9
:10438000044A029800F004F910BC5DF814FB000028
:104390006D4D0008040100200FB4084B10B504A9AE
:1043A00002AA039800F0F4F8044602A9002000F0E5
:1043B00091FC204610BC5DF814FB0000D54C0008B1
:1043C0007CB5044600201D46164600290BD0491E28
:1043D000CDE90041044B6A462946304600F0D8F842
:1043E000009A002111707CBDBF4C000802E008C893
:1043F000121F08C1002AFAD170477047002001E05F
:1044000001C1121F002AFBD1704700002DE9FF5F98
:1044100082B00021DDE90430020DDDF840B0034335
:1044200018D044F61050A2F2FF32424315141198EE
:1044300001281FD0A5EB0B00401C5FEA000A4FF0DB
:1044400000064E4FDFF83891B046504615D5CAF1F8
:10445000000413E0119801244AA3012801D16FEA56
:104460000B010298119AC0E90031C0E9024206B07E
:10447000BDE8F09FCBF10000DFE704460021404A91
:10448000491842EB0450CDE9001012E0E00707D0D4
:1044900032463B4640464946FBF765FF8046894623
:1044A00032463B4610461946FBF75DFF06460F466F
:1044B0006410002CEAD1DDE90401DDE90023BAF142
:1044C000000F06DAFBF74FFF42464B46FBF74BFF68
:1044D00005E0FCF759F942464B46FCF755F904460E
:1044E0000E460022284BFCF7D7F903D84FF0FF30D7
:1044F000014607E00022254B20463146FCF79DF897
:10450000FCF7B1F9102409E0002C0ADB0A22002391
:10451000FBF7D4FE039B30321A55641E50EA0102A9
:10452000F2D1641C039AC4F111031444119A012AB4
:1045300003D0012208430DD10AE0084304D0002033
:104540004FF0110B119072E7A3EB0B056D1E0DE000
:104550005B4504DD4FF0000205F1010504E003DADC
:104560004FF00002A5F10105002AECD00298119944
:10457000C0E90231C0E9004579E7000000001440BD
:104580000000F03F300000000000F0430000E03F7A
:104590002DE9FF4F95B09B468946064600250FE260
:1045A000252877D100242746F84A0121059400E008
:1045B000044316F8013F203B01FA03F01042F7D103
:1045C00030782A2811D06FF02F033078A0F1300214
:1045D000092A16D8059A44F0020402EB820203EB82
:1045E00042021044761C0590EFE759F8042B05921F
:1045F000002A03DA504244F40054059044F00204C7
:10460000761C30782E2816D116F8010F44F00404D9
:104610002A280DD06FF02F023078A0F13003092B3B
:1046200009D807EB870302EB4303C718761CF3E7AF
:1046300059F8047B761C30786C280FD006DC4C28A7
:1046400017D068280DD06A2814D104E0742810D03F
:104650007A280FD10DE044F400140AE044F48014E9
:1046600001E044F440147278824202D104F58014CF
:10467000761C761C307866280BD013DC582877D04F
:1046800009DC002875D04528F6D04628F4D0472804
:104690001AD19DE118E0632835D0642879D06528C7
:1046A00012D195E1702873D008DC6728F1D0692811
:1046B0006FD06E280DD06F2806D1B5E073282CD0AE
:1046C000752875D0782874D05A46179990476D1C74
:1046D00075E1C4F30250022809D003280DD0D9F89F
:1046E000001004280DD00D6009F1040967E1D9F824
:1046F0000010EA17C1E90052F6E7D9F800100D8062
:10470000F2E70D70F0E719F8041B8DF80010002097
:104710008DF80100EA46012003E059F804AB4FF0A0
:10472000FF3061074FF0000102D40DE008F10101F4
:104730008846B9420FDA8045F8DB1AF808100029DC
:10474000F4D108E008F1010188468142FADB1AF849
:1047500008100029F6D105985B46A0EB0807214612
:104760003846179A00F094FA284400EB080507E051
:104770004DE029E10DE01AF8010B5A4617999047D0
:10478000B8F10108F7D25B4621463846179A13E183
:1047900042E00A220092C4F302524FF0000A022AB9
:1047A00008D059F804CB032A4FEAEC710AD00DE087
:1047B00029E02AE009F1070121F00702F2E802C12D
:1047C000914609E00FFA8CFC4FEAEC71042A03D100
:1047D0004FFA8CFC4FEAEC71002907DA0A460021F7
:1047E000DCF1000C61EB02012D2202E0220504D570
:1047F0002B228DF80420012203E0E20701D02022C1
:10480000F7E7904659E00A2102E010220DE010215E
:104810004FF0000A00910BE010224FF0000A44F024
:1048200004040827009203E008224FF0000A0092D7
:10483000C4F30252022A05D059F804CB0021032AFE
:1048400008D009E009F1070121F00702F2E802C1EE
:10485000914605E01FFA8CFC042A01D10CF0FF0CF4
:104860004FF00008220728D5702806D0009B83F05F
:10487000100353EA0A0305D00EE040228DF804200D
:10488000012208E05CEA010206D030228DF8042003
:104890008DF8050002229046009B83F0080353EA3E
:1048A0000A030AD15CEA010201D1620705D5302270
:1048B0008DF804204FF001087F1E582804D034A042
:1048C00003900EA802900DE036A0F9E7534660462B
:1048D000009AFBF7F3FC84460398825C0298401E22
:1048E000029002705CEA0100F0D1029806A9081A51
:1048F00000F1200A600702D524F4803400E001278B
:10490000574502DDA7EB0A0000E0002000EB0A019A
:10491000009005984144401A0590E00306D45B4698
:104920002146179A059800F0B3F90544002706E0E0
:1049300001A85A46C05D179990476D1C7F1C4745DA
:10494000F6DBE0030CD55B462146179A059800F08C
:104950009FF9054404E030205A46179990476D1C92
:104960000099481E00900029F5DC08E002980299A1
:104970005A460078491C0291179990476D1CBAF16C
:104980000001AAF1010AF1DC65E10000092801003B
:1049900030313233343536373839616263646566B5
:1049A0000000000030313233343536373839414277
:1049B000434445460000000000F058F90544761CC9
:1049C000307800287FF4ECAD19B02846BDE8F08FB0
:1049D000620700D4062709F1070222F0070CFCE861
:1049E0000223E14603F000485FEA080C02D00FF210
:1049F000702C0DE05FEA045C02D50FF2682C07E032
:104A00005FEAC47C02D00FF2602C01E0AFF2700CC0
:104A10004FF0FF3823F00043CDF850C065280CD08C
:104A200006DC452809D046281DD047283DD13DE069
:104A3000662818D067287ED138E00021112F01DBCD
:104A4000112000E0781CCDE9000106A90EA8FFF7AF
:104A5000DDFCDDE90F010E9A03910021009207F1C0
:104A6000010A04914DE04FF000400097CDE901109C
:104A700006A90EA8FFF7CAFCDDE90F0203920E9B00
:104A800011990022DDF80CA00093049211B9791C51
:104A900000EB010AB7EB0A0004D4C0F1FF3007F1C4
:104AA000010A0490AAEB0700019044E0012F00DA0C
:104AB00001270021112F01DD112000E03846CDE94A
:104AC000000106A90EA8FFF7A1FCDDE90F010E9A6F
:104AD0000391002104910092BA4621070CD4039956
:104AE000514500DA8A46BAF1010F05DD009AAAF1B4
:104AF0000101515C302908D0B84202DA10F1040FEC
:104B000006DA0121CDE9011015E0AAF10101E9E77A
:104B1000002805DC049901440491AAEB000102E09D
:104B2000411C514500DD8A460499401A401C019001
:104B30004FF000400290200704D40198504501DB5B
:104B4000CDF8048000208DF84F0002980DF14F073A
:104B5000B0F1004F25D02B200E9002984FF00208A4
:104B600000280CDA404202902D200E9007E00A2126
:104B70000298FBF799FC3031029007F8011DB8F15B
:104B80000001A8F10108F2DC02980028EFD1791E9B
:104B90000E980870307800F0200040F0450007F8CB
:104BA000020D12A8C01B00F107081498007800B18C
:104BB000012000EB0A01019801EBE07105984144E6
:104BC000401A401E0590E00306D45B462146179A22
:104BD000059800F05DF805441498007818B15A461D
:104BE000179990476D1CE00324D55B462146179A20
:104BF000059800F04DF805441CE00498002807DBF8
:104C0000DDE90301884203DD0098405C179901E06B
:104C1000179930205A469047049805F10105401C29
:104C200004900198401E019004D12E205A461799F5
:104C300090476D1CBAF10001AAF1010ADDDC05E024
:104C400017F8010B5A46179990476D1CB8F10001EF
:104C5000A8F10108F4DC5B462146179A0598ABE6FB
:104C60002D0000002B000000200000002DE9F04185
:104C7000044600251E461746880404D405E039463C
:104C80002020B0476D1C641EF9D52846BDE8F08190
:104C90002DE9F041044600251E469046C80301D583
:104CA000302700E02027880404D505E04146384637
:104CB000B0476D1C641EF9D52846BDE8F0814A68EE
:104CC000002A06D00A68531C0B6010704868401E0A
:104CD000486070470A68531C0B60107070470000F2
:104CE00070B5044602F0FCF9012811D00C48008888
:104CF000844206DB0A48008894FBF0F5284601F060
:104D000051FA0748008894FBF0F100FB114084B28F
:104D10004FF47A7104FB01F000F004F870BD00005C
:104D20000400002070B5034600224FF0E0267569AC
:104D30000D4E366803FB06F44FF0E026B16910E033
:104D40004FF0E026B06988420BD0884202D20E1A9A
:104D5000324402E02E1A0E4432440146A24200D3ED
:104D600000E0EDE700BF70BD0000002013B50C4669
:104D70006423012269460248FDF7C0FE00981CBD6D
:104D8000700100201CB5FCF7BFFD02231A460C2160
:104D90006020FEF741FFFEF7B7FDFEF7BFF8FFF713
:104DA0004FFAFFF78BFAFEF7E5FDFDF713FF074813
:104DB000012100238022CDE9001005A1074802F05F
:104DC0005FF901F083FB00201CBD0000A000002063
:104DD00073746172745F7461736B0000E159000851
:104DE0002DE9F04105460E4626480768264800682A
:104DF000001D01F04DF850B92348006890F82C10C0
:104E00000120884021490968814320480160681CCD
:104E1000D8B9D6B11E4948681B49096888601A4943
:104E200082680968CA6018490968091D826851606A
:104E300015490968091D8160154A134909684A61C5
:104E400011460968491C11601AE07C190E48006877
:104E50004460BC4207D20C480168091D0D48006837
:104E600001F03AF80CE008480168091D0A4800689A
:104E700001F032F809480068844201D20748046012
:104E8000BDE8F08134000020200000203800002020
:104E9000E004002028000020240000205000002012
:104EA00010B5044601F03EF831480068401C304916
:104EB00008603048006840B92E4804600846006821
:104EC00001280DD100F046FA0AE02B48006838B9F5
:104ED00028480068C06AE16A884201D82548046011
:104EE00026480068401C2549086008460068206480
:104EF00094F82C1001208840214909680843204972
:104F00000860E16A01EB81011E4A02EB81014868F9
:104F1000A0608268E260211D826851608160E16A60
:104F200001EB8101174A02EB81026261E16A01EB48
:104F30008101144A52F82110491CE26A02EB8202F4
:104F4000104B43F8221001F017F80B48006868B1C5
:104F500008480068C06AE16A884207D24FF0805072
:104F600009490860BFF34F8FBFF36F8F10BD00007A
:104F700030000020200000203C0000204C000020D9
:104F800038000020C803002004ED00E010B500F058
:104F9000C9FF10480068D0B90F4800F08DFF0F48D6
:104FA00000F08AFF0C480E4908600C480D49086063
:104FB00000220C210A2001F004FC06490860084682
:104FC000006820B108A10348006801F095F800F0DE
:104FD000D3FF10BD68000020F40400200805002065
:104FE0006000002064000020546D72510000000039
:104FF00010B516E000F096FF0C48C068C468201D8C
:1050000000F046FF0A480068401E09490860094848
:105010000068401E0749086000F0AEFF204600F01F
:105020005FF8044800680028E4D110BDCC040020DB
:10503000300000202C00002070B504460D46206C86
:1050400070B1216CE0680144E160D4E9021088424B
:1050500001D32168E1602846226CE168FBF75FF923
:1050600070BD2DE9F04104460F4615464FF000088B
:10507000A66B206C48B9206800282CD1A06802F0EB
:1050800023F980460020A06025E07DB93946226CD6
:105090006068FBF744F9216C606808446060D4E9FB
:1050A0000101884217D32068606014E03946226C01
:1050B000E068FBF734F9216CE068411AE16021688F
:1050C000E068884203D2216CA068411AE160022D99
:1050D00001D106B1761E701CA0634046BDE8F08188
:1050E00010B50446206B00F065FF204600F062FF1B
:1050F00010BD01464A6A22B10A6B1268C2F10A0069
:1051000000E00020704700000146084A126812685B
:105110000AB9012200E000220A600A6822B9034AA3
:105120001268D268106800E000207047600000201C
:1051300030B54FF49633174800F007042CB1C01D6A
:1051400020F00700134C041B1B1B0246124C22606C
:105150000024114D6C60D018083820F007000F4C67
:10516000206000240D4D2D686C600C4D2D682C6066
:105170001146441A4C60094C24680C60084D4C6878
:105180002C60084D4C682C604FF00044064D2C609C
:1051900030BD00001C050020740000207C000020B1
:1051A00084000020800000209000002000BFFFF756
:1051B0001FFF064800680128F9D94FF080500449C4
:1051C0000860BFF34F8FBFF36F8FF0E7C803002075
:1051D00004ED00E010B5044654B10020A06020604A
:1051E0000021E16000231A461946204601F08AFB9F
:1051F00010BD2DE9F04106460D4617469846069C1F
:105200000DB9246000E02760E66325640121204693
:1052100001F00AFB84F84C80BDE8F0812DE9F05FD5
:1052200082460F4690469B460A9E0C9C4FEA880198
:10523000A522206BFBF785F8A8F10100216B01EB9B
:10524000800929F0070909F0070008B9012000E0EA
:10525000002050B900BF502080F31188BFF34F8F5A
:10526000BFF36F8F00BF00BFFEE787B1002507E0E7
:10527000795D04F134004155785D00B902E06D1CA0
:105280000A2DF5D300BF00213D20015502E000208A
:1052900084F834000A2E01D2012000E0002050B929
:1052A00000BF502080F31188BFF34F8FBFF36F8F83
:1052B00000BF00BFFEE70A2E00D30926E662A664FF
:1052C0000020E064201D00F004FE04F1180000F04E
:1052D00000FE2461C6F10A00A0616462002020651E
:1052E00084F854005A465146484600F063FB20605B
:1052F0000B9808B10B980460BDE8F09F2DE9F047CA
:1053000006460D4617469846DDE908940DB1012082
:1053100000E0002050B900BF502080F31188BFF397
:105320004F8FBFF36F8F00BF00BFFEE7FFF72EFE6A
:105330002660A561C4F81C80C4F82090201D00F0F0
:10534000C8FD2FB194F8280040F0040084F828002C
:10535000BDE8F08710B5002407E004EB84010F4A94
:1053600002EB810000F0A8FD641C0A2CF5D30C4868
:1053700000F0A2FD0B4800F09FFD0B4800F09CFDE3
:105380000A4800F099FD0A4800F096FD04480949D2
:10539000086004480849086010BD0000C8030020E8
:1053A00090040020A4040020B8040020CC040020B5
:1053B000E0040020240000202800002010B5014651
:1053C000164800E0006803688B42FBD3024643683E
:1053D00013448B4204D143684C6823444360014624
:1053E0000A464B6813440468A34211D10C4C03686D
:1053F0002468A34208D04B680468646823444B6067
:1054000003681B680B6005E0054B1B680B6001E03F
:1054100003680B60884200D0016010BD740000205A
:105420007C0000202DE9F04104460D4616461F463B
:105430004FF0000865602461B5420CD8F01BA169EB
:10544000884202D34FF0010811E0211D094800688D
:1054500000F042FD0BE0BE4204D2BD4202D34FF049
:10546000010804E0211D0448006800F035FD4046B5
:10547000BDE8F081640000206000002070B50546A2
:1054800000F050FDA86B08B9012400E0002400F0F2
:1054900073FD204670BD70B5054600F043FDA86B56
:1054A000E96B884201D1012400E0002400F064FD92
:1054B000204670BD70B505460E460E480068C068AF
:1054C000C468201D00F0E4FC94F8280000F00400FB
:1054D00028B132462946204600F0D6F805E094F877
:1054E000280020F0010084F828002046216A88471F
:1054F00070BD0000600000207FB57FE001980028AB
:105500007CDB039C606908B9012000E0002010B931
:10551000201D00F0BDFC684600F0E2F80546019849
:105520000A2869D2DFE800F06805072E3658060819
:105530002F3700BF00BF00BF94F8280040F00100E3
:1055400084F828000298A269811803462A4620465A
:10555000FFF768FFA8B194F8280000F0040038B104
:105560000298A26981182A46204600F08DF805E0CD
:1055700094F8280020F0010084F828002046216AD1
:1055800088473AE000BF94F8280020F0010084F832
:10559000280032E000BF94F8280040F0010084F8B1
:1055A00028000298A061A06908B1012000E0002055
:1055B00050B900BF502080F31188BFF34F8FBFF365
:1055C0006F8F00BF00BFFEE7A06941192B462A4636
:1055D0002046FFF727FF10E094F8280000F00200B3
:1055E00018B9204600F0E6FC05E094F8280020F009
:1055F000010084F8280000E000BF00BF002201A9DC
:105600000348006801F064FB00287FF477AF7FBD9A
:1056100068000020F8B505460C4600F0A5FF684676
:1056200000F05EF80646009820BB44B9B54206D8A3
:1056300001F0C8FF31462846FFF73CFF1CE03CB1B3
:105640000E480068006808B9012000E00020044608
:10565000A91B22460A48006800F07EFD01F0B2FF57
:1056600050B94FF0805007490860BFF34F8FBFF328
:105670006F8F01E001F0A6FFF8BD0000640000207C
:105680006800002004ED00E070B504460D461646A3
:1056900004E0A06905442046216A8847A0694119B1
:1056A0002B4632462046FFF7BDFE0028F1D170BDE3
:1056B00009480068006808B9012000E0002020B116
:1056C0004FF0FF300549086005E003480068C068F6
:1056D0000068024908607047240000205000002044
:1056E00070B5044601F00CFD054607480068854288
:1056F00004D200F00BF80120206001E000202060BF
:1057000001480560284670BD7000002070B508E0B3
:105710000D480068C06804684FF0FF312046FFF76D
:10572000C9FE09480068006808B9012000E00020AF
:105730000028EDD004480568044800680249086064
:105740000248056070BD0000600000206400002079
:105750000E480068401C08B9012000E0002050B944
:1057600000BF502080F31188BFF34F8FBFF36F8FBE
:1057700000BF00BFFEE700BF502080F31188BFF3D9
:105780004F8FBFF36F8F00BF00BFFEE79400002074
:1057900008B500BF6846FFF7B7FC044620460099ED
:1057A000FFF738FFFFF7A8FEF4E770B5044600F0F6
:1057B000B9FB94F9455010E0606A08B9012000E097
:1057C000002038B904F1240001F06CFE18B100F09B
:1057D0009DFD00E003E0681E45B2002DECDC00BF3B
:1057E000FF2084F8450000F0C7FB00F09BFB94F914
:1057F000445010E0206908B9012000E0002048B9B9
:1058000004F1100001F04EFE08B100F07FFD681EAB
:1058100045B200E001E0002DECDC00BFFF2084F881
:10582000440000F0A9FB70BD2DE9F04104464FF0A3
:10583000000800F099FE5148006808B9FFF778FCAD
:105840004F480068204000287ED13CB304F1080096
:10585000A04223D9083404F0070000B304F0070085
:10586000C0F108002044A04216D904F00700C0F19E
:105870000800044404F0070008B9012000E00020FB
:1058800068B900BF502080F31188BFF34F8FBFF37A
:105890006F8F00BF00BFFEE7002400E00024002C53
:1058A00054D038480068844250D8374E3046056896
:1058B00001E02E462D686868A04202D228680028C0
:1058C000F7D12E480068854240D0306800F10808C2
:1058D000286830606868001B102819D92F1907F054
:1058E000070008B9012000E0002050B900BF502097
:1058F00080F31188BFF34F8FBFF36F8F00BF00BFDE
:10590000FEE76868001B78606C603846FFF756FD5C
:105910001C4968680968081A1A490860084600683E
:105920001A490968884203D2164800681749086076
:1059300013496868096808436860002028601448B3
:105940000068401C124900E000E0086001F03AFEE7
:1059500008F0070008B9012000E0002050B900BF9E
:10596000502080F31188BFF34F8FBFF36F8F00BFBC
:1059700000BFFEE74046BDE8F08100007C0000204B
:10598000900000208000002074000020840000208F
:10599000880000200648006830B10549096801F117
:1059A0004C00C96C491C0160014800687047000048
:1059B00020000020001F4FF080730360001F21F0C3
:1059C00001030360001F054B036014380260001FD1
:1059D0006FF0020303602038704700005157000841
:1059E0001CB5044600F09EFA1D4803210023C8227E
:1059F000CDE900101BA11E4801F042FB1D48052106
:105A00000023C822CDE900101BA11F4801F038FB7C
:105A10001E4808210023C822CDE900101CA11F4800
:105A200001F02EFB012000F0BBFE1D49086003229F
:105A30000021012000F0C5FE1A4908601A48002321
:105A40001A4640F6B831009018A001F077FE1B49C5
:105A500008601B48006800F0D3FB00F08DFA1CBD05
:105A6000A40000204C43445F7461736B000000008D
:105A700015340008A8000020436F6E74726F6C5FCD
:105A80007461736B00000000A10C0008AC000020E2
:105A9000436F6D6D5F7461736B000000B10B0008A4
:105AA000B4000020B0000020690B000852533438C5
:105AB000352054696D656F7574000000B8000020D2
:105AC000A00000207047000010B52DED028B84B0BF
:105AD000B44890ED000AB8EE400AB34880ED000AE1
:105AE00090ED000ADFEDB10A80EE201A11EE104AA7
:105AF0002046FAF7AAFC41EC180B53EC182BACA18A
:105B0000AD48FEF749FC00202021ACA20346CDE9B8
:105B1000002102904FF6FF723A210220FEF708F8AA
:105B200000202021A44A0346CDE9002102904FF62F
:105B3000FF723A219220FDF7FBFF00202021A2A254
:105B40000346CDE9002102904FF6FF723A21E22090
:105B5000FDF7EEFF9D4890ED000AB8EE400A9C4824
:105B600080ED000A90ED000ADFED900A80EE201A29
:105B700011EE104A2046FAF768FC41EC180B53EC82
:105B8000182B8BA19348FEF707FC0020202192A23E
:105B90000346CDE9002102904FF6FF727B210220DF
:105BA000FDF7C6FF002020218A4A0346CDE90021E7
:105BB00002904FF6FF727B219220FDF7B9FF002083
:105BC000202188A20346CDE9002102904FF6FF7202
:105BD0007B21E220FDF7ACFF834890ED000AB8EE90
:105BE000400A824880ED000A90ED000ADFED6F0A5E
:105BF00080EE201A11EE104A2046FAF726FC41ECFE
:105C0000180B53EC182B7AA16B48FEF7C5FB00204C
:105C1000202179A20346CDE9002102904FF6FF72C0
:105C20003A21F520FDF784FF00202021624A034637
:105C3000CDE9002102904FF6FF723A2140F2851023
:105C4000FDF776FF002020215FA20346CDE9002169
:105C500002904FF6FF723A2140F2C510FDF768FF3F
:105C60006848006868490860084600684FF47A711F
:105C7000B0FBF1F4224665A15648FEF78DFB0020EB
:105C8000202163A20346CDE9002102904FF6FF7266
:105C90007B21F520FDF74CFF002020214D4A0346D3
:105CA000CDE9002102904FF6FF727B2140F2951062
:105CB000FDF73EFF002020214AA20346CDE9002146
:105CC00002904FF6FF727B2140F2C510FDF730FFC6
:105CD00052484EA102685248FEF75EFB0020202188
:105CE00050A20346CDE9002102904FF6FF72BB217E
:105CF0000A20FDF71DFF00202021494A0346CDE977
:105D0000002102904FF6FF72BB219F20FDF710FF8C
:105D10000020202145A20346CDE9002102904FF644
:105D2000FF72BB21D420FDF703FF1E4800682749FE
:105D3000096848433E49B0FBF1F03E490860084617
:105D40003DA102683E48FEF727FB002020213DA22E
:105D50000346CDE9002102904FF6FF72BB21FA20E5
:105D6000FDF7E6FE00202021354A0346CDE900215B
:105D700002904FF6FF72BB2140F28510FDF7D8FE6E
:105D80000020202131A20346CDE9002102904FF6E8
:105D9000FF72BB214FF4E270FDF7CAFE04B0BDEC08
:105DA000028B10BDE0000020D000002000007A44EB
:105DB00025352E3266000000EE000020CAE4B3F65E
:105DC000B5E7C1F73A00000041000000DC00002008
:105DD000CC000020F3000020CAE4B3F6B5E7D1B947
:105DE0003A00000056000000D8000020C800002043
:105DF00025332E3266000000CAE4C8EBB5E7C1F7D0
:105E00003A000000D4000020C400002025336400C4
:105E1000CAE4C8EBB5E7D1B93A000000E4000020BD
:105E2000F8000020D0A7C2CA3A00000025000000F8
:105E300040420F00E80000202530346400000000DC
:105E4000FB000020B9A6C2CA3A00000057000000BB
:105E50000EB5002020210BA20346CDE900210290BF
:105E60004FF6FF724FF487713220FDF761FE4FF459
:105E70009B734FF4C9724FF48771CE20FCF79EFFDD
:105E80000EBD0000B5E7B3D8B5E7C1BF3A000000CA
:105E900001460A69D1E901309860D1E901035860EF
:105EA0005068884201D188685060002008611068FD
:105EB000401E10601068704700F1080141604FF00B
:105EC000FF31816000F10801C160016100210160C2
:105ED000704700210161704710B502460B685C1CD9
:105EE0000CB9106907E002F1080000E0406844685E
:105EF00024689C42FAD944684C604C68A160886070
:105F000041600A611468641C146010BD42684A60F4
:105F100093688B60936859609160086103685B1CAB
:105F20000360704700BF502080F31188BFF34F8F8C
:105F3000BFF36F8F00BF0E480068401C0C4908601B
:105F400008460068012812D10A480068C0B208B9A2
:105F5000012000E0002050B900BF502080F31188DC
:105F6000BFF34F8FBFF36F8F00BF00BFFEE77047D7
:105F70009400002004ED00E00D48006850B900BF17
:105F8000502080F31188BFF34F8FBFF36F8F00BF96
:105F900000BFFEE706480068401E05490860084645
:105FA000006820B9002080F3118800BF00BF70474F
:105FB0009400002070B506463546002E44D0083DBA
:105FC0002C46224960680968084008B1012000E0B9
:105FD000002050B900BF502080F31188BFF34F8FCD
:105FE000BFF36F8F00BF00BFFEE7206808B9012034
:105FF00000E0002050B900BF502080F31188BFF3AB
:106000004F8FBFF36F8F00BF00BFFEE70F4960687F
:1060100009680840C0B12068B0B90C4960680968D7
:106020008843606000F0A0FA094960680968084484
:10603000074908602046FFF7C1F906480068401C80
:106040000449086001F0BEFA70BD00009000002015
:10605000800000208C00002000204FF0E02108612B
:106060008861064800684FF47A71B0FBF1F0401E79
:106070004FF0E021486107200861704700010020CF
:1060800070B5FAF705F90446102C16D304F1E02098
:1060900090F8F05315480078854201DB012000E0BC
:1060A000002050B900BF502080F31188BFF34F8FFC
:1060B000BFF36F8F00BF00BFFEE70D48006800F41C
:1060C000E0600C490968884201D8012000E0002006
:1060D00050B900BF502080F31188BFF34F8FBFF33A
:1060E0006F8F00BF00BFFEE770BD0000980000206A
:1060F0000CED00E09C00002030B502460B4652B982
:1061000000BF502484F31188BFF34F8FBFF36F8F0C
:1061100000BF00BFFEE70021BBB1002012E00D4C24
:1061200004EBC0046468944203D10A4C04EBC00140
:106130000AE031B9074C54F8304014B9054C04EB6F
:10614000C001401C0828EAD300BF09B10B604A60B7
:1061500030BD0000880300202DE9F04105460E46C1
:1061600017462C46FFF7DEFE94F94400401C10B998
:10617000002084F8440094F94500401C10B9002028
:1061800084F84500FFF7F8FEA06B28B93A4631467F
:1061900004F1240000F0DCF82046FFF706FBBDE820
:1061A000F081000070B504460025D4B112480068A3
:1061B00008B9012000E0002050B900BF502080F352
:1061C0001188BFF34F8FBFF36F8F00BF00BFFEE793
:1061D00000F0CAF900212046FEF702FE01F0F2F9B4
:1061E00005463DB94FF0805004490860BFF34F8F1A
:1061F000BFF36F8F70BD00005C00002004ED00E075
:1062000070B50546FFF78EFE15B93048006800E00E
:1062100028460446201DFFF73BFE78B9E06A00EBF4
:1062200080002B4951F8200040B994F82C1001202F
:10623000884028490968814326480160A06A18B14E
:1062400004F11800FFF724FE23480068401C22498F
:1062500008601E480068844209D1211D1F48FFF7CD
:1062600055FE1F480068401C1D49086009E01D4894
:106270000068401E1B4908602046FEF731FFFFF70B
:1062800017FAFFF779FE18480068E8B10F48006870
:10629000844219D11548006808B9012000E00020A7
:1062A00050B900BF502080F31188BFF34F8FBFF368
:1062B0006F8F00BF00BFFEE74FF080500C490860B1
:1062C000BFF34F8FBFF36F8F70BD00002000002021
:1062D000C8030020380000204C000020CC0400201F
:1062E0002C000020300000203C0000205C0000203A
:1062F00004ED00E003490968016003490968416051
:1063000070470000480000203400002001200149AF
:10631000086070474400002070B504460D4654B92B
:1063200000BF502080F31188BFF34F8FBFF36F8FF2
:1063300000BF00BFFEE70548016818312046FFF79F
:10634000CBFD01212846FEF74BFD70BD200000204B
:1063500070B504460E46154654B900BF502080F370
:106360001188BFF34F8FBFF36F8F00BF00BFFEE7F1
:1063700060680F490968C8610D49826809680A6246
:106380000B49096818318268516009490968183158
:106390008160074909688C622168491C21600DB140
:1063A0004FF0FF3629463046FEF71AFD70BD00005B
:1063B000200000202DE9F04706460F4634464FF0F6
:1063C0000109002E7AD0E06C50B900BF502080F354
:1063D0001188BFF34F8FBFF36F8F00BF00BFFEE781
:1063E000A06CB84201D23D4600E0A56CE06AA8422C
:1063F00064D0E06C012861D131480068844201D04A
:10640000012000E0002050B900BF502080F3118827
:10641000BFF34F8FBFF36F8F00BF00BFFEE7D4F80D
:106420002C80E562A06900F0004010B9C5F10A00B7
:10643000A06108EB8801234A02EB81016069884270
:1064400001D1012000E00020C0B3201DFFF720FD96
:1064500040B994F82C10012088401B4909688143F9
:106460001948016094F82C100120884016490968E9
:10647000084315490860E16A01EB8101114A02EB0A
:1064800081014868A0608268E260211D82685160D5
:106490008160E16A01EB81010A4A02EB81026261DB
:1064A000E16A01EB8101074A52F82110491CE26AB6
:1064B00002EB8202034B43F8221000BFBDE8F087D5
:1064C00020000020C8030020380000201CB51E4812
:1064D00000210B468222CDE900101CA11D4800F0CE
:1064E000CFFD0446012C02D101F044F90446012CF1
:1064F00015D100BF502080F31188BFF34F8FBFF339
:106500006F8F00BF4FF0FF3013490860012013491F
:10651000086000201249086000F074F810E0601C68
:1065200008B1012000E0002050B900BF502080F3E6
:106530001188BFF34F8FBFF36F8F00BF00BFFEE71F
:10654000084800681CBD00005400002049444C4528
:1065500000000000AD510008500000203C00002069
:10656000340000205800002002480068401C014907
:10657000086070475C0000201D48006818B10120C9
:106580001C49086032E000201A4908601A48006877
:10659000B0FA80F0C0F11F0101EB8100174A52F8F8
:1065A000200008B1012000E0002050B900BF5020B9
:1065B00080F31188BFF34F8FBFF36F8F00BF00BF11
:1065C000FEE701EB81020D4B03EB8200426852684B
:1065D000426000F108024368934202D14268526867
:1065E00042604268D268064B1A6000BF70470000E4
:1065F0005C0000204400002038000020C803002078
:10660000200000201CB5524800685249884201D041
:10661000012000E0002050B900BF502080F3118815
:10662000BFF34F8FBFF36F8F00BF00BFFEE7484837
:1066300000684849491E884201D0012000E000203E
:1066400050B900BF502080F31188BFF34F8FBFF3C4
:106650006F8F00BF00BFFEE73F49084600780190FA
:10666000FF200A4610700846007800909DF8000050
:1066700000F0F0009DF80020904201D1012000E0E0
:10668000002050B900BF502080F31188BFF34F8F16
:10669000BFF36F8F00BF00BFFEE79DF8000000F062
:1066A00050002E4A107007202D4A106009E02C4837
:1066B0000068401E2A4A10609DF800004006000E47
:1066C00000909DF8000000F080008028EFD0244862
:1066D0000068C0F10700042801D1012000E000207B
:1066E00050B900BF502080F31188BFF34F8FBFF324
:1066F0006F8F00BF00BFFEE7194800680002184A0C
:1067000010601046008800F4E0601060124A0198A2
:1067100010700F482030006840F470000C492031A0
:1067200008600846006840F070400860FFF794FC7D
:1067300000200C490860F9F773FD0B48006840F031
:10674000404009490860F9F757FD00201CBD0000D2
:1067500000ED00E071C20F4100E400E0980000206D
:106760009C0000209400002034EF00E010B500BF32
:10677000502080F31188BFF34F8FBFF36F8F00BF9E
:1067800000F0C4FC18B14FF080500449086000BF0D
:10679000002080F3118800BF10BD000004ED00E070
:1067A0002DE9F04104460126002722460021012060
:1067B00000F007F805462846FEF70CFD2846BDE820
:1067C000F0812DE9F84305460E4617460024E5B151
:1067D000601EB0FBF5F0B04217D305FB06F010F1D8
:1067E000510F12D805FB06F808F15000FFF71CF80E
:1067F0000446B4B1A14609F150093B464A46314628
:1068000028460094FEF7F5FC0BE054B900BF502079
:1068100080F31188BFF34F8FBFF36F8F00BF00BFAE
:10682000FEE72046BDE8F8832DE9F04105460E4617
:1068300001272C4654B900BF502080F31188BFF3C4
:106840004F8FBFF36F8F00BF00BFFEE7002C42D019
:10685000E06B00283FD04FF0FF31E06BB1FBF0F070
:10686000216C884237D3FFF75DFBD4E90F12206813
:1068700001FB0200A0600020A06320686060E06B64
:10688000401E226C216800FB0211E160FF2084F8A9
:10689000440084F845009EB9206908B9012000E051
:1068A0000020A8B904F1100000F0FCFD80B14FF009
:1068B000805013490860BFF34F8FBFF36F8F07E01D
:1068C00004F11000FFF7F8FA04F12400FFF7F4FADE
:1068D000FFF752FB00E000270FB1012000E000208D
:1068E00050B900BF502080F31188BFF34F8FBFF322
:1068F0006F8F00BF00BFFEE73846BDE8F0810000A3
:1069000004ED00E02DE9FF4383B0064688461D46AE
:106910004FF00009344654B900BF502080F311886D
:10692000BFF34F8FBFF36F8F00BF00BFFEE7B8F11B
:10693000000F01D1206C08B9012000E0002050B9FF
:1069400000BF502080F31188BFF34F8FBFF36F8FCC
:1069500000BF00BFFEE7022D02D1E06B012801D18C
:10696000012000E0002050B900BF502080F31188C2
:10697000BFF34F8FBFF36F8F00BF00BFFEE700F084
:10698000AFFB08B9059808B9012000E0002050B914
:1069900000BF502080F31188BFF34F8FBFF36F8F7C
:1069A00000BF00BFFEE700BFFFF7BCFAA06BE16BC2
:1069B000884201D3022D28D12A4641462046FEF7BF
:1069C00050FB0746606A08B9012000E0002068B962
:1069D00004F1240000F066FD88B14FF08050324988
:1069E0000860BFF34F8FBFF36F8F08E03FB14FF0E8
:1069F00080502D490860BFF34F8FBFF36F8FFFF7B3
:106A0000BBFA012007B0BDE8F083059818B9FFF77D
:106A1000B3FA0020F6E7B9F1000F04D101A8FFF79F
:106A200069FC4FF00109FFF7A7FAFFF79DFDFFF79B
:106A300079FA94F94400401C10B9002084F844000D
:106A400094F94500401C10B9002084F84500FFF778
:106A500093FA05A901A800F0CBFAF0B92046FEF799
:106A60001AFDA0B104F110000599FFF755FC20466E
:106A7000FEF79BFE00F0A6FD002895D14FF0805058
:106A800009490860BFF34F8FBFF36F8F8CE7204633
:106A9000FEF78BFE00F096FD86E72046FEF785FEAA
:106AA00000F090FD0020ADE704ED00E02DE9F84F87
:106AB00007468B4690461E463C4654B900BF5020C0
:106AC00080F31188BFF34F8FBFF36F8F00BF00BFFC
:106AD000FEE7BBF1000F01D1206C08B9012000E0F6
:106AE000002050B900BF502080F31188BFF34F8FB2
:106AF000BFF36F8F00BF00BFFEE7022E02D1E06B35
:106B0000012801D1012000E0002050B900BF502031
:106B100080F31188BFF34F8FBFF36F8F00BF00BFAB
:106B2000FEE7FFF7ADFA00BF5021EFF3118081F3CC
:106B30001188BFF34F8FBFF36F8F00BF0546A06B67
:106B4000E16B884201D3022E37D194F945A0A06BA6
:106B50000090324659462046FEF783FA0AF10100BA
:106B600088B9606A08B9012000E0002050B904F13A
:106B7000240000F097FC28B1B8F1000F02D00120EA
:106B8000C8F8000016E0BAF17F0F01D0012000E044
:106B9000002050B900BF502080F31188BFF34F8F01
:106BA000BFF36F8F00BF00BFFEE70AF1010040B2E4
:106BB00084F845004FF0010901E04FF0000900BFE3
:106BC00085F3118800BF4846BDE8F88F2DE9F047EE
:106BD00006460F46344654B900BF502080F3118852
:106BE000BFF34F8FBFF36F8F00BF00BFFEE7206C76
:106BF00008B9012000E0002050B900BF502080F308
:106C00001188BFF34F8FBFF36F8F00BF00BFFEE748
:106C1000206808B9A06808B9012000E0002050B938
:106C200000BF502080F31188BFF34F8FBFF36F8FE9
:106C300000BF00BFFEE7FFF723FA00BF5021EFF3CC
:106C4000118081F31188BFF34F8FBFF36F8F00BFA7
:106C50000546D4F838A0E06B504530D994F94590FA
:106C60000AF10100A06309F1010070B9606A08B976
:106C7000012000E00020F8B904F1240000F012FC2B
:106C8000D0B1CFB10120386016E0B9F17F0F01D04B
:106C9000012000E0002050B900BF502080F311888F
:106CA000BFF34F8FBFF36F8F00BF00BFFEE709F147
:106CB000010040B284F845004FF0010801E04FF0B8
:106CC000000800BF85F3118800BF4046BDE8F0878B
:106CD0002DE9F74183B005460E464FF000082C46DB
:106CE00054B900BF502080F31188BFF34F8FBFF31A
:106CF0006F8F00BF00BFFEE70EB9206C08B90120FE
:106D000000E0002050B900BF502080F31188BFF38D
:106D10004F8FBFF36F8F00BF00BFFEE700F0E0F9B9
:106D200008B9059808B9012000E0002050B900BF5B
:106D3000502080F31188BFF34F8FBFF36F8F00BFD8
:106D400000BFFEE700BFFFF7EDF8A76BF7B13146D4
:106D50002046FEF771F9781EA063206908B901206A
:106D600000E0002060B904F1100000F09BFB38B196
:106D70004FF080502F490860BFF34F8FBFF36F8FE4
:106D8000FFF7FAF8012006B0BDE8F081059818B9C0
:106D9000FFF7F2F80020F6E7B8F1000F04D101A8E0
:106DA000FFF7A8FA4FF00108FFF7E6F8FFF7DCFB62
:106DB000FFF7B8F894F94400401C10B9002084F89B
:106DC000440094F94500401C10B9002084F84500A7
:106DD000FFF7D2F805A901A800F00AF9F0B920469A
:106DE000FEF74CFBA0B104F124000599FFF794FADB
:106DF0002046FEF7DAFC00F0E5FB0028A3D14FF0B7
:106E000080500C490860BFF34F8FBFF36F8F9AE734
:106E10002046FEF7CAFC00F0D5FB94E72046FEF7BB
:106E2000C4FC00F0CFFB2046FEF728FB00288AD0E8
:106E30000020A8E704ED00E02DE9F34182B005460B
:106E40004FF000082C46002654B900BF502080F3B4
:106E50001188BFF34F8FBFF36F8F00BF00BFFEE7F6
:106E6000206C08B9012000E0002050B900BF50207C
:106E700080F31188BFF34F8FBFF36F8F00BF00BF48
:106E8000FEE700F02DF908B9039808B9012000E0E9
:106E9000002050B900BF502080F31188BFF34F8FFE
:106EA000BFF36F8F00BF00BFFEE700BFFFF73AF8E8
:106EB000A76BFFB1781EA063206810B9FEF76AFDCA
:106EC000A060206908B9012000E0002060B904F149
:106ED000100000F0E7FA38B14FF0805043490860E5
:106EE000BFF34F8FBFF36F8FFFF746F8012004B059
:106EF000BDE8F081039898B90EB9012000E00020A8
:106F000050B900BF502080F31188BFF34F8FBFF3FB
:106F10006F8F00BF00BFFEE7FFF72EF80020E6E707
:106F2000B8F1000F04D16846FFF7E4F94FF001080B
:106F3000FFF722F8FFF718FBFEF7F4FF94F944007F
:106F4000401C10B9002084F8440094F94500401C0E
:106F500010B9002084F84500FFF70EF803A9684631
:106F600000F046F840BB2046FEF788FAF0B12068F2
:106F700038B9FEF7D7FFA06800F01EFA0646FEF704
:106F8000FBFF04F124000399FFF7C6F92046FEF742
:106F90000CFC00F017FB002888D14FF080501349FB
:106FA0000860BFF34F8FBFF36F8F7FE72046FEF778
:106FB000FCFB00F007FB79E72046FEF7F6FB00F04C
:106FC00001FB2046FEF75AFA0028EED05EB1FEF72C
:106FD000A9FF2046FEF78DF807463946A068FFF75F
:106FE000E9F9FEF7C9FF002081E7000004ED00E0A9
:106FF00070B505460C4655B900BF502080F3118886
:10700000BFF34F8FBFF36F8F00BF00BFFEE754B9D0
:1070100000BF502080F31188BFF34F8FBFF36F8FF5
:1070200000BF00BFFEE7FEF77DFF134802686868F7
:10703000131A2068401C08B9002619E00F49286877
:107040000968884206D06868904203D8012600206B
:1070500020600DE02068984207D92068C01A20609F
:107060002846FFF747F9002602E0002020600126AD
:10707000FEF782FF304670BD34000020480000203B
:107080002DE9FF4F85B0804689461746DDE912ABF2
:10709000B800FEF7C9FB064656B15820FEF7C4FB00
:1070A00004460CB1266304E03046FEF783FF00E09F
:1070B00000247CB10020CDE900ABCDE902403A4686
:1070C00049464046089BFEF7A9F82046FDF7E8FE32
:1070D000012501E04FF0FF35284609B0BDE8F08FEB
:1070E0000549096809B9012005E00449096809B999
:1070F000022000E0002070473C0000205C000020DF
:107100000149086870470000340000202DE9F04173
:107110004FF000086148006800287DD16048006891
:10712000451C5F48056015BB5E480068006808B9EB
:10713000012000E0002050B900BF502080F31188EA
:10714000BFF34F8FBFF36F8F00BF00BFFEE75548FF
:10715000076855480068534908605348076053481A
:107160000068401C51490860FEF7A2FA00BF504871
:107170000068854277D300BF4A480068006808B9B4
:10718000012000E0002020B14FF0FF3048490860A6
:1071900068E044480068C068C4686668B54202D2C6
:1071A000434806605EE06069D4E902128A60D4E96F
:1071B00002214A60211D42688A4201D1E168416092
:1071C000002262610168491E0160A06A98B1A06A4C
:1071D000D4E907128A60D4E907214A6004F1180152
:1071E00042688A4201D1216A41600022A26201689C
:1071F000491E016000BF94F82C10012088402D49E1
:10720000096808432B490860E16A01EB81012A4AB9
:1072100002EB8101486800E037E0A0608268E2602C
:10722000211D826851608160E16A01EB8101224A7F
:1072300002EB81026261E16A01EB81011E4A52F8B0
:107240002110491CE26A02EB82021B4B43F8221018
:107250001A49E06A0968C96A88428DD34FF001086B
:107260008AE700E000BF15480068C06A00EB8000B4
:10727000114951F82000012801D94FF001081048A8
:10728000006808B14FF0010804E00E480068401C97
:107290000C4908604046BDE8F08100005C00002019
:1072A0003400002024000020280000204800002096
:1072B0005000002038000020C803002020000020DB
:1072C000440000204000002070B505462C460026F2
:1072D000002D68D035480068844201D1012000E0CB
:1072E000002050B900BF502080F31188BFF34F8FAA
:1072F000BFF36F8F00BF00BFFEE7E06C50B900BF67
:10730000502080F31188BFF34F8FBFF36F8F00BF02
:1073100000BFFEE7E06C401EE064A16CE06A8842BA
:1073200041D0E06C00283ED1201DFEF7B1FD40B9F0
:1073300094F82C10012088401D49096881431C489D
:107340000160A06CE062E06AC0F10A00A06194F8FC
:107350002C10012088401649096808431449086028
:10736000E16A01EB8101134A02EB81014868A060E8
:107370008268E260211D826851608160E16A01EBF0
:1073800081010C4A02EB81026261E16A01EB810139
:10739000084A52F82110491CE26A02EB8202054BAE
:1073A00043F822100126304670BD00002000002066
:1073B00038000020C803002070B505462C46002682
:1073C000002D67D03449E06A0968C96A88425AD2F8
:1073D000A06900F0004028B92F480068C06AC0F1D9
:1073E0000A00A061E16A01EB81012C4A02EB8101F4
:1073F0006069884201D1012000E00020E0B3201D37
:10740000FEF746FD40B994F82C100120884024492D
:1074100009688143224801601F480068C06AE06231
:1074200094F82C10012088401D49096808431C4924
:107430000860E16A01EB8101184A02EB81014868AA
:10744000A0608268E260211D826851608160E16A0B
:1074500001EB8101114A02EB81026261E16A01EBF9
:1074600081010E4A52F82110491CE26A02EB8202A5
:107470000A4B43F8221004E0FFE707480068C06A9F
:10748000E062012606E00449A06C0968C96A8842E6
:1074900000D20126304670BD20000020C803002025
:1074A0003800002070B50346D868C16851B900BFE4
:1074B000502080F31188BFF34F8FBFF36F8F00BF51
:1074C00000BFFEE7886AD1E90745A560D1E9075406
:1074D000656001F118044568A54201D10C6A446059
:1074E00000258D620468641E04603048006800282E
:1074F0003DD14869D1E90245A560D1E902546560F2
:107500000C1D4568A54201D1CC68446000254D6141
:107510000468641E046091F82C400120A040244CB3
:1075200024682043224C2060CC6A04EB8404214D63
:1075300005EB8404606888608568CD600C1D8568F3
:107540006C608460CC6A04EB84041A4D05EB8405FE
:107550004D61CC6A04EB8404164D55F82440641C3C
:10756000CD6A05EB8505134E46F8254010E0124C18
:107570006068C86185680D6201F1180485686C60F7
:1075800084600D4D8D622C462468641C2C6000BF05
:107590000A4CC86A2468E46AA04204D90122012086
:1075A000074C206000E00022104670BD5C00002007
:1075B00038000020C8030020B8040020200000206C
:1075C0004400002070B5002400265348006850B9DC
:1075D00000BF502080F31188BFF34F8FBFF36F8F30
:1075E00000BF00BFFEE7FEF79DFC4B480068401E51
:1075F000494908600846006800287DD1474800686E
:10760000002879D05BE04648C068C468A06AD4E925
:1076100007128A60D4E907214A6004F11801426820
:107620008A4201D1216A41600022A2620168491E9A
:1076300001606069D4E902128A60D4E902214A60DB
:10764000211D42688A4201D1E168416000226261E5
:107650000168491E016094F82C10012088403149CE
:10766000096808432F490860E16A01EB81012E4A4D
:1076700002EB81014868A0608268E260211D826897
:1076800051608160E16A01EB8101274A02EB8102CE
:107690006261E16A01EB8101234A52F82110491C21
:1076A000E26A02EB8202204B43F822101F49E06A93
:1076B0000968C96A884202D301201D490860184838
:1076C000006808B9012000E0002000289BD00CB120
:1076D000FDF7EEFF1748056865B100BFFFF716FD1F
:1076E00010B10120124908606D1E002DF6D1002056
:1076F000104908600E4800E009E0006838B1012632
:1077000030070D490860BFF34F8FBFF36F8FFEF74F
:1077100033FC304670BD00005C00002030000020CB
:10772000B804002038000020C803002020000020FA
:10773000440000204000002004ED00E02DE9FC475B
:1077400005460E4617469846DDF828902C20FEF791
:107750006BF8044654B1002084F8280043463A46AA
:1077600031462846CDE90094FDF7C8FD2046BDE826
:10777000FC8700001CB50024FDF708FC0E480068DB
:1077800058B10E48022100234FF48272CDE9001057
:107790000BA10D48FFF774FC044654B900BF5020FC
:1077A00080F31188BFF34F8FBFF36F8F00BF00BF0F
:1077B000FEE720461CBD0000680000206C00002091
:1077C000546D722053766300915700082DE9FE43F3
:1077D00004460D4616461F46DDF828804FF0000986
:1077E00054B900BF502080F31188BFF34F8FBFF30F
:1077F0006F8F00BF00BFFEE71448006810B300950C
:1078000001960294062D15DAFFF76AFC022808D1CA
:107810000023424669460D480068FFF773F8814629
:1078200010E000231A46694608480068FFF76AF826
:10783000814607E000233A46694604480068FFF79E
:1078400035F981464846BDE8FE8300006800002007
:1078500000000000000000000000000000002020E8
:1078600020202000002000002828500000000000F8
:107870000000000000005050F85050F85050000038
:10788000002070A8A0603028A8702000000048A840
:10789000B0A874345448000000002050506CA8A8D0
:1078A00094680000404080000000000000000000DC
:1078B0000810102020202020101008004020201048
:1078C000101010102020400000000020A87070A8A8
:1078D0002000000000000010107C101000000000CC
:1078E0000000000000000000404080000000000098
:1078F00000FC00000000000000000000000000008C
:1079000000400000000408081010202040408000C3
:1079100000007088888888888870000000002060D7
:107920002020202020700000000070888810204057
:1079300080F8000000007088083008088870000097
:1079400000001030305090F8103800000000F8802F
:1079500080F08808887000000000304880B0C88837
:1079600088700000000078081010202020200000FF
:107970000000708888708888887000000000708817
:107980008898680890600000000000002000000057
:107990000020000000000000002000000020200067
:1079A00000000810204040201008000000000000E7
:1079B000FC00FC000000000000004020100808103F
:1079C0002040000000007088881020200020000067
:1079D0000000384494B4B4B84438000000002020BB
:1079E0003050507848CC00000000F04848704848BB
:1079F00048F0000000007888808080808870000057
:107A00000000F0484848484848F000000000F848A6
:107A10005070504048F800000000F8485070504046
:107A200040E000000000384880809C88483000001A
:107A30000000CC484878484848CC00000000F820B6
:107A40002020202020F8000000007C1010101010D2
:107A5000101090E00000EC485060504848EC0000E6
:107A60000000E0404040404044FC00000000DCD802
:107A7000D8D8A8A8A8AC00000000DC48686858580E
:107A800048E80000000070888888888888700000B6
:107A90000000F0484870404040E00000000070885E
:107AA000888888E8987018000000F04848705048AE
:107AB00048EC0000000078888060100888F0000022
:107AC0000000F8A820202020207000000000CC48F2
:107AD00048484848483000000000CC4848505030E2
:107AE000202000000000A8A8A8A870505050000056
:107AF0000000D8505020205050D800000000D8502E
:107B000050502020207000000000F89010202040ED
:107B100048F8000038202020202020202020380095
:107B20000040402020201010100808007010101095
:107B30001010101010107000205000000000000005
:107B4000000000000000000000000000000000FC39
:107B500040200000000000000000000000000000C5
:107B600000304838483C000000C040404070484861
:107B70004870000000000000003848404830000015
:107B80000018080808384848483C00000000000079
:107B90000030487840380000001824202078202049
:107BA0002078000000000000003C48304038443895
:107BB00000C040404070484848EC000000202000D1
:107BC0000060202020700000001010000030101015
:107BD000101010E000C040404058506050C80000F5
:107BE00000E020202020202020F8000000000000DD
:107BF00000F0A8A8A8A800000000000000F0484875
:107C000048EC000000000000003048484830000008
:107C10000000000000F04848487040E0000000000C
:107C2000003848484838081C0000000000D8604070
:107C300040E00000000000000078403008780000BC
:107C400000000020207820202038000000000000E4
:107C500000D84848483C00000000000000D85050C0
:107C6000202000000000000000A8A8705050000074
:107C70000000000000D8502050D800000000000094
:107C800000CC4848301020C00000000000781020D0
:107C9000207800001810101010301010101018006C
:107CA0001010101010101010101010106020202054
:107CB00020102020202060006890000000000000BC
:107CC00000000000000000000000000000000000B4
:107CD0000000000000000010101010101010000034
:107CE00010100000001224244800000000000000D2
:107CF000000000000000001212127E2424247E24C2
:107D0000242400000000083C4A4A48380C0A0A4A69
:107D10004A3C080800000044A4A8A8B0541A2A2A23
:107D20004A44000000000030484848506EA494982F
:107D30008976000000602020400000000000000064
:107D400000000000000204080810101010101008B5
:107D50000804020000402010100808080808081055
:107D600010204000000000001010D63838D6101047
:107D70000000000000000000000808087F08080854
:107D800000000000000000000000000000000000F3
:107D90006020204000000000000000007E00000085
:107DA00000000000000000000000000000000000D3
:107DB0006060000000000204040408081010102095
:107DC0002040400000000018244242424242424209
:107DD00024180000000000083808080808080808EF
:107DE000083E00000000003C42424202040810200D
:107DF000427E00000000003C42420204180402429D
:107E0000423C0000000000040C0C142424447F04B5
:107E1000041F00000000007E4040407844020242FF
:107E200044380000000000182440405C6242424296
:107E3000221C00000000007E4204040808101010FC
:107E4000101000000000003C42424224182442422C
:107E5000423C00000000003844424242463A0202DE
:107E600024180000000000000000181800000000A6
:107E700018180000000000000000001000000000C2
:107E8000001010100000000204081020402010080C
:107E9000040200000000000000007E00007E0000E0
:107EA0000000000000000040201008040204081038
:107EB000204000000000003C424262040808080024
:107EC0001818000000000038445AAAAAAAAAAA5CFE
:107ED000423C00000000001010182828243C4442B6
:107EE00042E70000000000F8444444784442424223
:107EF00044F800000000003E4242808080808042C2
:107F000044380000000000F84442424242424242EB
:107F100044F80000000000FC4248487848484042CD
:107F200042FC0000000000FC4248487848484040BD
:107F300040E000000000003C44448080808E844487
:107F400044380000000000E7424242427E42424282
:107F500042E700000000007C1010101010101010FC
:107F6000107C00000000003E080808080808080807
:107F7000080888F0000000EE44485070504848441B
:107F800044EE0000000000E04040404040404040DF
:107F900042FE0000000000EE6C6C6C6C6C5454549B
:107FA00054D60000000000C7626252524A4A4A4654
:107FB00046E200000000003844828282828282828F
:107FC00044380000000000FC424242427C404040F5
:107FD00040E000000000003844828282828282B247
:107FE0004C380600000000FC4242427C48484444B1
:107FF00042E300000000003E4242402018040242DA
:10800000427C0000000000FE9210101010101010B2
:1080100010380000000000E7424242424242424221
:10802000423C0000000000E7424244242428281873
:1080300010100000000000D654545454546C2828EA
:1080400028280000000000E74224241818182424DF
:1080500042E70000000000EE4444282810101010F1
:10806000103800000000007E840408081020204220
:1080700042FC0000001E1010101010101010101004
:1080800010101E00000040202020101010080804CE
:10809000040402020078080808080808080808080C
:1080A000080878000018240000000000000000000C
:1080B00000000000000000000000000000000000C0
:1080C000000000FF00601000000000000000000041
:1080D000000000000000000000000038440C3444A0
:1080E0004C36000000000000C0404058644242424C
:1080F00064580000000000000000001C22404040C6
:10810000221C0000000000000602023E42424242E1
:10811000463B0000000000000000003C42427E4060
:10812000423C0000000000000C12107C10101010E7
:10813000107C0000000000000000003E4444384075
:108140003C42423C00000000C040405C624242426F
:1081500042E70000000000303000007010101010E6
:10816000107C00000000000C0C00001C040404043F
:108170000404447800000000C040404E485070485D
:1081800044EE0000000000107010101010101010CD
:10819000107C000000000000000000FE4949494931
:1081A00049ED000000000000000000DC6242424295
:1081B00042E70000000000000000003C4242424252
:1081C000423C000000000000000000D8644242422F
:1081D000645840E0000000000000001A26424242BD
:1081E000261A020700000000000000EE32202020C6
:1081F00020F80000000000000000003E42403C0269
:10820000427C0000000000000010107C10101010D4
:10821000120C000000000000000000C64242424272
:10822000463B000000000000000000EE4444282807
:108230001010000000000000000000DB894A5A54C2
:108240002424000000000000000000762418181804
:10825000246E000000000000000000E74224241803
:1082600018101060000000000000007E440810108C
:10827000227E00000003040404040404080404042F
:108280000404030008080808080808080808080883
:108290000808080800C020202020202010202020CE
:1082A0002020C000205A0400000000000000000050
:1082B00000000000000000000000000000000000BE
:1082C00000000000000000000000000000000000AE
:1082D000000000000000000000000000000000009E
:1082E000000000000000000000000000000000008E
:1082F000000000000000000000000000000000007E
:1083000003C003C003C003C003C003C001C0018099
:1083100001800180018001800180018001800000D6
:1083200000000000018003C003C0018000000000C5
:1083300000000000000000000318073807380E7026
:108340000C6018C031802100000000000000000017
:10835000000000000000000000000000000000001D
:10836000000000000000000000000000000000000D
:1083700000000000000000000000000000000000FD
:10838000040804080408040804087FFE7FFE7FFE3A
:108390000810081008100810081008107FFE7FFE53
:1083A0007FFE183010201020102010200000000048
:1083B00000000000000000000000000001000100BB
:1083C00003C00D3009181918193819381D000D008F
:1083D0000F00070003C001E001F00130013801186F
:1083E0003918391831183130196007C001000100FF
:1083F000010000000000000000000000000000007C
:1084000038106C104420C620C640C640C640C68006
:10841000C68044806D38396C024402C602C604C668
:1084200004C608C608C60844106C103800000000D6
:10843000000000000000000000000000000000003C
:108440000F001900318031803180318031003300DC
:108450003A001C00387C3C104C10CE10C620C720BF
:10846000C320C1C0C1C260E6317C1E3800000000DC
:10847000000000000000000038003C003C000C0040
:108480000C00080030006000000000000000000048
:1084900000000000000000000000000000000000DC
:1084A00000000000000000000000000000000000CC
:1084B0000000000000000000000200040008001896
:1084C000003000200060004000C000C0018001803A
:1084D000018001800180018001800180018000C055
:1084E00000C00040006000200030001800080004B8
:1084F00000020000000000004000200010001800F2
:108500000C0004000600020003000300018001804B
:1085100001800180018001800180018001800300D1
:1085200003000300060004000C00180010002000E7
:1085300040000000000000000000000000000000FB
:108540000000000000C001C001C030C6388E1C9C75
:1085500006B001C001C006B01C9C388E318601C037
:1085600001C001C000000000000000000000000089
:1085700000000000000000000000000000000000FB
:10858000000000000000008000800080008000806B
:10859000008000803FFE008000800080008000801E
:1085A00000800080000000000000000000000000CB
:1085B00000000000000000000000000000000000BB
:1085C00000000000000000000000000000000000AB
:1085D000000000000000000000000000000000009B
:1085E0000000000038003C003C000C000C000800BB
:1085F00030006000000000000000000000000000EB
:10860000000000000000000000000000000000006A
:10861000000000007FFE00000000000000000000DD
:10862000000000000000000000000000000000004A
:10863000000000000000000000000000000000003A
:10864000000000000000000000000000000000002A
:10865000000000000000000000000000000000001A
:108660000000000018003C003C0018000000000062
:1086700000000000000000000000000200060004EE
:10868000000C0008001800100030002000600040BE
:1086900000C0008001800100030002000600040009
:1086A0000C0008001800100030002000600040009E
:1086B00000000000000000000000000000000000BA
:1086C00003C006200C30181818181808300C300C8D
:1086D000300C300C300C300C300C300C300C300CBA
:1086E0001808181818180C30062003C000000000E5
:1086F000000000000000000000000000000000007A
:10870000008001801F800180018001800180018044
:108710000180018001800180018001800180018051
:10872000018001800180018003C01FF8000000006B
:108730000000000000000000000000000000000039
:1087400007E008381018200C200C300C300C000CFE
:10875000001800180030006000C001800300020013
:10876000040408041004200C3FF83FF80000000047
:1087700000000000000000000000000000000000F9
:1087800007C0186030303018301830180018001842
:108790000030006003C0007000180008000C000CDE
:1087A000300C300C30083018183007C000000000C2
:1087B00000000000000000000000000000000000B9
:1087C0000060006000E000E00160016002600460A1
:1087D00004600860086010603060206040607FFCCA
:1087E0000060006000600060006003FC00000000AA
:1087F0000000000000000000000000000000000079
:108800000FFC0FFC100010001000100010001000F2
:1088100013E0143018181008000C000C000C000CA9
:10882000300C300C20182018183007C00000000051
:108830000000000000000000000000000000000038
:1088400001E006180C18081818001000100030007D
:1088500033E0363038183808300C300C300C300C1F
:10886000300C180C18080C180E3003E00000000043
:1088700000000000000000000000000000000000F8
:108880001FFC1FFC1008301020102020002000408A
:108890000040004000800080010001000100010054
:1088A00003000300030003000300030000000000B6
:1088B00000000000000000000000000000000000B8
:1088C00007E00C301818300C300C300C380C38081D
:1088D0001E180F2007C018F030783038601C600C6C
:1088E000600C600C600C3018183007C000000000ED
:1088F0000000000000000000000000000000000078
:1089000007C01820301030186008600C600C600C34
:10891000600C600C701C302C186C0F8C000C001854
:10892000001800103030306030C00F8000000000B0
:108930000000000000000000000000000000000037
:1089400000000000000000000000000000000180A6
:1089500003C003C001800000000000000000000010
:1089600000000000018003C003C00180000000007F
:1089700000000000000000000000000000000000F7
:1089800000000000000000000000000000000000E7
:10899000038003800380000000000000000000004E
:1089A00000000000000003800380038001800300BA
:1089B00003000000000000000000000000000000B4
:1089C00000040008001000200040008001000200A8
:1089D000040008001000100008000400020001005C
:1089E000008000400020001000080004000000008B
:1089F0000000000000000000000000000000000077
:108A000000000000000000000000000000007FFEE9
:108A1000000000000000000000007FFE00000000D9
:108A20000000000000000000000000000000000046
:108A30000000000000000000000000000000000036
:108A40002000100008000400020001000080004027
:108A500000200010000800080010002000400080E6
:108A600001000200040008001000200000000000C7
:108A700000000000000000000000000000000000F6
:108A800003E00C18180C10063006380638063806B5
:108A9000000C0018007000C0008000800080008082
:108AA00000000000018003C003C00180000000003E
:108AB00000000000000000000000000000000000B6
:108AC00003E006100C08180430D431B221326332AE
:108AD000632266226622662266626664666426E80F
:108AE000333030021004180C0C1803E000000000B2
:108AF0000000000000000000000000000000000076
:108B0000038003800380038004C004C004C004C049
:108B10000C4008600860086018201FF0103010300A
:108B20001030201820182018601CF83E00000000AB
:108B30000000000000000000000000000000000035
:108B40007FE018381818180C180C180C180C180C92
:108B5000181818301FE01818180C180418061806F2
:108B6000180618061806180C18187FF000000000E8
:108B700000000000000000000000000000000000F5
:108B800003E0061C080C18063002300230006000BA
:108B900060006000600060006000600060006000D5
:108BA00030023002100418080C1003E0000000002E
:108BB00000000000000000000000000000000000B5
:108BC0007FC0187018181808180C180C180618060A
:108BD00018061806180618061806180618061804A7
:108BE000180C180C1818181818607FC00000000026
:108BF0000000000000000000000000000000000075
:108C00007FFC180C1804180218021800180018101D
:108C1000181018301FF0183018101810180018000D
:108C20001800180218021804180C7FFC000000003D
:108C30000000000000000000000000000000000034
:108C40007FFC181C180418021802180018001810CD
:108C5000181018301FF018301810181018101800BD
:108C6000180018001800180018007E00000000000E
:108C700000000000000000000000000000000000F4
:108C800003C00C30081018183008300820006000AD
:108C90006000600060006000607E6018601820184E
:108CA00030183018101818180C2007C000000000E9
:108CB00000000000000000000000000000000000B4
:108CC000FC3F300C300C300C300C300C300C300CC5
:108CD000300C300C3FFC300C300C300C300C300CB5
:108CE000300C300C300C300C300CFC3F000000001D
:108CF0000000000000000000000000000000000074
:108D00001FF80180018001800180018001800180C5
:108D1000018001800180018001800180018001804B
:108D2000018001800180018001801FF800000000A7
:108D30000000000000000000000000000000000033
:108D400007FE00600060006000600060006000607E
:108D50000060006000600060006000600060006013
:108D6000006000600060006000600060706070C0C3
:108D700071803F00000000000000000000000000C3
:108D80007E7C183018201860184018801880190050
:108D900019001B001D801D8018C018C018601860C5
:108DA000183018301830181818187E3E00000000CF
:108DB00000000000000000000000000000000000B3
:108DC0007E0018001800180018001800180018007D
:108DD00018001800180018001800180018001800D3
:108DE0001800180218021804180C7FFC000000007C
:108DF0000000000000000000000000000000000073
:108E0000F00F381C381C381C381C382C2C2C2C2CFF
:108E10002C2C2C4C2C4C264C264C264C268C228C54
:108E2000238C238C230C230C210CF13F0000000029
:108E30000000000000000000000000000000000032
:108E4000F01F380438042C042C04260426042304C0
:108E500023042184218420C420C42064206420347D
:108E60002034201C201C200C200CF80400000000E2
:108E700000000000000000000000000000000000F2
:108E800003C00C3018181008300C300C6004600659
:108E900060066006600660066006600660062006E2
:108EA000300C300C100818180C3003C00000000003
:108EB00000000000000000000000000000000000B2
:108EC0007FF01818180C1806180618061806180649
:108ED0001806180C18181FE01800180018001800C1
:108EE000180018001800180018007E00000000008C
:108EF0000000000000000000000000000000000072
:108F000003C00C3018181008300C300C60066006D6
:108F10006006600660066006600660066006600621
:108F2000278438CC386C18780C7003E00032003C91
:108F3000001C000000000000000000000000000015
:108F40007FE018381818180C180C180C180C180C8E
:108F5000181818301FE018C018C018601860186082
:108F6000183018301830181818187E1E000000002D
:108F700000000000000000000000000000000000F1
:108F80000FC818783018601860086008600070001A
:108F90003C001F0007C001F000780018001C400CC6
:108FA000400C600C200C3018383027E00000000026
:108FB00000000000000000000000000000000000B1
:108FC0003FFC318421864182418201800180018001
:108FD0000180018001800180018001800180018089
:108FE0000180018001800180018007E00000000015
:108FF0000000000000000000000000000000000071
:10900000FC3E30083008300830083008300830089E
:109010003008300830083008300830083008300890
:1090200030083008300818101C2007C0000000006D
:109030000000000000000000000000000000000030
:109040007C1E180C1808180818080C100C100C10AE
:109050000C100C200620062006200640034003408A
:109060000340038001800180010001000000000036
:1090700000000000000000000000000000000000F0
:10908000F3CF618661842184208430C431C431C42B
:1090900031C831C811C812481A681A681A701C7091
:1090A0000C700C700C300C20082008200000000010
:1090B00000000000000000000000000000000000B0
:1090C0007C3E180818100C100C20062006400340A7
:1090D000038001800180018001C002C00260046041
:1090E0000470083008301818101C7C3E0000000086
:1090F0000000000000000000000000000000000070
:109100007E3E3808180818100C100C100C20062091
:10911000062003400340038001800180018001801C
:109120000180018001800180018007E000000000D3
:10913000000000000000000000000000000000002F
:109140001FFE1C0C180C3018201800300060006046
:1091500000C000C00180018003000300060006007B
:109160000C00180218063004301C7FFC00000000C0
:109170000000000000000000000003FC03000300EA
:1091800003000300030003000300030003000300C7
:1091900003000300030003000300030003000300B7
:1091A000030003000300030003000300030003FCAB
:1091B0000000000000000000000000000000180097
:1091C000180008000C00040006000600020003005E
:1091D000010001800180008000C00040006000604C
:1091E00000300030003000180018000C000C000C9B
:1091F000000600000000000000003FC000C000C0EA
:1092000000C000C000C000C000C000C000C000C05E
:1092100000C000C000C000C000C000C000C000C04E
:1092200000C000C000C000C000C000C000C03FC0FF
:10923000000000000000000003C003E0062008104A
:10924000000000000000000000000000000000001E
:10925000000000000000000000000000000000000E
:1092600000000000000000000000000000000000FE
:1092700000000000000000000000000000000000EE
:1092800000000000000000000000000000000000DE
:1092900000000000000000000000000000000000CE
:1092A00000000000000000000000000000000000BE
:1092B0000000FFFF000000001E000300008000000F
:1092C000000000000000000000000000000000009E
:1092D000000000000000000000000000000000008E
:1092E000000000000000000000000000000000007E
:1092F000000000000000000000000000000000006E
:10930000000000000000000000000000000007E076
:109310001830301830183018003807D81C1830189A
:10932000601860186018601930791F8E0000000006
:109330000000000000000000000000000000080025
:10934000780018001800180018001800180019E01C
:109350001A381C181C0C180C180C180C180C180CAB
:10936000180C180C18081C181C3013E00000000022
:1093700000000000000000000000000000000000ED
:10938000000000000000000000000000000003E0FA
:109390000E100C1818183018300030003000300053
:1093A00030003004180418080C1003E0000000001E
:1093B00000000000000000000000000000000008A5
:1093C000007800180018001800180018001807D8B6
:1093D0000C38181818183018301830183018301881
:1093E00030183018101818380C5E07900000000074
:1093F000000000000000000000000000000000006D
:10940000000000000000000000000000000003C099
:109410000C3008181808300C300C300C3FFC3000B1
:1094200030003000180418080E1803E00000000097
:10943000000000000000000000000000000000002C
:10944000007C0186010603060300030003003FF8C9
:1094500003000300030003000300030003000300F4
:10946000030003000300030003001FF000000000DE
:1094700000000000000000000000000000000000EC
:10948000000000000000000000000000000003EEEB
:109490000C36081818181818181808180C300FE08F
:1094A000180018001FC00FF8181C300C300C300CBE
:1094B000181807E00000000000000000000008008D
:1094C000780018001800180018001800180019E09B
:1094D0001A301C18181818181818181818181818EE
:1094E000181818181818181818187E7E0000000090
:1094F000000000000000000000000000000000006C
:10950000018003C0018000000000000000801F8077
:109510000180018001800180018001800180018043
:10952000018001800180018001801FF8000000009F
:10953000000000000000000000000000000000002B
:10954000003800780030000000000000001003F038
:10955000003000300030003000300030003000308B
:109560000030003000300030003000300030186033
:1095700018400F80000000000000000000000800FC
:109580007800180018001800180018001800187C3F
:10959000183018201840188019801B801EC01CC06D
:1095A0001860183018301818181C7E3E0000000093
:1095B000000000000000000000000000000000802B
:1095C0001F80018001800180018001800180018075
:1095D0000180018001800180018001800180018083
:1095E000018001800180018001801FF800000000DF
:1095F000000000000000000000000000000000006B
:109600000000000000000000000000002000EF3C0F
:1096100071C66186618661866186618661866186C2
:1096200061866186618661866186F3CF00000000F5
:10963000000000000000000000000000000000002A
:10964000000000000000000000000000000009E031
:109650007A301C181818181818181818181818180C
:10966000181818181818181818187E7E000000000E
:1096700000000000000000000000000000000000EA
:10968000000000000000000000000000000003C017
:109690000C3008181818100C300C300C300C300C32
:1096A000300C300C181818180C3003C000000000E3
:1096B00000000000000000000000000000000000AA
:1096C000000000000000000000000000000009E0B1
:1096D0007A301C181808180C180C180C180C180CD8
:1096E000180C180C18181C181E3019E01800180057
:1096F00018007E00000000000000000000000000D4
:10970000000000000000000000000000000003C88E
:109710000C781838181830183018301830183018DD
:1097200030183018101818380C78079800180018DE
:109730000018007E00000000000000000000000093
:109740000000000000000000000000000000061CF7
:109750007E660686078007000600060006000600F3
:10976000060006000600060006007FE0000000007C
:1097700000000000000000000000000000000000E9
:10978000000000000000000000000000000003E4F2
:10979000061C0C0C0C040C040E0007C001F0007831
:1097A000001C100C100C180C1C1813F0000000000A
:1097B00000000000000000000000000000000000A9
:1097C00000000000010001000100030007003FF855
:1097D0000300030003000300030003000300030071
:1097E0000300030003040304018800F000000000EC
:1097F0000000000000000000000000000000000069
:109800000000000000000000000000000808787858
:1098100018181818181818181818181818181818C8
:1098200018181818181818380C5E07900000000057
:109830000000000000000000000000000000000028
:1098400000000000000000000000000000007C3E5E
:10985000180C180818180C100C10042006200620EC
:109860000340034003C001800180010000000000AC
:1098700000000000000000000000000000000000E8
:109880000000000000000000000000000000FBCF0E
:10989000618621843184318431C811C81AC81A48BC
:1098A0001A700E700C700C300C20042000000000A8
:1098B00000000000000000000000000000000000A8
:1098C00000000000000000000000000000003E7CDE
:1098D0000C100E100620034003400180018001C0DF
:1098E000026004600430081818187C7E0000000034
:1098F0000000000000000000000000000000000068
:1099000000000000000000000000000000007C3E9D
:109910001818181008100C10042006200620024009
:1099200003400140018001800100010001000200AC
:109930003E003C00000000000000000000000000AD
:1099400000000000000000000000000000003FF8E0
:1099500030383030206020E000C0018003800300F8
:1099600006000E040C04180C30183FF8000000002C
:109970000000000000000000000C0010002000208B
:1099800000200020002000200020002000200020D7
:10999000002000C0018000400020002000200020A6
:1099A00000200020002000200020002000200010C7
:1099B000000C00000080008000800080008000809B
:1099C0000080008000800080008000800080008097
:1099D0000080008000800080008000800080008087
:1099E0000080008000800080008000800080008077
:1099F0000080008000000000180004000200020047
:109A00000200020002000200020002000200020046
:109A10000200018000C001000200020002000200FA
:109A20000200020002000200020002000200040024
:109A30001800000000001E0023004182408200E464
:109A400000380000000000000000000000000000DE
:109A50000000000000000000000000000000000006
:109A600000000000000000000000000000000000F6
:109A700000000000C9EE000027FC140414A48110AB
:109A800042084040104017FC2040E0E021502248AE
:109A90002C4620400040C9EE0000000000001000ED
:109AA000000800080C7FFC04401001C8A0021860E8
:109AB00042301832231812C30014030004030C04AC
:109AC0007FF0080F80080B4078136018332018636C
:109AD0001818831C19030818030000030000000075
:109AE000BFA800000000000000000000000000030C
:109AF000800000018000000180000001BE00000124
:109B0000F8000001800000018000000180000001D9
:109B100087F80001FFF800FF80001FF380000E01AE
:109B20008000000180000001B00000019C000001E5
:109B30008E00000187000001830000018000000109
:109B4000800000018000000180000001800000030F
:109B50008000000180000001000000000000000003
:109B60000000E7EA00000000000000000000000024
:109B700000000400000007000000070000000600CD
:109B800000380C0001F8080003C0180000C03000C5
:109B900000C021F000C1FF7800C1803000F88030A3
:109BA00007E0803000C0863000C0FE3000C080304A
:109BB00000D8803000E0803001C080300700FFB066
:109BC0003C00807018008070000080700000002051
:109BD0000000002000000000000000000000000065
:109BE00000000000C1D600000000000000000000DE
:109BF00000000000000000C01C0000E01C0000602D
:109C000018000060080000600800004008000040E4
:109C1000084000400FE0007C7E0003F3F8003FC0E6
:109C2000180000C0380001C02C0001F86E00035875
:109C3000CB000240C980064189C00C4308F00842AD
:109C4000187E104418382048180000C0180000C0C2
:109C50001800004018000040180000000800000034
:109C6000000000000000D6C7000000000000000057
:109C7000002000000038000000300000003000002C
:109C800000618000004F006000F837F80198183834
:109C900001181030001F9020007818601F901BE002
:109CA0000C370C00003380000061800000401C0075
:109CB0000091FE00011E0F000608060000080600C5
:109CC0000009E600000E0600000806000008060075
:109CD00000082600000FFE0000080C0000080C0021
:109CE00000000C0000000000C4DC000000000000C8
:109CF0000000000000000040C0000060E00000E044
:109D0000400000C043000080470001985C00030C45
:109D10007000020E4040043E40400FC640400E001E
:109D200071C000103FC003F800000218C000021804
:109D300063000258430003F8470002185C00021851
:109D4000700003D840000618401006184010041890
:109D500040100C7860380C383FF808181FE00010ED
:109D600000000000000000000000BFC6000000006E
:109D7000000000000000000000000700000C03804D
:109D8000000E0300003803000060030000E0330011
:109D900003303B0000300B0000260300003E0300B0
:109DA00003E073003F6033001860030C00F803FE0B
:109DB00001AC1F800123F3000220030004200300F4
:109DC00008200300102003002020030000200300CF
:109DD000006003000060030000200100002001007B
:109DE000000001000000000000000000BCBC0000FA
:109DF000000000000000000000000060180000707B
:109E00001C0000601C0000600C0000600800006086
:109E1000080000600FC000607F0000F9F8000FE04C
:109E20001800006018000060180000681F00007033
:109E30007F800063C30001E00300036182001E60B5
:109E400066003C60360018601C0000601C0000606A
:109E50003F000060E38001E3C1F000E400FE004049
:109E60000000000000000000000000000000D3D04F
:109E70000000000000000000000300000001C0001E
:109E800000018000000180000003006000033FF833
:109E9000003FF8000FE6000000060000000C000084
:109EA000000C1800001DFE00003E0E00003C0C00DF
:109EB000006C0C0000CDEC00018F0C0003080C00BE
:109EC0000608040008086400100FC400000804001D
:109ED00000180600001806000018060000102E00EA
:109EE00000101C0000001C00000008000000000022
:109EF000CFDE0000000000000000000000000000B5
:109F0000000000000F0000603F8001F3C7000E71E9
:109F100006000C6106000C41360004C1C60004C1F5
:109F200004000441040004411C000461F58005E1C3
:109F300001C004F1C3800431660004013C00040147
:109F4000180004010E00040107000C0103C00C01FD
:109F500011F00C0120FC0C03C0000C03C0000C032A
:109F6000800000030000000100000000000000006D
:109F70000000B9AB0000000000000000000000007D
:109F80000000000000030000000180000000C0008D
:109F900000004000000020000020300000381800C1
:109FA0000030180000700C000060060000E00700A0
:109FB00000C003C0018003E0030301FC0303807CB5
:109FC0000607000008060000100C1000000818002A
:109FD00000180C000030FE00007F8E0000F8060024
:109FE00000E0060000800200000000000000000009
:109FF00000000000CBBE00000000000000000000D8
:10A0000000000000000000001F800003FFC0003FB0
:10A0100001E0000000C0000000C0000000C0001F00
:10A02000C0C0007F00C0000000C0000000C00000F1
:10A0300080C0000FE0C003F0E0C00180C0C001801C
:10A04000C0C00080C0C00080C0C000DFC0C000E051
:10A0500000C0004000C0000001C0000001C00000BE
:10A060000980000007800000078000000300000056
:10A07000020000000000CAE4000000000000000030
:10A080000200100003801C000300380006003400AA
:10A09000061062007FF863000400C1800C0181C0DB
:10A0A0000903437009C6BFBE198C00181194100033
:10A0B00031A7F8183FFE311021863110018631108A
:10A0C0000187F110018631100186311001FE311037
:10A0D0003F87F11031863110018631100186311031
:10A0E0000186301001863010018631F001867070D3
:10A0F0000184202000000000C8EB000000000000E8
:10A1000000000000000000300000003C00000006DD
:10A1100000000003000000010000000180000001B9
:10A1200080000003C0000003C000000340000006E0
:10A1300060000006600000062000000C3000000CEB
:10A1400030000018180000301C0000300C000060C7
:10A15000060000C0070001800380010001C002006A
:10A1600000F00400007C08000038300000104000BF
:10A1700000000000000000000000B3F60000000036
:10A1800000000000000100000001C000000180008C
:10A190000001800000018080030180E0030180C095
:10A1A000030180C0030180C0030180C0030180C09F
:10A1B000030180C0030180C007FFFFC0020180C00F
:10A1C00000018000000180000401804006018070D1
:10A1D00006018060060180600601806006018060E3
:10A1E0000601806006018060060180600FFFFFE0CD
:10A1F000040000600000006000000000B5E70000FF
:10A2000000000000000000020000000380000003C6
:10A21000000000030000000300000403008007FFAB
:10A22000FFC0060300C0060300C0060300C006030B
:10A2300000C0060300C007FFFFC0060300C00603FE
:10A2400000C0060300C0060300C0060300C00603EA
:10A2500000C007FFFFC0060300C00603000800039C
:10A2600000080003000800030008000300180003B2
:10A27000FFFC0001FFF80000000000000000D1B961
:10A28000000000000000000000000020000000703E
:10A2900003FFFFF803000000030080000300E0005C
:10A2A0000300E0000300C0000300C0000300C00082
:10A2B0000300C0000300C0000300C0C0037FFFE034
:10A2C0000300C0000200C0000200C0000200C6007F
:10A2D0000600C3000600C1800600C1C00600C0C061
:10A2E0000400C0C00C00C0C00800C0001800C018A6
:10A2F00017FFFFFC200000004000000000000000ED
:10A30000C1F7000000000000000000004000000055
:10A3100070000400300003003030039FFFF801801C
:10A320002000010070000000C000002081002021FA
:10A330000080184200C01C4FFFE00C8700600C84B6
:10A3400000200084410001063180010421800304C3
:10A35000218002042180060C21803E0C21800E0CFD
:10A360002180060C2188040821880C1821880C30D3
:10A37000210C0C20218E0CC021FC010040000000AB
:10A380000000D0A700000000000000000000040052
:10A390000080070000E00E0000600C0000700C0060
:10A3A00000318C001FFFD8000000180801081FFCB6
:10A3B00001863020030730600603306004015060DE
:10A3C0000C085060180C8840120C88C0211808C076
:10A3D00000900C80007005800030050000780700B8
:10A3E00000CC0700008E0D0001061980020230C06B
:10A3F000040060700800803C10030018000C00008E
:10A4000000000000C2CA00000000000000000002BE
:10A4100000000003800000018000000180201FFF79
:10A42000FFF000030000000300000C061040070CC2
:10A4300038E003983180013FE3000138C400000197
:10A44000800000430200008621C0030818E00E3F90
:10A45000FC301C3D0C300801880000018000000128
:10A4600080183FFFFFFC0001800000018000000118
:10A4700080000001800000018000000180000001D8
:10A48000000000000000B9A600000000000000006D
:10A490000000080000000E0000000C0000000C008E
:10A4A00000060C003FFF0C0000C00C0000C00C00B8
:10A4B00000C00C0800C3FFFC00C00C1800C0081846
:10A4C00000C0081800C0081800C0181800C01818EC
:10A4D00000C0181800C0101000C7301000F830106D
:10A4E00003C020103F0060303C00C03010018030BD
:10A4F0000001003000061830000C07E0003001E0D9
:10A500000040008000000000C1BF0000000000000B
:10A5100000000000010001FFFF80018001000180B8
:10A52000010001FFFF00018001000180010001FF27
:10A53000FF0001800180010000087FFFFFFC000098
:10A5400000000000000001FFFF8001818180018187
:10A55000818001FFFF8001818180018181800181F3
:10A56000818001FFFF8001818100000180C007FF21
:10A57000FFE00001800000018000000180183FFF23
:10A58000FFFC0000000000000000B3D80000000045
:10A59000000000000800100006001800070010006E
:10A5A0000300100003001000010610000126100037
:10A5B00040261020204611F018461E601846F06014
:10A5C0000C8F10600CF610600C8610600106106095
:10A5D0000106106003061060020610600206146097
:10A5E000060613E03C0610C00C0610080C06100806
:10A5F0000C0600080C0600080C06000C0C07FFFCFB
:10A600000C03FFF8000000000000000000107800BC
:10A610005000011B000000000000000000000000CE
:10A62000000000000000000000000000000000002A
:10A63000000000000000000000000000000000001A
:10A64000000000000000000000000000000000000A
:10A6500000000000000000000000000000000000FA
:10A6600000000000000000000000000000000000EA
:10A6700000000000000000000000000000000000DA
:10A6800000000000000000000000000000000000CA
:10A6900000000000000000000000000000000000BA
:10A6A00000000000000000000000000000000000AA
:10A6B000000000000000000000000000000000009A
:10A6C000000000000000000000000000000000008A
:10A6D000000000000000000000000000000000007A
:10A6E000000000000000000000000000000000006A
:10A6F000000000000000000000000000000000005A
:10A700000000000000000000000000000000000049
:10A710000000000000000000000000000000000039
:10A720000000000000000000000000000000000029
:10A730000000000000000000000000000000000019
:10A740000000000000000000000000000000000009
:10A7500000000000000000000000000000000000F9
:10A7600000000000000000000000000000000000E9
:10A7700000000000000000000000000000000000D9
:10A7800000000000000000000000000000000000C9
:10A7900000000000000000000000000000000000B9
:10A7A00000000000000000000000000000000000A9
:10A7B0000000000000000000000000000000000099
:10A7C0000000000000000000000000000000000089
:10A7D0000000000000000000000000000000000079
:10A7E0000000000000000000000000000000000069
:10A7F0000000000000000000000000000000000059
:10A800000000000000000000000000000000000048
:10A810000000000000000000000000000000000038
:10A820000000000000000000000000000000000028
:10A830000000000000000000000000000000000018
:10A840000000000000000000000000000000000008
:10A8500000000000000000000000000000000000F8
:10A8600000000000000000000000000000000000E8
:10A8700000000000000000000000000000000000D8
:10A8800000000000000000000000000000000000C8
:10A8900000000000000000000000000000000000B8
:10A8A00000000000000000000000000000000000A8
:10A8B0000000000000000000000000000000000098
:10A8C0000000000000000000000000000000000088
:10A8D0000000000000000000000000000000000078
:10A8E0000000000000000000000000000000000068
:10A8F0000000000000000000000000000000000058
:10A900000000000000000000000000000000000047
:10A910000000000000000000000000000000000037
:10A920000000000000000000000000000000000027
:10A930000000000000000000000000000000000017
:10A940000000000000000000000000000000000007
:10A9500000000000000000000000000000000000F7
:10A9600000000000000000000000000000000000E7
:10A9700000000000000000000000000000000000D7
:10A9800000000000000000000000000000000000C7
:10A9900000000000000000000000000000000000B7
:10A9A00000000000000000000000000000000000A7
:10A9B0000000000000000000000000000000000097
:10A9C0000000000000000000000000000000000087
:10A9D0000000000000000000000000000000000077
:10A9E0000000000000000000000000000000000067
:10A9F0000000000000000000000000000000000057
:10AA00000000000000000000000000000000000046
:10AA10000000000000000000000000000000000036
:10AA20000000000000000000000000000000000026
:10AA30000000000000000000000000000000000016
:10AA40000000000000000000000000000000000006
:10AA500000000000000000000000000000000000F6
:10AA600000000000000000000000000000000000E6
:10AA700000000000000000000000000000000000D6
:10AA800000000000000000000000000000000000C6
:10AA900000000000000000000000000000000000B6
:10AAA00000000000000000000000000000000000A6
:10AAB0000000000000000000000000000000000096
:10AAC0000000000000000000000000000000000086
:10AAD0000000000000000000000000000000000076
:10AAE0000000000000000000000000000000000066
:10AAF0000000000000000000000000000000000056
:10AB00000000000000000000000000000000000045
:10AB10000000108410041004100400000000000065
:10AB20000000000000000000000000000000000025
:10AB30000000000000000000000000000000000015
:10AB40000000000000000000000000000000000005
:10AB500000000000000000000000000000000000F5
:10AB600000000000000000000000000000000000E5
:10AB700000000000000000000000000000000000D5
:10AB800000000000000000000000000000000000C5
:10AB900000000000000000000000000000000000B5
:10ABA00000000000000000000000000000000000A5
:10ABB0000000000000000000000000000000000095
:10ABC0000000000000000000000000000000000085
:10ABD0000000000000000000000000000000000075
:10ABE0000000000000000000000000000000000065
:10ABF0000000000000000000000000000000000055
:10AC0000000018C610841084108418C610841084A4
:10AC10000000000000000000000000000000000034
:10AC20000000000000000000000000000000000024
:10AC30000000000000000000000000000000000014
:10AC40000000000000000000000000000000000004
:10AC500000000000000000000000000000000000F4
:10AC600000000000000000000000000000000000E4
:10AC700000000000000000000000000000000000D4
:10AC800000000000000000000000000000000000C4
:10AC900000000000000000000000000000000000B4
:10ACA00000000000000000000000000000000000A4
:10ACB0000000000000000000000000000000000094
:10ACC0000000000000000000000000000000000084
:10ACD0000000000000000000000000000000000074
:10ACE0000000000000000000000000000000000064
:10ACF000000018C600F800F800F800F800F800F8A6
:10AD000018C618C600000000000000000000000087
:10AD10000000000000000000000000000000000033
:10AD20000000000000000000000000000000000023
:10AD30000000000000000000000000000000000013
:10AD40000000000000000000000000000000000003
:10AD500000000000000000000000000000000000F3
:10AD600000000000000000000000000000000000E3
:10AD700000000000000000000000000000000000D3
:10AD800000000000000000000000000000000000C3
:10AD900000000000000000000000000000000000B3
:10ADA00000000000000000000000000000000000A3
:10ADB0000000000000000000000000000000000093
:10ADC0000000000000000000000000000000000083
:10ADD0000000000000000000000000000000000073
:10ADE000000018C600F800F800F8108400F800F819
:10ADF00000F800F818C60000000000000000000085
:10AE00000000000000000000000000000000000042
:10AE10000000000000000000000000000000000032
:10AE20000000000000000000000000000000000022
:10AE30000000000000000000000000000000000012
:10AE40000000000000000000000000000000000002
:10AE500000000000000000000000000000000000F2
:10AE600000000000000000000000000000000000E2
:10AE700000000000000000000000000000000000D2
:10AE800000000000000000000000000000000000C2
:10AE900000000000000000000000000000000000B2
:10AEA00000000000000000000000000000000000A2
:10AEB0000000000000000000000000000000000092
:10AEC0000000000000000000000000000000000082
:10AED000000018C600F800F800F800F800F800F8C4
:10AEE00000F800F800F818C618C6000000000000BE
:10AEF0000000000000000000000000000000000052
:10AF00000000000000000000000000000000000041
:10AF10000000000000000000000000000000000031
:10AF20000000000000000000000000000000000021
:10AF30000000000000000000000000000000000011
:10AF40000000000000000000000000000000000001
:10AF500000000000000000000000000000000000F1
:10AF600000000000000000000000000000000000E1
:10AF700000000000000000000000000000000000D1
:10AF800000000000000000000000000000000000C1
:10AF900000000000000000000000000000000000B1
:10AFA00000000000000000000000000000000000A1
:10AFB0000000000000000000000000000000000091
:10AFC000000018C600F800F800F800F800F800F8D3
:10AFD00000F800F800F800F800F818C600000000BB
:10AFE0000000000000000000000000000000000061
:10AFF0000000000000000000000000000000000051
:10B000000000000000000000000000000000000040
:10B010000000000000000000000000000000000030
:10B020000000000000000000000000000000000020
:10B030000000000000000000000000000000000010
:10B040000000000000000000000000000000000000
:10B0500000000000000000000000000000000000F0
:10B0600000000000000000000000000000000000E0
:10B0700000000000000000000000000000000000D0
:10B0800000000000000000000000000000000000C0
:10B0900000000000000000000000000000000000B0
:10B0A00000000000000000000000000000000000A0
:10B0B000000018C600F800F800F800F800F800F8E2
:10B0C00000F800F800F800F800F800F81004100488
:10B0D000100400000000000000000000000000005C
:10B0E0000000000000000000000000000000000060
:10B0F0000000000000000000000000000000000050
:10B10000000000000000000000000000000000003F
:10B11000000000000000000000000000000000002F
:10B12000000000000000000000000000000000001F
:10B13000000000000000000000000000000000000F
:10B1400000000000000000000000000000000000FF
:10B1500000000000000000000000000000000000EF
:10B1600000000000000000000000000000000000DF
:10B1700000000000000000000000000000000000CF
:10B1800000000000000000000000000000000000BF
:10B1900000000000000000000000000000000000AF
:10B1A000000018C600F800F800F800F800F800F8F1
:10B1B00000F800F800F800F800F800F818C618C603
:10B1C00018C60000000000000000000000000000A1
:10B1D000000000000000000000000000000000006F
:10B1E000000000000000000000000000000000005F
:10B1F000000000000000000000000000000000004F
:10B20000000000000000000000000000000000003E
:10B21000000000000000000000000000000000002E
:10B22000000000000000000000000000000000001E
:10B23000000000000000000000000000000000000E
:10B2400000000000000000000000000000000000FE
:10B2500000000000000000000000000000000000EE
:10B2600000000000000000000000000000000000DE
:10B2700000000000000000000000000000000000CE
:10B2800000000000000000000000000000000000BE
:10B29000000018C600F800F800F800F800F800F800
:10B2A00000F800F800F800F800F800F800F800F8DE
:10B2B00000F8108400000000000000000000000002
:10B2C000000000000000000000000000000000007E
:10B2D000000000000000000000000000000000006E
:10B2E000000000000000000000000000000000005E
:10B2F000000000000000000000000000000000004E
:10B30000000000000000000000000000000000003D
:10B31000000000000000000000000000000000002D
:10B32000000000000000000000000000000000001D
:10B33000000000000000000000000000000000000D
:10B3400000000000000000000000000000000000FD
:10B3500000000000000000000000000000000000ED
:10B3600000000000000000000000000000000000DD
:10B3700000000000000000000000000000000000CD
:10B38000000018C600F800F800F800F800F800F80F
:10B3900000F800F800F800F800F800F800F800F8ED
:10B3A00000F818C6000000000000000000000000C7
:10B3B000000000000000000000000000000000008D
:10B3C000000000000000000000000000000000007D
:10B3D000000000000000000000000000000000006D
:10B3E000000000000000000000000000000000005D
:10B3F000000000000000000000000000000000004D
:10B40000000000000000000000000000000000003C
:10B41000000000000000000000000000000000002C
:10B42000000000000000000000000000000000001C
:10B43000000000000000000000000000000000000C
:10B4400000000000000000000000000000000000FC
:10B4500000000000000000000000000000000000EC
:10B4600000000000000000000000000000000000DC
:10B47000000018C600F800F800F800F800F800F81E
:10B4800000F800F800F800F800F800F800F800F8FC
:10B4900000F800F810841084000000000000000094
:10B4A000000000000000000000000000000000009C
:10B4B000000000000000000000000000000000008C
:10B4C000000000000000000000000000000000007C
:10B4D000000000000000000000000000000000006C
:10B4E000000000000000000000000000000000005C
:10B4F000000000000000000000000000000000004C
:10B50000000000000000000000000000000000003B
:10B51000000000000000000000000000000000002B
:10B52000000000000000000000000000000000001B
:10B53000000000000000000000000000000000000B
:10B5400000000000000000000000000000000000FB
:10B5500000000000000000000000000000000000EB
:10B56000000018C600F800F800F800F800F800F82D
:10B5700000F800F800F800F800F800F800F800F80B
:10B5800000F800F818C618C600000000000000000F
:10B5900000000000000000000000000000000000AB
:10B5A000000000000000000000000000000000009B
:10B5B000000000000000000000000000000000008B
:10B5C000000000000000000000000000000000007B
:10B5D000000000000000000000000000000000006B
:10B5E000000000000000000000000000000000005B
:10B5F000000000000000000000000000000000004B
:10B60000000000000000000000000000000000003A
:10B61000000000000000000000000000000000002A
:10B62000000000000000000000000000000000001A
:10B63000000000000000000000000000000000000A
:10B6400000000000000000000000000000000000FA
:10B65000000018C600F800F800F800F800F800F83C
:10B6600000F800F800F800F800F800F800F800F81A
:10B6700000F800F800F800F8108400000000000056
:10B6800000000000000000000000000000000000BA
:10B6900000000000000000000000000000000000AA
:10B6A000000000000000000000000000000000009A
:10B6B000000000000000000000000000000000008A
:10B6C000000000000000000000000000000000007A
:10B6D000000000000000000000000000000000006A
:10B6E000000000000000000000000000000000005A
:10B6F000000000000000000000000000000000004A
:10B700000000000000000000000000000000000039
:10B710000000000000000000000000000000000029
:10B720000000000000000000000000000000000019
:10B730000000000000000000000000000000000009
:10B74000000018C600F800F800F800F800F800F84B
:10B7500000F800F800F800F800F800F800F800F829
:10B7600000F800F800F800F8108400000000000065
:10B7700000000000000000000000000000000000C9
:10B7800000000000000000000000000000000000B9
:10B7900000000000000000000000000000000000A9
:10B7A0000000000000000000000000000000000099
:10B7B0000000000000000000000000000000000089
:10B7C0000000000000000000000000000000000079
:10B7D0000000000000000000000000000000000069
:10B7E0000000000000000000000000000000000059
:10B7F0000000000000000000000000000000000049
:10B800000000000000000000000000000000000038
:10B810000000000000000000000000000000000028
:10B820000000000000000000000000000000000018
:10B83000000018C600F800F800F800F800F800F85A
:10B8400000F800F800F800F800F800F800F800F838
:10B8500000F800F800F800F818C60000000000002A
:10B8600000000000000000000000000000000000D8
:10B8700000000000000000000000000000000000C8
:10B8800000000000000000000000000000000000B8
:10B8900000000000000000000000000000000000A8
:10B8A0000000000000000000000000000000000098
:10B8B0000000000000000000000000000000000088
:10B8C0000000000000000000000000000000000078
:10B8D0000000000000000000000000000000000068
:10B8E0000000000000000000000000000000000058
:10B8F0000000000000000000000000000000000048
:10B9000000000000108400000000000000000000A3
:10B910000000000000000000000000000000000027
:10B92000000018C600F800F800F800F800F800F869
:10B9300000F800F800F800F800F800F800F800F847
:10B9400000F800F800F800F8108400000000000083
:10B9500000000000000000000000000000000000E7
:10B9600000000000000000000000000000000000D7
:10B9700000000000000000000000000000000000C7
:10B9800000000000000000000000000000000000B7
:10B9900000000000000000000000000000000000A7
:10B9A0000000000000000000000000000000000097
:10B9B0000000000000000000000000000000000087
:10B9C0000000000000000000000000000000000077
:10B9D0000000000000000000000000000000000067
:10B9E000000000000000000000000000108410842F
:10B9F00018C6FF07FF071004100400000000000035
:10BA00000000000000000000000000000000000036
:10BA10000000108418C618C618C600F800F800F810
:10BA200000F800F800F800F800F800F800F800F856
:10BA300000F800F800F800F800F81084000000009A
:10BA400000000000000000000000000000000000F6
:10BA500000000000000000000000000000000000E6
:10BA600000000000000000000000000000000000D6
:10BA700000000000000000000000000000000000C6
:10BA800000000000000000000000000000000000B6
:10BA900000000000000000000000000000000000A6
:10BAA0000000000000000000000000000000000096
:10BAB0000000000000000000000000000000000086
:10BAC0000000000000000000000000000000000076
:10BAD0000000000010841084108418C6FF07FF07C0
:10BAE000FF07FF07FF07100410040000000000001C
:10BAF0000000000000000000000000000000000046
:10BB00000000000000000000000018C600F800F867
:10BB100000F800F800F800F800F800F800F800F865
:10BB200000F800F800F800F800F8108400000000A9
:10BB30000000000000000000000000000000000005
:10BB400000000000000000000000000000000000F5
:10BB500000000000000000000000000000000000E5
:10BB600000000000000000000000000000000000D5
:10BB700000000000000000000000000000000000C5
:10BB800000000000000000000000000000000000B5
:10BB900000000000000000000000000000000000A5
:10BBA0000000000000000000000000000000000095
:10BBB0000000000000000000000000000000000085
:10BBC00000001084FF07FF07FF07FF07FF07FF07BD
:10BBD000FF07FF07FF07100410040000000000002B
:10BBE0000000000000000000000000000000000055
:10BBF00000000000000000000000000018C618C689
:10BC000000F800F800F800F800F800F800F800F874
:10BC100000F800F800F800F800F8108400000000B8
:10BC20000000000000000000000000000000000014
:10BC30000000000000000000000000000000000004
:10BC400000000000000000000000000000000000F4
:10BC500000000000000000000000000000000000E4
:10BC600000000000000000000000000000000000D4
:10BC700000000000000000000000000000000000C4
:10BC800000000000000000000000000000000000B4
:10BC900000000000000000000000000000000000A4
:10BCA0000000000000000000000000000000108400
:10BCB0001084FF07FF07FF07FF07FF07FF07FF07C6
:10BCC000FF07FF07FF07100410040000000000003A
:10BCD0000000000000000000000000000000000064
:10BCE000000000000000000000000000100410042C
:10BCF00000F800F800F800F800F800F800F800F884
:10BD000000F800F800F800F800F8108400000000C7
:10BD10000000000000000000000000000000000023
:10BD20000000000000000000000000000000000013
:10BD30000000000000000000000000000000000003
:10BD400000000000000000000000000000000000F3
:10BD500000000000000000000000000000000000E3
:10BD600000000000000000000000000000000000D3
:10BD700000000000000000000000000000000000C3
:10BD800000000000000000000000000000000000B3
:10BD90000000000000000000000000001084FF0709
:10BDA000FF07FF07FF07FF07FF07FF07FF07FF0763
:10BDB000FF07FF07FF071004100400000000000049
:10BDC0000000000000000000000000000000000073
:10BDD0000000000000000000000000000000000063
:10BDE00018C600F800F800F800F800F800F800F8AD
:10BDF00000F800F800F800F800F818C6000000008D
:10BE00000000000000000000000000000000000032
:10BE10000000000000000000000000000000000022
:10BE20000000000000000000000000000000000012
:10BE30000000000000000000000000000000000002
:10BE400000000000000000000000000000000000F2
:10BE500000000000000000000000000000000000E2
:10BE600000000000000000000000000000000000D2
:10BE700000000000000000000000000000000000C2
:10BE800000000000000000000000000018C6FF07CE
:10BE9000FF07FF07FF07FF07FF07FF07FF07FF0772
:10BEA000FF07FF07FF071004100400000000000058
:10BEB0000000000000000000000000000000000082
:10BEC0000000000000000000000000000000000072
:10BED000108400F800F800F800F800F800F800F806
:10BEE00000F800F800F800F800F8108400000000E6
:10BEF0000000000000000000000000000000000042
:10BF00000000000000000000000000000000000031
:10BF10000000000000000000000000000000000021
:10BF20000000000000000000000000000000000011
:10BF30000000000000000000000000000000000001
:10BF400000000000000000000000000000000000F1
:10BF500000000000000000000000000000000000E1
:10BF600000000000000000000000000000000000D1
:10BF70000000000000000000000018C6FF07FF07D7
:10BF8000FF07FF07FF07FF07FF07FF07FF07FF0781
:10BF9000FF07FF07FF071004100400000000000067
:10BFA0000000000000000000000000000000000091
:10BFB0000000000000000000000000000000000081
:10BFC000108400F800F800F800F800F800F800F815
:10BFD00000F800F800F800F800F8108400000000F5
:10BFE0000000000000000000000000000000000051
:10BFF0000000000000000000000000000000000041
:10C000000000000000000000000000000000000030
:10C010000000000000000000000000000000000020
:10C020000000000000000000000000000000000010
:10C030000000000000000000000000000000000000
:10C0400000000000000000000000000000000000F0
:10C0500000000000000000000000000000000000E0
:10C0600000000000000000001084FF07FF07FF072A
:10C07000FF07FF07FF07FF07FF07FF07FF07FF0790
:10C08000FF07FF07FF071004100400000000000076
:10C0900000000000000000000000000000000000A0
:10C0A0000000000000000000000000000000000090
:10C0B000108400F800F800F800F800F800F800F824
:10C0C00000F800F800F800F800F810840000000004
:10C0D0000000000000000000000000000000000060
:10C0E0000000000000000000000000000000000050
:10C0F0000000000000000000000000000000000040
:10C10000000000000000000000000000000000002F
:10C11000000000000000000000000000000000001F
:10C12000000000000000000000000000000000000F
:10C1300000000000000000000000000000000000FF
:10C1400000000000000000000000000000000000EF
:10C1500000000000000000001084FF07FF07FF0739
:10C16000FF07FF07FF07FF07FF07FF07FF07FF079F
:10C17000FF07FF07FF071004100400000000000085
:10C1800000000000000000000000000000000000AF
:10C19000000000000000000000000000000000009F
:10C1A000108400F800F800F800F800F800F800F833
:10C1B00000F800F800F800F800F810840000000013
:10C1C000000000000000000000000000000000006F
:10C1D000000000000000000000000000000000005F
:10C1E000000000000000000000000000000000004F
:10C1F000000000000000000000000000000000003F
:10C20000000000000000000000000000000000002E
:10C21000000000000000000000000000000000001E
:10C22000000000000000000000000000000000000E
:10C2300000000000000000000000000000000000FE
:10C240000000000000000000FF07FF07FF07FF07D6
:10C25000FF07FF07FF07FF07FF07FF07FF07FF07AE
:10C26000FF07FF07FF071004100400000000000094
:10C2700000000000000000000000000000000000BE
:10C2800000000000000000000000000000000000AE
:10C29000108400F800F800F800F800F800F800F842
:10C2A00000F800F800F800F800F810840000000022
:10C2B000000000000000000000000000000000007E
:10C2C000000000000000000000000000000000006E
:10C2D000000000000000000000000000000000005E
:10C2E000000000000000000000000000000000004E
:10C2F000000000000000000000000000000000003E
:10C30000000000000000000000000000000000002D
:10C31000000000000000000000000000000000001D
:10C32000000000000000000000000000000000000D
:10C330000000000010841084FF07FF07FF07FF07BD
:10C34000FF07FF07FF07FF07FF07FF07FF07FF07BD
:10C35000FF07FF07FF0710041004000000000000A3
:10C3600000000000000000000000000000000000CD
:10C3700000000000000000000000000000000000BD
:10C3800018C600F800F800F800F800F800F800F807
:10C3900000F800F800F800F800F818C600000000E7
:10C3A000000000000000000000000000000000008D
:10C3B000000000000000000000000000000000007D
:10C3C000000000000000000000000000000000006D
:10C3D000000000000000000000000000000000005D
:10C3E000000000000000000000000000000000004D
:10C3F000000000000000000000000000000000003D
:10C40000000000000000000000000000000000002C
:10C41000000000000000000000000000000000001C
:10C420000000000018C618C6FF07FF07FF07FF0738
:10C43000FF07FF07FF07FF07FF07FF07FF07FF07CC
:10C44000FF07FF07FF0710041004000000000000B2
:10C4500000000000000000000000000000000000DC
:10C4600000000000000000000000000000000000CC
:10C47000108400F800F800F800F800F800F800F860
:10C4800000F800F800F800F800F818C600000000F6
:10C49000000000000000000000000000000000009C
:10C4A000000000000000000000000000000000008C
:10C4B000000000000000000000000000000000007C
:10C4C000000000000000000000000000000000006C
:10C4D000000000000000000000000000000000005C
:10C4E000000000000000000000000000000000004C
:10C4F000000000000000000000000000000000003C
:10C50000000000000000000000000000000000002B
:10C5100000000080FF07FF07FF07FF07FF07FF0777
:10C52000FF07FF07FF07FF07FF07FF07FF07FF07DB
:10C53000FF07FF07FF0710041004000000000000C1
:10C5400000000000000000000000000000000000EB
:10C5500000000000000000000000000018C618C61F
:10C5600000F800F800F800F800F800F800F800F80B
:10C5700000F800F800F800F800F81084000000004F
:10C5800000000000000000000000000000000000AB
:10C59000000000000000000000000000000000009B
:10C5A000000000000000000000000000000000008B
:10C5B000000000000000000000000000000000007B
:10C5C000000000000000000000000000000000006B
:10C5D000000000000000000000000000000000005B
:10C5E000000000000000000000000000000000004B
:10C5F000000000000000000000000000000000003B
:10C6000000001084FF07FF07FF07FF07FF07FF0772
:10C61000FF07FF07FF07FF07FF07FF07FF07FF07EA
:10C62000FF07FF07FF0710041004000000000000D0
:10C6300000000000000000000000000000000000FA
:10C6400000000000000000000000108400F800F866
:10C6500000F800F800F800F800F800F800F800F81A
:10C6600000F800F800F800F800F81084000000005E
:10C6700000000000000000000000000000000000BA
:10C6800000000000000000000000000000000000AA
:10C69000000000000000000000000000000000009A
:10C6A000000000000000000000000000000000008A
:10C6B000000000000000000000000000000000007A
:10C6C000000000000000000000000000000000006A
:10C6D000000000000000000000000000000000005A
:10C6E000000000000000000000000000000000004A
:10C6F00000001084FF07FF07FF07FF07FF07FF0782
:10C70000FF07FF07FF07FF07FF07FF07FF07FF07F9
:10C71000FF07FF07FF0710041004000000000000DF
:10C720000000000000000000000000000000000009
:10C730000000108418C618C618C600F800F800F8E3
:10C7400000F800F800F800F800F800F800F800F829
:10C7500000F800F800F800F800F81084000000006D
:10C7600000000000000000000000000000000000C9
:10C7700000000000000000000000000000000000B9
:10C7800000000000000000000000000000000000A9
:10C790000000000000000000000000000000000099
:10C7A0000000000000000000000000000000000089
:10C7B0000000000000000000000000000000000079
:10C7C0000000000000000000000000000000000069
:10C7D0000000000000000000000000000000000059
:10C7E0000000FF07FF07FF07FF07FF07FF07FF071F
:10C7F000FF07FF07FF07FF07FF07FF07FF07FF0709
:10C80000FF0718C6108400000000000000000000B0
:10C810000000000000000000000000000000000018
:10C82000000018C600F800F800F800F800F800F85A
:10C8300000F800F800F800F800F800F800F800F838
:10C8400000F800F800F800F8108400000000000074
:10C8500000000000000000000000000000000000D8
:10C8600000000000000000000000000000000000C8
:10C8700000000000000000000000000000000000B8
:10C8800000000000000000000000000000000000A8
:10C890000000000000000000000000000000000098
:10C8A0000000000000000000000000000000000088
:10C8B0000000000000000000000000000000000078
:10C8C0000000000000000000000000000000000068
:10C8D0000000FF07FF07FF07FF07FF07FF07FF072E
:10C8E000FF07FF07FF07FF07FF07FF07FF07FF0718
:10C8F00018C600000000000000000000000000005A
:10C900000000000000000000000000000000000027
:10C91000000018C600F800F800F800F800F800F869
:10C9200000F800F800F800F800F800F800F800F847
:10C9300000F800F800F800F818C600000000000039
:10C9400000000000000000000000000000000000E7
:10C9500000000000000000000000000000000000D7
:10C9600000000000000000000000000000000000C7
:10C9700000000000000000000000000000000000B7
:10C9800000000000000000000000000000000000A7
:10C990000000000000000000000000000000000097
:10C9A0000000000000000000000000000000000087
:10C9B000000000000000000000000000108410844F
:10C9C0001084FF07FF07FF07FF07FF07FF07FF07A9
:10C9D000FF07FF07FF07FF07FF07FF07FF07FF0727
:10C9E0000000000000000000000000000000000047
:10C9F0000000000000000000000000000000000037
:10CA0000000018C600F800F800F800F800F800F878
:10CA100000F800F800F800F800F800F800F800F856
:10CA200000F800F800F800F8108400000000000092
:10CA300000000000000000000000000000000000F6
:10CA400000000000000000000000000000000000E6
:10CA500000000000000000000000000000000000D6
:10CA600000000000000000000000000000000000C6
:10CA700000000000000000000000000000000000B6
:10CA800000000000000000000000000000000000A6
:10CA90000000000000000000000000000000000096
:10CAA000000000000000000000000000108410845E
:10CAB0001084FF07FF07FF07FF07FF07FF07FF07B8
:10CAC000FF07FF07FF07FF07FF07FF07108410841A
:10CAD0000000000000000000000000000000000056
:10CAE0000000000000000000000000000000000046
:10CAF000000018C600F800F800F800F800F800F888
:10CB000000F800F800F800F800F800F800F800F865
:10CB100000F800F800F800F81084000000000000A1
:10CB20000000000000000000000000000000000005
:10CB300000000000000000000000000000000000F5
:10CB400000000000000000000000000000000000E5
:10CB500000000000000000000000000000000000D5
:10CB600000000000000000000000000000000000C5
:10CB700000000000000000000000000000000000B5
:10CB800000000000000000000000000000000000A5
:10CB9000000000000000000000000000108410846D
:10CBA0001084FF07FF07FF07FF07FF07FF07FF07C7
:10CBB000FF07FF07FF07FF07FF07FF071084108429
:10CBC0000000000000000000000000000000000065
:10CBD0000000000000000000000000000000000055
:10CBE000000018C600F800F800F800F800F800F897
:10CBF00000F800F800F800F800F800F800F800F875
:10CC000000F800F818C618C6000000000000000078
:10CC10000000000000000000000000000000000014
:10CC20000000000000000000000000000000000004
:10CC300000000000000000000000000000000000F4
:10CC400000000000000000000000000000000000E4
:10CC500000000000000000000000000000000000D4
:10CC600000000000000000000000000000000000C4
:10CC700000000000000000000000000000000000B4
:10CC8000000000000000000000000000108410847C
:10CC90001084FF07FF07FF07FF07FF07FF07FF07D6
:10CCA000FF07FF07FF07FF07FF07FF070000000060
:10CCB0000000000000000000000000000000000074
:10CCC0000000000000000000000000000000000064
:10CCD000000018C600F800F800F800F800F800F8A6
:10CCE00000F800F800F800F800F800F800F800F884
:10CCF00000F800F81084108400000000000000001C
:10CD00000000000000000000000000000000000023
:10CD10000000000000000000000000000000000013
:10CD20000000000000000000000000000000000003
:10CD300000000000000000000000000000000000F3
:10CD400000000000000000000000000000000000E3
:10CD500000000000000000000000000000000000D3
:10CD600000000000000000000000000000000000C3
:10CD7000000000000000000000000000108410848B
:10CD80001084FF07FF07FF07FF07FF07FF07FF07E5
:10CD9000FF07FF07FF07FF07FF0710040000000061
:10CDA0000000000000000000000000000000000083
:10CDB0000000000000000000000000000000000073
:10CDC000000018C600F800F800F800F800F800F8B5
:10CDD00000F800F800F800F800F800F800F800F893
:10CDE00000F818C60000000000000000000000006D
:10CDF0000000000000000000000000000000000033
:10CE00000000000000000000000000000000000022
:10CE10000000000000000000000000000000000012
:10CE20000000000000000000000000000000000002
:10CE300000000000000000000000000000000000F2
:10CE400000000000000000000000000000000000E2
:10CE500000000000000000000000000000000000D2
:10CE6000000000000000000000000000108410849A
:10CE70001084FF07FF07FF07FF07FF07FF07FF07F4
:10CE8000FF07FF07FF07FF07FF0710040000000070
:10CE90000000000000000000000000000000000092
:10CEA0000000000000000000000000000000000082
:10CEB000000018C600F800F800F800F800F800F8C4
:10CEC00000F800F800F800F800F800F800F800F8A2
:10CED00000F818C60000000000000000000000007C
:10CEE0000000000000000000000000000000000042
:10CEF0000000000000000000000000000000000032
:10CF00000000000000000000000000000000000021
:10CF10000000000000000000000000000000000011
:10CF20000000000000000000000000000000000001
:10CF300000000000000000000000000000000000F1
:10CF400000000000000000000000000000000000E1
:10CF500000000000000000000000000010841084A9
:10CF60001084FF07FF07FF07FF07FF07FF07FF0703
:10CF7000FF07FF07FF07FF07FF071004000000007F
:10CF800000000000000000000000000000000000A1
:10CF90000000000000000000000000000000000091
:10CFA000000018C600F800F800F800F800F800F8D3
:10CFB00000F800F800F800F800F800F818C618C6E5
:10CFC00018C6000000000000000000000000000083
:10CFD0000000000000000000000000000000000051
:10CFE0000000000000000000000000000000000041
:10CFF0000000000000000000000000000000000031
:10D000000000000000000000000000000000000020
:10D010000000000000000000000000000000000010
:10D020000000000000000000000000000000000000
:10D0300000000000000000000000000000000000F0
:10D0400000000000000000000000000010841084B8
:10D050001084FF07FF07FF07FF07FF07FF07FF0712
:10D06000FF07FF07FF07FF07FF07FF07000000009C
:10D0700000000000000000000000000000000000B0
:10D0800000000000000000000000000000000000A0
:10D09000000018C600F800F800F800F800F800F8E2
:10D0A00000F800F800F800F800F800F81084108488
:10D0B00010840000000000000000000000000000DC
:10D0C0000000000000000000000000000000000060
:10D0D0000000000000000000000000000000000050
:10D0E0000000000000000000000000000000000040
:10D0F0000000000000000000000000000000000030
:10D10000000000000000000000000000000000001F
:10D11000000000000000000000000000000000000F
:10D1200000000000000000000000000000000000FF
:10D1300000000000000000000000000010841084C7
:10D140001084FF07FF07FF07FF07FF07FF07FF0721
:10D15000FF07FF07FF07FF07FF07FF071084108483
:10D1600000000000000000000000000000000000BF
:10D1700000000000000000000000000000000000AF
:10D18000000018C600F800F800F800F800F800F8F1
:10D1900000F800F800F800F800F818C600000000D9
:10D1A000000000000000000000000000000000007F
:10D1B000000000000000000000000000000000006F
:10D1C000000000000000000000000000000000005F
:10D1D000000000000000000000000000000000004F
:10D1E000000000000000000000000000000000003F
:10D1F000000000000000000000000000000000002F
:10D20000000000000000000000000000000000001E
:10D21000000000000000000000000000000000000E
:10D2200000000000000000000000000010841084D6
:10D230001084FF07FF07FF07FF07FF07FF07FF0730
:10D24000FF07FF07FF07FF07FF07FF071084108492
:10D2500000000000000000000000000000000000CE
:10D2600000000000000000000000000000000000BE
:10D27000000018C600F800F800F800F800F800F800
:10D2800000F800F800F818C618C6000000000000FA
:10D29000000000000000000000000000000000008E
:10D2A000000000000000000000000000000000007E
:10D2B000000000000000000000000000000000006E
:10D2C000000000000000000000000000000000005E
:10D2D000000000000000000000000000000000004E
:10D2E000000000000000000000000000000000003E
:10D2F000000000000000000000000000000000002E
:10D30000000000000000000000000000000000001D
:10D3100000000000000000000000000010841084E5
:10D320001084FF07FF07FF07FF07FF07FF07FF073F
:10D33000FF07FF07FF07FF07FF07FF07FF07FF07BD
:10D3400000000000000000000000000000000000DD
:10D3500000000000000000000000000000000000CD
:10D36000000018C600F800F800F800F800F800F80F
:10D3700000F800F818C600000000000000000000DF
:10D38000000000000000000000000000000000009D
:10D39000000000000000000000000000000000008D
:10D3A000000000000000000000000000000000007D
:10D3B000000000000000000000000000000000006D
:10D3C000000000000000000000000000000000005D
:10D3D000000000000000000000000000000000004D
:10D3E000000000000000000000000000000000003D
:10D3F000000000000000000000000000000000002D
:10D40000000000000000000000000000000000001C
:10D410000000FF07FF07FF07FF07FF07FF07FF07E2
:10D42000FF07FF07FF07FF07FF07FF07FF07FF07CC
:10D4300018C600000000000000000000000000000E
:10D4400000000000000000000000000000000000DC
:10D45000000018C600F800F800F800F800F800F81E
:10D4600018C618C600000000000000000000000000
:10D4700000000000000000000000000000000000AC
:10D48000000000000000000000000000000000009C
:10D49000000000000000000000000000000000008C
:10D4A000000000000000000000000000000000007C
:10D4B000000000000000000000000000000000006C
:10D4C000000000000000000000000000000000005C
:10D4D000000000000000000000000000000000004C
:10D4E000000000000000000000000000000000003C
:10D4F000000000000000000000000000000000002C
:10D500000000FF07FF07FF07FF07FF07FF07FF07F1
:10D51000FF07FF07FF07FF07FF07FF07FF07FF07DB
:10D52000FF0718C610840000000000000000000083
:10D5300000000000000000000000000000000000EB
:10D54000000018C600F800F800F818C618C618C67B
:10D5500000000000000000000000000000000000CB
:10D5600000000000000000000000000000000000BB
:10D5700000000000000000000000000000000000AB
:10D58000000000000000000000000000000000009B
:10D59000000000000000000000000000000000008B
:10D5A000000000000000000000000000000000007B
:10D5B000000000000000000000000000000000006B
:10D5C000000000000000000000000000000000005B
:10D5D000000000000000000000000000000000004B
:10D5E000000000000000000000000000000000003B
:10D5F00000001084FF07FF07FF07FF07FF07FF0773
:10D60000FF07FF07FF07FF07FF07FF07FF07FF07EA
:10D61000FF07FF07FF0710041004000000000000D0
:10D6200000000000000000000000000000000000FA
:10D63000000010841084108410840000000000009A
:10D6400000000000000000000000000000000000DA
:10D6500000000000000000000000000000000000CA
:10D6600000000000000000000000000000000000BA
:10D6700000000000000000000000000000000000AA
:10D68000000000000000000000000000000000009A
:10D69000000000000000000000000000000000008A
:10D6A000000000000000000000000000000000007A
:10D6B000000000000000000000000000000000006A
:10D6C000000000000000000000000000000000005A
:10D6D000000000000000000000000000000000004A
:10D6E00000001084FF07FF07FF07FF07FF07FF0782
:10D6F000FF07FF07FF07FF07FF07FF07FF07FF07FA
:10D70000FF07FF07FF0710041004000000000000DF
:10D710000000000000000000000000000000000009
:10D7200000000000000000000000000000000000F9
:10D7300000000000000000000000000000000000E9
:10D7400000000000000000000000000000000000D9
:10D7500000000000000000000000000000000000C9
:10D7600000000000000000000000000000000000B9
:10D7700000000000000000000000000000000000A9
:10D780000000000000000000000000000000000099
:10D790000000000000000000000000000000000089
:10D7A0000000000000000000000000000000000079
:10D7B0000000000000000000000000000000000069
:10D7C0000000000000000000000000000000000059
:10D7D00000000000FF07FF07FF07FF07FF07FF0725
:10D7E000FF07FF07FF07FF07FF07FF07FF07FF0709
:10D7F000FF07FF07FF0710041004000000000000EF
:10D800000000000000000000000000000000000018
:10D810000000000000000000000000000000000008
:10D8200000000000000000000000000000000000F8
:10D8300000000000000000000000000000000000E8
:10D8400000000000000000000000000000000000D8
:10D8500000000000000000000000000000000000C8
:10D8600000000000000000000000000000000000B8
:10D8700000000000000000000000000000000000A8
:10D880000000000000000000000000000000000098
:10D890000000000000000000000000000000000088
:10D8A0000000000000000000000000000000000078
:10D8B0000000000000000000000000000000000068
:10D8C0000000000018C618C6FF07FF07FF07FF0784
:10D8D000FF07FF07FF07FF07FF07FF07FF07FF0718
:10D8E000FF07FF07FF0710041004000000000000FE
:10D8F0000000000000000000000000000000000028
:10D900000000000000000000000000000000000017
:10D910000000000000000000000000000000000007
:10D9200000000000000000000000000000000000F7
:10D9300000000000000000000000000000000000E7
:10D9400000000000000000000000000000000000D7
:10D9500000000000000000000000000000000000C7
:10D9600000000000000000000000000000000000B7
:10D9700000000000000000000000000000000000A7
:10D980000000000000000000000000000000000097
:10D990000000000000000000000000000000000087
:10D9A0000000000000000000000000000000000077
:10D9B0000000000010841084FF07FF07FF07FF0727
:10D9C000FF07FF07FF07FF07FF07FF07FF07FF0727
:10D9D000FF07FF07FF07100410040000000000000D
:10D9E0000000000000000000000000000000000037
:10D9F0000000000000000000000000000000000027
:10DA00000000000000000000000000000000000016
:10DA10000000000000000000000000000000000006
:10DA200000000000000000000000000000000000F6
:10DA300000000000000000000000000000000000E6
:10DA400000000000000000000000000000000000D6
:10DA500000000000000000000000000000000000C6
:10DA600000000000000000000000000000000000B6
:10DA700000000000000000000000000000000000A6
:10DA80000000000000000000000000000000000096
:10DA90000000000000000000000000000000000086
:10DAA0000000000000000000FF07FF07FF07FF075E
:10DAB000FF07FF07FF07FF07FF07FF07FF07FF0736
:10DAC000FF07FF07FF07100410040000000000001C
:10DAD0000000000000000000000000000000000046
:10DAE0000000000000000000000000000000000036
:10DAF0000000000000000000000000000000000026
:10DB00000000000000000000000000000000000015
:10DB10000000000000000000000000000000000005
:10DB200000000000000000000000000000000000F5
:10DB300000000000000000000000000000000000E5
:10DB400000000000000000000000000000000000D5
:10DB500000000000000000000000000000000000C5
:10DB600000000000000000000000000000000000B5
:10DB700000000000000000000000000000000000A5
:10DB80000000000000000000000000000000000095
:10DB9000000000000000000018C6FF07FF07FF0795
:10DBA000FF07FF07FF07FF07FF07FF07FF07FF0745
:10DBB000FF07FF07FF07100410040000000000002B
:10DBC0000000000000000000000000000000000055
:10DBD00000000000108410841084108410841084CD
:10DBE0000000000000000000000010841084108479
:10DBF000108410840000000000000000108418C68B
:10DC000018C6000000000000000018C60000000058
:10DC1000000000001084108410841084108410848C
:10DC20001084000000000000000010841084000038
:10DC300000000000000000000000000010841084BC
:10DC4000108400000000108410841084108410845C
:10DC50001084108400000000000000000000108408
:10DC60001084108418C618C618C618C60000000014
:10DC700000000000000000000000000000000000A4
:10DC800000000000000000001084FF07FF07FF07EE
:10DC9000FF07FF07FF07FF07FF07FF07FF07FF0754
:10DCA000FF07FF07FF07100410040000000000003A
:10DCB0000000000000000000000000000000000064
:10DCC00000001084108410841084FFFF18C618C64A
:10DCD0001084000000000000000018C618C618C616
:10DCE00018C618C610841084000000001084FFFFBE
:10DCF000FFFF000000000000000018C60000000048
:10DD000000000000108418C618C618C610841084BD
:10DD1000108400000000000000001084FFFF0000DD
:10DD200000000000000000000000000010841084CB
:10DD3000FFFF000000001084108418C6FFFFFFFFE3
:10DD4000FFFF1084108410840000000010841084F1
:10DD50001084FFFF18C618C618C618C600000000B9
:10DD600000000000000000000000000000000000B3
:10DD70000000000000000000000018C6FF07FF07B9
:10DD8000FF07FF07FF07FF07FF07FF07FF07FF0763
:10DD9000FF07FF07FF071004100400000000000049
:10DDA0000000000000000000000000000000000073
:10DDB00000001084FFFFFFFFFFFF18C618C618C63B
:10DDC00010840000000010841084108410841084DB
:10DDD0001084108410841084000000001084FFFF61
:10DDE000FFFF0000000000000000FFFF0000000037
:10DDF0000000000018C61084108410841084108461
:10DE000010841084000000000000108418C6000078
:10DE100000000000000000000000000010841084DA
:10DE200018C60000000010841084FFFF18C618C632
:10DE300018C6FFFF18C618C600000000108418C6D8
:10DE400018C6108410841084108418C600000000C6
:10DE500000000000000000000000000000000000C2
:10DE6000000000000000000000000000FF07FF07A6
:10DE7000FF07FF07FF07FF07FF07FF07FF07FF0772
:10DE8000FF07FF07FF071004100400000000000058
:10DE90000000000000000000000000000000000082
:10DEA0000000FFFF10841084108400001084108490
:10DEB00000000000000018C618C618C600000000C8
:10DEC0000000000018C618C6000000001084FFFF04
:10DED000FFFF0000000000000000FFFF0000000046
:10DEE0000000000018C61084108400001084108404
:10DEF00010841084000000000000108418C6000088
:10DF000000000000000000000000000010841084E9
:10DF100018C6000000001084108418C6000000001D
:10DF20000000108418C618C60000000018C610842F
:10DF300010840000108410841084FFFF0000000093
:10DF400000000000000000000000000000000000D1
:10DF50000000000000000000000000001084FF0727
:10DF6000FF07FF07FF07FF07FF07FF07FF07FF0781
:10DF7000FF07FF07FF071004100400000000000067
:10DF80000000000000000000000000000000000091
:10DF90000000FFFF108410841084000000000000C7
:10DFA00000000000000018C618C610840000000021
:10DFB0000000108418C618C6000000001084FFFF7F
:10DFC000FFFF0000000000000000FFFF0000000055
:10DFD0000000000018C61084108400001084108413
:10DFE00010841084000000000000108418C6000097
:10DFF00000000000000000000000000010841084F9
:10E0000018C60000000018C618C6108400000000E2
:10E0100000001084FFFFFFFF000000001084108448
:10E020001084000010841084108418C600000000C2
:10E0300000000000000000000000000000000000E0
:10E04000000000000000000000000000000018C6F2
:10E0500018C6FF07FF07FF07FF07FF07FF07FF07B8
:10E06000FF07FF07FF071004100400000000000076
:10E0700000000000000000000000000000000000A0
:10E080000000FFFF108410841084000000000000D6
:10E0900000000000000018C618C610840000000030
:10E0A0000000108418C618C600000000000018C642
:10E0B00018C6000000000000000018C600000000A4
:10E0C0000000000018C61084108400001084108422
:10E0D00010841084000000000000108418C60000A6
:10E0E0000000000000000000000000001084108408
:10E0F00018C60000000018C618C6108400000000F2
:10E1000000001084FFFFFFFF000000001084108457
:10E1100010840000108410841084FFFF00000000B1
:10E1200000000000000000000000000000000000EF
:10E1300000000000000000000000000000000000DF
:10E1400000001084FF07FF07FF07FF07FF07FF0717
:10E15000FF07FF07FF071004100400000000000085
:10E1600000000000000000000000000000000000AF
:10E170000000108418C618C618C600001084108449
:10E180001084000000001084108418C600000000F5
:10E190000000108418C618C6000000001084108407
:10E1A0001084108410841084108418C600000000AD
:10E1B0000000000018C61084108400001084108431
:10E1C00010841084000000000000108418C60000B5
:10E1D0000000000000000000000000001084108417
:10E1E00018C60000000018C618C610840000000001
:10E1F00000001084FFFFFFFF0000000018C618C6D3
:10E2000018C60000108410841084FFFF0000000076
:10E2100000000000000000000000000000000000FE
:10E2200000000000000000000000000000000000EE
:10E230000000000010841084108418C6FF07FF0738
:10E24000FF07FF07FF071004100400000000000094
:10E2500000000000000000000000000000000000BE
:10E260000000108418C618C618C6108418C618C630
:10E270001084000000001084108410841084108426
:10E28000108418C61084108400000000000018C616
:10E2900018C61084108410841084FFFF0000000052
:10E2A0000000000018C61084108418C61084108462
:10E2B000108410840000000000001084FFFF108410
:10E2C00010841084000000000000000010841084FE
:10E2D00018C60000000018C618C610840000000010
:10E2E00000001084FFFFFFFF00000000108418C62C
:10E2F00018C6108418C618C618C618C60000000034
:10E30000000000000000000000000000000000000D
:10E3100000000000000000000000000000000000FD
:10E3200000000000000000000000000018C618C631
:10E3300018C6FF07FF0710041004000000000000CB
:10E3400000000000000000000000000000000000CD
:10E350000000000010841084108418C618C618C667
:10E360000000000000000000000018C618C618C613
:10E3700018C618C610841084000000000000108425
:10E380001084000010841084108400001084108415
:10E390000000000018C610841084108418C618C627
:10E3A00018C600000000000000001084FFFFFFFFFF
:10E3B000FFFF18C600000000000000001084108459
:10E3C000FFFF000000001084108410840000000093
:10E3D000000010841084108410840000000018C60F
:10E3E00018C6108410841084108418C60000000021
:10E3F000000000000000000000000000000000001D
:10E40000000000000000000000000000000000000C
:10E4100000000000000000000000000000000000FC
:10E420000000000010840000000000000000000058
:10E4300000000000000000000000000000000000DC
:10E440000000000000000000000010840000000038
:10E450000000000000000000000000001084108494
:10E460001084000000000000000000000000000018
:10E4700000001084108410841084108400000000B8
:10E480000000000018C610841084108400000000F2
:10E4900000000000000000000000108410841084C0
:10E4A000108410840000000000000000108410841C
:10E4B000108400000000108410841084000000000C
:10E4C0000000000010841084000000000000000024
:10E4D00000001084108410841084FFFF00000000EE
:10E4E000000000000000000000000000000000002C
:10E4F000000000000000000000000000000000001C
:10E50000000000000000000000000000000000000B
:10E5100000000000000000000000000000000000FB
:10E5200000000000000000000000000000000000EB
:10E5300000000000000000000000000000000000DB
:10E5400000000000000000000000000000000000CB
:10E5500000000000000000000000000000000000BB
:10E5600000000000000000000000000000000000AB
:10E570000000000018C61084108400000000000095
:10E58000000000000000000000000000000000008B
:10E59000000000000000000000000000000000007B
:10E5A000000000000000000000000000000000006B
:10E5B000000000000000000000000000000000005B
:10E5C0000000000018C618C618C61084000000001D
:10E5D000000000000000000000000000000000003B
:10E5E000000000000000000000000000000000002B
:10E5F000000000000000000000000000000000001B
:10E60000000000000000000000000000000000000A
:10E6100000000000000000000000000000000000FA
:10E6200000000000000000000000000000000000EA
:10E6300000000000000000000000000000000000DA
:10E6400000000000000000000000000000000000CA
:10E6500000000000000000000000000000000000BA
:10E660000000000018C610841084000000000000A4
:10E670000000000010841084000000000000000072
:10E680000000000000000000000000001084108462
:10E690000000000000000000000000001084108452
:10E6A000108400000000000000000000000018C6F8
:10E6B00018C6FFFF18C618C618C610840000000050
:10E6C000000000000000000000000000000000004A
:10E6D000000000000000000000000000000000003A
:10E6E000000000000000000000000000000000002A
:10E6F000000000000000000000000000000000001A
:10E700000000000000000000000000000000000009
:10E7100000000000000000000000000000000000F9
:10E7200000000000000000000000000000000000E9
:10E7300000000000000000000000000000000000D9
:10E7400000000000000000000000000000000000C9
:10E750000000000018C610841084000000000000B3
:10E760000000000018C618C6108400000000000059
:10E7700000000000108410841084108418C618C68D
:10E7800000000000000000000000108418C618C639
:10E7900018C618C61084108400000000108418C623
:10E7A00018C618C6108410841084000000000000F1
:10E7B0000000000000000000000000000000000059
:10E7C0000000000000000000000000000000000049
:10E7D0000000000000000000000000000000000039
:10E7E0000000000000000000000000000000000029
:10E7F0000000000000000000000000000000000019
:10E800000000000000000000000000000000000008
:10E8100000000000000000000000000000000000F8
:10E8200000000000000000000000000000000000E8
:10E8300000000000000000000000000000000000D8
:10E8400000000000000000000000000000000000C8
:10E850000000FFFF10841084FFFF00000000000094
:10E860000000000018C618C618C6108418C618C6BE
:10E870000000000000000000000000001084108470
:10E880001084108400000000000000000000000060
:10E890000000000000000000000000000000000078
:10E8A0000000000000000000000000000000000068
:10E8B0000000000000000000000000000000000058
:10E8C0000000000000000000000000000000000048
:10E8D0000000000000000000000000000000000038
:10E8E0000000000000000000000000000000000028
:10E8F0000000000000000000000000000000000018
:10E900000000000000000000000000000000000007
:10E9100000000000000000000000000000000000F7
:10E9200000000000000000000000000000000000E7
:10E9300000000000000000000000000000000000D7
:10E94000000000001084108410840000000000000B
:10E95000000000000000000000001084FFFFFFFF27
:10E9600000000000000000000000108410841084EB
:10E970001084108410841084000000000000000047
:10E980000000000000000000000000000000000087
:10E990000000000000000000000000000000000077
:10E9A0000000000000000000000000000000000067
:10E9B0000000000000000000000000000000000057
:10E9C0000000000000000000000000000000000047
:10E9D0000000000000000000000000000000000037
:10E9E0000000000000000000000000000000000027
:10E9F0000000000000000000000000000000000017
:10EA00000000000000000000000000000000000006
:10EA100000000000000000000000000000000000F6
:10EA200000000000000000000000000000000000E6
:10EA30000000000018C618C6108400000000000086
:10EA400000000000108410841084108418C618C6BA
:10EA500000000000000000000000000018C618C6FA
:10EA600018C618C6108410840000000000000000C2
:10EA70000000000000000000000000000000000096
:10EA80000000000000000000000000000000000086
:10EA90000000000000000000000000000000000076
:10EAA0000000000000000000000000000000000066
:10EAB0000000000000000000000000000000000056
:10EAC0000000000000000000000000000000000046
:10EAD0000000000000000000000000000000000036
:10EAE0000000000000000000000000000000000026
:10EAF0000000000000000000000000000000000016
:10EB00000000000000000000000000000000000005
:10EB100000000000000000000000000000000000F5
:10EB200000000000108410840000000000000000BD
:10EB300000000000000000000000000000000000D5
:10EB400000000000000000000000000000000000C5
:10EB500000000000000000000000000000000000B5
:10EB600000000000000000000000000000000000A5
:10EB70000000000000000000000000000000000095
:10EB80000000000000000000000000000000000085
:10EB90000000000000000000000000000000000075
:10EBA0000000000000000000000000000000000065
:10EBB0000000000000000000000000000000000055
:10EBC0000000000000000000000000000000000045
:10EBD0000000000000000000000000000000000035
:10EBE0000000000000000000000000000000000025
:10EBF0000000000000000000000000000000000015
:10EC00000000000000000000000000000000000004
:10EC100000000000000000000000000000000000F4
:10EC200000000000000000000000000000000000E4
:10EC300000000000000000000000000000000000D4
:10EC400000000000000000000000000000000000C4
:10EC500000000000000000000000000000000000B4
:10EC600000000000000000000000000000000000A4
:10EC70000000000000000000000000000000000094
:10EC80000000000000000000000000000000000084
:10EC90000000000000000000000000000000000074
:10ECA0000000000000000000000000000000000064
:10ECB0000000000000000000000000000000000054
:10ECC0000000000000000000000000000000000044
:10ECD0000000000000000000000000000000000034
:10ECE0000000000000000000000000000000000024
:10ECF0000000000000000000000000000000000014
:10ED00000000000000000000000000000000000003
:10ED100000000000000000000000000000000000F3
:10ED200000000000000000000000000000000000E3
:10ED300000000000000000000000000000000000D3
:10ED400000000000000000000000000000000000C3
:10ED500000000000000000000000000000000000B3
:10ED600000000000000000000000000000000000A3
:10ED70000000000000000000000000000000000093
:10ED80000000000000000000000000000000000083
:10ED90000000000000000000000000000000000073
:10EDA0000000000000000000000000000000000063
:10EDB0000000000000000000000000000000000053
:10EDC0000000000000000000000000000000000043
:10EDD0000000000000000000000000000000000033
:10EDE0000000000000000000000000000000000023
:10EDF0000000000000000000000000000000000013
:10EE00000000000000000000000000000000000002
:10EE100000000000000000000000000000000000F2
:10EE200000000000000000000000000000000000E2
:10EE300000000000000000000000000000000000D2
:10EE400000000000000000000000000000000000C2
:10EE500000000000000000000000000000000000B2
:10EE600000000000000000000000000000000000A2
:10EE70000000000000000000000000000000000092
:10EE80000000000000000000000000000000000082
:10EE90000000000000000000000000000000000072
:10EEA0000000000000000000000000000000000062
:10EEB0000000000000000000000000000000000052
:10EEC0000000000000000000000000000000000042
:10EED0000000000000000000000000000000000032
:10EEE0000000000000000000000000000000000022
:10EEF0000000000000000000000000000000000012
:10EF00000000000000000000000000000000000001
:10EF100000000000000000000000000000000000F1
:10EF200000000000000000000000000000000000E1
:10EF300000000000000000000000000000000000D1
:10EF400000000000000000000000000000000000C1
:10EF500000000000000000000000000000000000B1
:10EF600000000000000000000000000000000000A1
:10EF70000000000000000000000000000000000091
:10EF80000000000000000000000000000000000081
:10EF90000000000000000000000000000000000071
:10EFA0000000000000000000000000000000000061
:10EFB0000000000000000000000000000000000051
:10EFC0000000000000000000000000000000000041
:10EFD0000000000000000000000000000000000031
:10EFE0000000000000000000000000000000000021
:10EFF0000000000000000000000000000000000011
:10F000000000000000000000000000000000000000
:10F0100000000000000000000000000000000000F0
:10F0200000000000000000000000000000000000E0
:10F0300000000000000000000000000000000000D0
:10F0400000000000000000000000000000000000C0
:10F0500000000000000000000000000000000000B0
:10F0600000000000000000000000000000000000A0
:10F070000000000000000000000000000000000090
:10F080000000000000000000000000000000000080
:10F090000000000000000000000000000000000070
:10F0A0000000000000000000000000000000000060
:10F0B0000000000000000000000000000000000050
:10F0C0000000000000000000000000000000000040
:10F0D0000000000000000000000000000000000030
:10F0E0000000000000000000000000000000000020
:10F0F0000000000000000000000000000000000010
:10F1000000000000000000000000000000000000FF
:10F11000000000006072D548409F9F4880CB704837
:10F12000801F3748C05E0C4880D8D84700BBA8472E
:10F13000CD398447B3A95047B3BC2547667C044703
:10F140000020D546CD72AC469A578C4600B4654631
:10F15000CDFE3C4600401C4600E401468F10D945D8
:10F16000EC29B6459A91994500088245E1225D4512
:10F17000E1CE3C4529D8214585430B45C38DF0445C
:10F18000A480D0440060B544EC419E44148E8A446F
:10F1900000607344CD64564400000000000000008D
:10F1A000010203040607080900000000010203042D
:10F1B000D0F100080000002008010000EC43000826
:10F1C000D8F200080801002060340100FC43000868
:10F1D000000000000000000000000000100000001F
:10F1E0000100FFFF00000000000000000000000020
:10F1F000000000000000000000000000000000000F
:10F2000000000000000000000000000000000000FE
:10F2100000000000000000000000000000000000EE
:10F2200000000000000000000900000000000000D5
:10F2300000000000000000000000000000000000CE
:10F2400000000000000000000000000000000000BE
:10F2500000000000000000000000000000000000AE
:10F2600000000000AAAAAAAA0000000000000000F6
:10F27000000000000000000000000000000000008E
:10F28000000000000000000000000000000000007E
:10F29000000000000000000000000000000000006E
:10F2A000000000000000000000000000000000005E
:10F2B000000000000000000000000000000000004E
:10F2C000000000000000000000000000000000003E
:08F2D0000024F400000000001E
:04000005080001C529
:00000001FF
